統計項目,地區代碼,地區別,資料期(民國年),統計值(金額),計量單位
外銷訂單金額_美元,00,地區別總計,07301,2627,百萬美元
外銷訂單金額_美元,00,地區別總計,07302,2321,百萬美元
外銷訂單金額_美元,00,地區別總計,07303,2821,百萬美元
外銷訂單金額_美元,00,地區別總計,07304,2797,百萬美元
外銷訂單金額_美元,00,地區別總計,07305,2879,百萬美元
外銷訂單金額_美元,00,地區別總計,07306,2759,百萬美元
外銷訂單金額_美元,00,地區別總計,07307,2776,百萬美元
外銷訂單金額_美元,00,地區別總計,07308,2741,百萬美元
外銷訂單金額_美元,00,地區別總計,07309,2507,百萬美元
外銷訂單金額_美元,00,地區別總計,07310,2568,百萬美元
外銷訂單金額_美元,00,地區別總計,07311,2534,百萬美元
外銷訂單金額_美元,00,地區別總計,07312,2446,百萬美元
外銷訂單金額_美元,00,地區別總計,07401,2599,百萬美元
外銷訂單金額_美元,00,地區別總計,07402,2279,百萬美元
外銷訂單金額_美元,00,地區別總計,07403,2841,百萬美元
外銷訂單金額_美元,00,地區別總計,07404,2630,百萬美元
外銷訂單金額_美元,00,地區別總計,07405,2780,百萬美元
外銷訂單金額_美元,00,地區別總計,07406,2551,百萬美元
外銷訂單金額_美元,00,地區別總計,07407,2596,百萬美元
外銷訂單金額_美元,00,地區別總計,07408,2650,百萬美元
外銷訂單金額_美元,00,地區別總計,07409,2524,百萬美元
外銷訂單金額_美元,00,地區別總計,07410,2776,百萬美元
外銷訂單金額_美元,00,地區別總計,07411,2683,百萬美元
外銷訂單金額_美元,00,地區別總計,07412,2828,百萬美元
外銷訂單金額_美元,00,地區別總計,07501,3120,百萬美元
外銷訂單金額_美元,00,地區別總計,07502,2487,百萬美元
外銷訂單金額_美元,00,地區別總計,07503,3288,百萬美元
外銷訂單金額_美元,00,地區別總計,07504,3226,百萬美元
外銷訂單金額_美元,00,地區別總計,07505,3477,百萬美元
外銷訂單金額_美元,00,地區別總計,07506,3336,百萬美元
外銷訂單金額_美元,00,地區別總計,07507,3521,百萬美元
外銷訂單金額_美元,00,地區別總計,07508,3589,百萬美元
外銷訂單金額_美元,00,地區別總計,07509,3448,百萬美元
外銷訂單金額_美元,00,地區別總計,07510,3915,百萬美元
外銷訂單金額_美元,00,地區別總計,07511,3872,百萬美元
外銷訂單金額_美元,00,地區別總計,07512,3863,百萬美元
外銷訂單金額_美元,00,地區別總計,07601,3799,百萬美元
外銷訂單金額_美元,00,地區別總計,07602,3769,百萬美元
外銷訂單金額_美元,00,地區別總計,07603,4286,百萬美元
外銷訂單金額_美元,00,地區別總計,07604,4650,百萬美元
外銷訂單金額_美元,00,地區別總計,07605,4495,百萬美元
外銷訂單金額_美元,00,地區別總計,07606,4665,百萬美元
外銷訂單金額_美元,00,地區別總計,07607,4644,百萬美元
外銷訂單金額_美元,00,地區別總計,07608,4530,百萬美元
外銷訂單金額_美元,00,地區別總計,07609,4720,百萬美元
外銷訂單金額_美元,00,地區別總計,07610,4680,百萬美元
外銷訂單金額_美元,00,地區別總計,07611,4684,百萬美元
外銷訂單金額_美元,00,地區別總計,07612,4819,百萬美元
外銷訂單金額_美元,00,地區別總計,07701,4624,百萬美元
外銷訂單金額_美元,00,地區別總計,07702,4309,百萬美元
外銷訂單金額_美元,00,地區別總計,07703,5174,百萬美元
外銷訂單金額_美元,00,地區別總計,07704,5275,百萬美元
外銷訂單金額_美元,00,地區別總計,07705,5165,百萬美元
外銷訂單金額_美元,00,地區別總計,07706,5090,百萬美元
外銷訂單金額_美元,00,地區別總計,07707,5064,百萬美元
外銷訂單金額_美元,00,地區別總計,07708,5036,百萬美元
外銷訂單金額_美元,00,地區別總計,07709,4952,百萬美元
外銷訂單金額_美元,00,地區別總計,07710,5366,百萬美元
外銷訂單金額_美元,00,地區別總計,07711,5238,百萬美元
外銷訂單金額_美元,00,地區別總計,07712,5476,百萬美元
外銷訂單金額_美元,00,地區別總計,07801,5429,百萬美元
外銷訂單金額_美元,00,地區別總計,07802,4658,百萬美元
外銷訂單金額_美元,00,地區別總計,07803,6260,百萬美元
外銷訂單金額_美元,00,地區別總計,07804,5820,百萬美元
外銷訂單金額_美元,00,地區別總計,07805,5744,百萬美元
外銷訂單金額_美元,00,地區別總計,07806,5685,百萬美元
外銷訂單金額_美元,00,地區別總計,07807,5609,百萬美元
外銷訂單金額_美元,00,地區別總計,07808,5294,百萬美元
外銷訂單金額_美元,00,地區別總計,07809,5458,百萬美元
外銷訂單金額_美元,00,地區別總計,07810,5131,百萬美元
外銷訂單金額_美元,00,地區別總計,07811,5476,百萬美元
外銷訂單金額_美元,00,地區別總計,07812,5207,百萬美元
外銷訂單金額_美元,00,地區別總計,07901,4910,百萬美元
外銷訂單金額_美元,00,地區別總計,07902,5038,百萬美元
外銷訂單金額_美元,00,地區別總計,07903,5932,百萬美元
外銷訂單金額_美元,00,地區別總計,07904,5851,百萬美元
外銷訂單金額_美元,00,地區別總計,07905,5997,百萬美元
外銷訂單金額_美元,00,地區別總計,07906,5556,百萬美元
外銷訂單金額_美元,00,地區別總計,07907,5798,百萬美元
外銷訂單金額_美元,00,地區別總計,07908,5580,百萬美元
外銷訂單金額_美元,00,地區別總計,07909,5577,百萬美元
外銷訂單金額_美元,00,地區別總計,07910,5979,百萬美元
外銷訂單金額_美元,00,地區別總計,07911,5935,百萬美元
外銷訂單金額_美元,00,地區別總計,07912,5551,百萬美元
外銷訂單金額_美元,00,地區別總計,08001,5807,百萬美元
外銷訂單金額_美元,00,地區別總計,08002,5393,百萬美元
外銷訂單金額_美元,00,地區別總計,08003,6415,百萬美元
外銷訂單金額_美元,00,地區別總計,08004,6256,百萬美元
外銷訂單金額_美元,00,地區別總計,08005,6540,百萬美元
外銷訂單金額_美元,00,地區別總計,08006,6360,百萬美元
外銷訂單金額_美元,00,地區別總計,08007,6324,百萬美元
外銷訂單金額_美元,00,地區別總計,08008,6394,百萬美元
外銷訂單金額_美元,00,地區別總計,08009,6315,百萬美元
外銷訂單金額_美元,00,地區別總計,08010,6336,百萬美元
外銷訂單金額_美元,00,地區別總計,08011,6434,百萬美元
外銷訂單金額_美元,00,地區別總計,08012,6379,百萬美元
外銷訂單金額_美元,00,地區別總計,08101,6438,百萬美元
外銷訂單金額_美元,00,地區別總計,08102,5451,百萬美元
外銷訂單金額_美元,00,地區別總計,08103,6795,百萬美元
外銷訂單金額_美元,00,地區別總計,08104,7188,百萬美元
外銷訂單金額_美元,00,地區別總計,08105,6936,百萬美元
外銷訂單金額_美元,00,地區別總計,08106,6771,百萬美元
外銷訂單金額_美元,00,地區別總計,08107,6802,百萬美元
外銷訂單金額_美元,00,地區別總計,08108,6625,百萬美元
外銷訂單金額_美元,00,地區別總計,08109,6784,百萬美元
外銷訂單金額_美元,00,地區別總計,08110,7147,百萬美元
外銷訂單金額_美元,00,地區別總計,08111,7046,百萬美元
外銷訂單金額_美元,00,地區別總計,08112,6935,百萬美元
外銷訂單金額_美元,00,地區別總計,08201,6107,百萬美元
外銷訂單金額_美元,00,地區別總計,08202,6943,百萬美元
外銷訂單金額_美元,00,地區別總計,08203,7650,百萬美元
外銷訂單金額_美元,00,地區別總計,08204,7156,百萬美元
外銷訂單金額_美元,00,地區別總計,08205,7463,百萬美元
外銷訂單金額_美元,00,地區別總計,08206,6991,百萬美元
外銷訂單金額_美元,00,地區別總計,08207,7140,百萬美元
外銷訂單金額_美元,00,地區別總計,08208,7268,百萬美元
外銷訂單金額_美元,00,地區別總計,08209,6993,百萬美元
外銷訂單金額_美元,00,地區別總計,08210,7418,百萬美元
外銷訂單金額_美元,00,地區別總計,08211,7265,百萬美元
外銷訂單金額_美元,00,地區別總計,08212,7490,百萬美元
外銷訂單金額_美元,00,地區別總計,08301,7094,百萬美元
外銷訂單金額_美元,00,地區別總計,08302,6382,百萬美元
外銷訂單金額_美元,00,地區別總計,08303,7814,百萬美元
外銷訂單金額_美元,00,地區別總計,08304,7802,百萬美元
外銷訂單金額_美元,00,地區別總計,08305,7764,百萬美元
外銷訂單金額_美元,00,地區別總計,08306,7747,百萬美元
外銷訂單金額_美元,00,地區別總計,08307,7802,百萬美元
外銷訂單金額_美元,00,地區別總計,08308,7698,百萬美元
外銷訂單金額_美元,00,地區別總計,08309,8433,百萬美元
外銷訂單金額_美元,00,地區別總計,08310,8412,百萬美元
外銷訂單金額_美元,00,地區別總計,08311,8606,百萬美元
外銷訂單金額_美元,00,地區別總計,08312,9034,百萬美元
外銷訂單金額_美元,00,地區別總計,08401,7965,百萬美元
外銷訂單金額_美元,00,地區別總計,08402,7616,百萬美元
外銷訂單金額_美元,00,地區別總計,08403,9915,百萬美元
外銷訂單金額_美元,00,地區別總計,08404,9248,百萬美元
外銷訂單金額_美元,00,地區別總計,08405,9962,百萬美元
外銷訂單金額_美元,00,地區別總計,08406,8991,百萬美元
外銷訂單金額_美元,00,地區別總計,08407,9601,百萬美元
外銷訂單金額_美元,00,地區別總計,08408,10093,百萬美元
外銷訂單金額_美元,00,地區別總計,08409,9816,百萬美元
外銷訂單金額_美元,00,地區別總計,08410,9866,百萬美元
外銷訂單金額_美元,00,地區別總計,08411,10460,百萬美元
外銷訂單金額_美元,00,地區別總計,08412,10018,百萬美元
外銷訂單金額_美元,00,地區別總計,08501,9675,百萬美元
外銷訂單金額_美元,00,地區別總計,08502,8847,百萬美元
外銷訂單金額_美元,00,地區別總計,08503,9919,百萬美元
外銷訂單金額_美元,00,地區別總計,08504,9904,百萬美元
外銷訂單金額_美元,00,地區別總計,08505,10019,百萬美元
外銷訂單金額_美元,00,地區別總計,08506,9771,百萬美元
外銷訂單金額_美元,00,地區別總計,08507,9772,百萬美元
外銷訂單金額_美元,00,地區別總計,08508,10094,百萬美元
外銷訂單金額_美元,00,地區別總計,08509,10513,百萬美元
外銷訂單金額_美元,00,地區別總計,08510,10301,百萬美元
外銷訂單金額_美元,00,地區別總計,08511,10028,百萬美元
外銷訂單金額_美元,00,地區別總計,08512,10113,百萬美元
外銷訂單金額_美元,00,地區別總計,08601,9872,百萬美元
外銷訂單金額_美元,00,地區別總計,08602,8696,百萬美元
外銷訂單金額_美元,00,地區別總計,08603,10472,百萬美元
外銷訂單金額_美元,00,地區別總計,08604,10491,百萬美元
外銷訂單金額_美元,00,地區別總計,08605,10444,百萬美元
外銷訂單金額_美元,00,地區別總計,08606,10359,百萬美元
外銷訂單金額_美元,00,地區別總計,08607,10470,百萬美元
外銷訂單金額_美元,00,地區別總計,08608,10200,百萬美元
外銷訂單金額_美元,00,地區別總計,08609,10896,百萬美元
外銷訂單金額_美元,00,地區別總計,08610,11019,百萬美元
外銷訂單金額_美元,00,地區別總計,08611,10299,百萬美元
外銷訂單金額_美元,00,地區別總計,08612,10582,百萬美元
外銷訂單金額_美元,00,地區別總計,08701,8460,百萬美元
外銷訂單金額_美元,00,地區別總計,08702,9621,百萬美元
外銷訂單金額_美元,00,地區別總計,08703,10186,百萬美元
外銷訂單金額_美元,00,地區別總計,08704,10011,百萬美元
外銷訂單金額_美元,00,地區別總計,08705,10042,百萬美元
外銷訂單金額_美元,00,地區別總計,08706,10118,百萬美元
外銷訂單金額_美元,00,地區別總計,08707,9924,百萬美元
外銷訂單金額_美元,00,地區別總計,08708,9978,百萬美元
外銷訂單金額_美元,00,地區別總計,08709,10376,百萬美元
外銷訂單金額_美元,00,地區別總計,08710,10380,百萬美元
外銷訂單金額_美元,00,地區別總計,08711,9749,百萬美元
外銷訂單金額_美元,00,地區別總計,08712,9992,百萬美元
外銷訂單金額_美元,00,地區別總計,08801,9806,百萬美元
外銷訂單金額_美元,00,地區別總計,08802,8659,百萬美元
外銷訂單金額_美元,00,地區別總計,08803,10553,百萬美元
外銷訂單金額_美元,00,地區別總計,08804,10558,百萬美元
外銷訂單金額_美元,00,地區別總計,08805,10355,百萬美元
外銷訂單金額_美元,00,地區別總計,08806,10502,百萬美元
外銷訂單金額_美元,00,地區別總計,08807,10895,百萬美元
外銷訂單金額_美元,00,地區別總計,08808,10951,百萬美元
外銷訂單金額_美元,00,地區別總計,08809,10739,百萬美元
外銷訂單金額_美元,00,地區別總計,08810,11747,百萬美元
外銷訂單金額_美元,00,地區別總計,08811,11564,百萬美元
外銷訂單金額_美元,00,地區別總計,08812,11140,百萬美元
外銷訂單金額_美元,00,地區別總計,08901,10873,百萬美元
外銷訂單金額_美元,00,地區別總計,08902,9831,百萬美元
外銷訂單金額_美元,00,地區別總計,08903,12645,百萬美元
外銷訂單金額_美元,00,地區別總計,08904,12409,百萬美元
外銷訂單金額_美元,00,地區別總計,08905,13363,百萬美元
外銷訂單金額_美元,00,地區別總計,08906,13928,百萬美元
外銷訂單金額_美元,00,地區別總計,08907,12983,百萬美元
外銷訂單金額_美元,00,地區別總計,08908,13699,百萬美元
外銷訂單金額_美元,00,地區別總計,08909,14323,百萬美元
外銷訂單金額_美元,00,地區別總計,08910,13663,百萬美元
外銷訂單金額_美元,00,地區別總計,08911,13269,百萬美元
外銷訂單金額_美元,00,地區別總計,08912,12446,百萬美元
外銷訂單金額_美元,00,地區別總計,09001,10368,百萬美元
外銷訂單金額_美元,00,地區別總計,09002,10706,百萬美元
外銷訂單金額_美元,00,地區別總計,09003,12503,百萬美元
外銷訂單金額_美元,00,地區別總計,09004,11587,百萬美元
外銷訂單金額_美元,00,地區別總計,09005,11498,百萬美元
外銷訂單金額_美元,00,地區別總計,09006,11153,百萬美元
外銷訂單金額_美元,00,地區別總計,09007,10804,百萬美元
外銷訂單金額_美元,00,地區別總計,09008,11410,百萬美元
外銷訂單金額_美元,00,地區別總計,09009,10482,百萬美元
外銷訂單金額_美元,00,地區別總計,09010,11978,百萬美元
外銷訂單金額_美元,00,地區別總計,09011,11787,百萬美元
外銷訂單金額_美元,00,地區別總計,09012,11438,百萬美元
外銷訂單金額_美元,00,地區別總計,09101,11322,百萬美元
外銷訂單金額_美元,00,地區別總計,09102,10159,百萬美元
外銷訂單金額_美元,00,地區別總計,09103,12713,百萬美元
外銷訂單金額_美元,00,地區別總計,09104,12913,百萬美元
外銷訂單金額_美元,00,地區別總計,09105,13139,百萬美元
外銷訂單金額_美元,00,地區別總計,09106,12381,百萬美元
外銷訂單金額_美元,00,地區別總計,09107,12628,百萬美元
外銷訂單金額_美元,00,地區別總計,09108,12995,百萬美元
外銷訂單金額_美元,00,地區別總計,09109,12787,百萬美元
外銷訂單金額_美元,00,地區別總計,09110,13455,百萬美元
外銷訂單金額_美元,00,地區別總計,09111,13416,百萬美元
外銷訂單金額_美元,00,地區別總計,09112,13041,百萬美元
外銷訂單金額_美元,00,地區別總計,09201,13016,百萬美元
外銷訂單金額_美元,00,地區別總計,09202,11164,百萬美元
外銷訂單金額_美元,00,地區別總計,09203,13489,百萬美元
外銷訂單金額_美元,00,地區別總計,09204,13503,百萬美元
外銷訂單金額_美元,00,地區別總計,09205,13708,百萬美元
外銷訂單金額_美元,00,地區別總計,09206,13826,百萬美元
外銷訂單金額_美元,00,地區別總計,09207,14500,百萬美元
外銷訂單金額_美元,00,地區別總計,09208,14385,百萬美元
外銷訂單金額_美元,00,地區別總計,09209,15400,百萬美元
外銷訂單金額_美元,00,地區別總計,09210,16137,百萬美元
外銷訂單金額_美元,00,地區別總計,09211,15181,百萬美元
外銷訂單金額_美元,00,地區別總計,09212,15715,百萬美元
外銷訂單金額_美元,00,地區別總計,09301,13934,百萬美元
外銷訂單金額_美元,00,地區別總計,09302,15037,百萬美元
外銷訂單金額_美元,00,地區別總計,09303,17239,百萬美元
外銷訂單金額_美元,00,地區別總計,09304,18032,百萬美元
外銷訂單金額_美元,00,地區別總計,09305,17251,百萬美元
外銷訂單金額_美元,00,地區別總計,09306,17702,百萬美元
外銷訂單金額_美元,00,地區別總計,09307,18537,百萬美元
外銷訂單金額_美元,00,地區別總計,09308,18061,百萬美元
外銷訂單金額_美元,00,地區別總計,09309,19495,百萬美元
外銷訂單金額_美元,00,地區別總計,09310,20245,百萬美元
外銷訂單金額_美元,00,地區別總計,09311,19752,百萬美元
外銷訂單金額_美元,00,地區別總計,09312,19797,百萬美元
外銷訂單金額_美元,00,地區別總計,09401,18422,百萬美元
外銷訂單金額_美元,00,地區別總計,09402,16192,百萬美元
外銷訂單金額_美元,00,地區別總計,09403,20900,百萬美元
外銷訂單金額_美元,00,地區別總計,09404,20813,百萬美元
外銷訂單金額_美元,00,地區別總計,09405,19520,百萬美元
外銷訂單金額_美元,00,地區別總計,09406,20658,百萬美元
外銷訂單金額_美元,00,地區別總計,09407,20154,百萬美元
外銷訂單金額_美元,00,地區別總計,09408,22152,百萬美元
外銷訂單金額_美元,00,地區別總計,09409,23779,百萬美元
外銷訂單金額_美元,00,地區別總計,09410,24612,百萬美元
外銷訂單金額_美元,00,地區別總計,09411,24607,百萬美元
外銷訂單金額_美元,00,地區別總計,09412,24590,百萬美元
外銷訂單金額_美元,00,地區別總計,09501,22108,百萬美元
外銷訂單金額_美元,00,地區別總計,09502,20262,百萬美元
外銷訂單金額_美元,00,地區別總計,09503,24939,百萬美元
外銷訂單金額_美元,00,地區別總計,09504,24680,百萬美元
外銷訂單金額_美元,00,地區別總計,09505,24599,百萬美元
外銷訂單金額_美元,00,地區別總計,09506,24915,百萬美元
外銷訂單金額_美元,00,地區別總計,09507,24068,百萬美元
外銷訂單金額_美元,00,地區別總計,09508,26212,百萬美元
外銷訂單金額_美元,00,地區別總計,09509,26630,百萬美元
外銷訂單金額_美元,00,地區別總計,09510,27293,百萬美元
外銷訂單金額_美元,00,地區別總計,09511,27216,百萬美元
外銷訂單金額_美元,00,地區別總計,09512,26388,百萬美元
外銷訂單金額_美元,00,地區別總計,09601,25925,百萬美元
外銷訂單金額_美元,00,地區別總計,09602,21918,百萬美元
外銷訂單金額_美元,00,地區別總計,09603,28032,百萬美元
外銷訂單金額_美元,00,地區別總計,09604,27462,百萬美元
外銷訂單金額_美元,00,地區別總計,09605,27528,百萬美元
外銷訂單金額_美元,00,地區別總計,09606,28698,百萬美元
外銷訂單金額_美元,00,地區別總計,09607,29723,百萬美元
外銷訂單金額_美元,00,地區別總計,09608,30488,百萬美元
外銷訂單金額_美元,00,地區別總計,09609,30919,百萬美元
外銷訂單金額_美元,00,地區別總計,09610,32200,百萬美元
外銷訂單金額_美元,00,地區別總計,09611,31892,百萬美元
外銷訂單金額_美元,00,地區別總計,09612,31023,百萬美元
外銷訂單金額_美元,00,地區別總計,09701,30306,百萬美元
外銷訂單金額_美元,00,地區別總計,09702,25880,百萬美元
外銷訂單金額_美元,00,地區別總計,09703,31617,百萬美元
外銷訂單金額_美元,00,地區別總計,09704,31769,百萬美元
外銷訂單金額_美元,00,地區別總計,09705,31511,百萬美元
外銷訂單金額_美元,00,地區別總計,09706,31362,百萬美元
外銷訂單金額_美元,00,地區別總計,09707,31365,百萬美元
外銷訂單金額_美元,00,地區別總計,09708,32130,百萬美元
外銷訂單金額_美元,00,地區別總計,09709,31791,百萬美元
外銷訂單金額_美元,00,地區別總計,09710,30413,百萬美元
外銷訂單金額_美元,00,地區別總計,09711,22800,百萬美元
外銷訂單金額_美元,00,地區別總計,09712,20785,百萬美元
外銷訂單金額_美元,00,地區別總計,09801,17675,百萬美元
外銷訂單金額_美元,00,地區別總計,09802,20116,百萬美元
外銷訂單金額_美元,00,地區別總計,09803,23935,百萬美元
外銷訂單金額_美元,00,地區別總計,09804,25125,百萬美元
外銷訂單金額_美元,00,地區別總計,09805,25166,百萬美元
外銷訂單金額_美元,00,地區別總計,09806,27936,百萬美元
外銷訂單金額_美元,00,地區別總計,09807,28614,百萬美元
外銷訂單金額_美元,00,地區別總計,09808,28286,百萬美元
外銷訂單金額_美元,00,地區別總計,09809,30837,百萬美元
外銷訂單金額_美元,00,地區別總計,09810,31755,百萬美元
外銷訂單金額_美元,00,地區別總計,09811,31259,百萬美元
外銷訂單金額_美元,00,地區別總計,09812,31726,百萬美元
外銷訂單金額_美元,00,地區別總計,09901,30371,百萬美元
外銷訂單金額_美元,00,地區別總計,09902,27406,百萬美元
外銷訂單金額_美元,00,地區別總計,09903,34387,百萬美元
外銷訂單金額_美元,00,地區別總計,09904,33959,百萬美元
外銷訂單金額_美元,00,地區別總計,09905,33729,百萬美元
外銷訂單金額_美元,00,地區別總計,09906,34222,百萬美元
外銷訂單金額_美元,00,地區別總計,09907,33830,百萬美元
外銷訂單金額_美元,00,地區別總計,09908,34878,百萬美元
外銷訂單金額_美元,00,地區別總計,09909,35979,百萬美元
外銷訂單金額_美元,00,地區別總計,09910,35647,百萬美元
外銷訂單金額_美元,00,地區別總計,09911,35740,百萬美元
外銷訂單金額_美元,00,地區別總計,09912,36567,百萬美元
外銷訂單金額_美元,00,地區別總計,10001,34458,百萬美元
外銷訂單金額_美元,00,地區別總計,10002,28872,百萬美元
外銷訂單金額_美元,00,地區別總計,10003,38986,百萬美元
外銷訂單金額_美元,00,地區別總計,10004,37406,百萬美元
外銷訂單金額_美元,00,地區別總計,10005,37616,百萬美元
外銷訂單金額_美元,00,地區別總計,10006,37362,百萬美元
外銷訂單金額_美元,00,地區別總計,10007,37587,百萬美元
外銷訂單金額_美元,00,地區別總計,10008,36716,百萬美元
外銷訂單金額_美元,00,地區別總計,10009,36958,百萬美元
外銷訂單金額_美元,00,地區別總計,10010,37205,百萬美元
外銷訂單金額_美元,00,地區別總計,10011,36651,百萬美元
外銷訂單金額_美元,00,地區別總計,10012,36304,百萬美元
外銷訂單金額_美元,00,地區別總計,10101,31485,百萬美元
外銷訂單金額_美元,00,地區別總計,10102,33953,百萬美元
外銷訂單金額_美元,00,地區別總計,10103,38370,百萬美元
外銷訂單金額_美元,00,地區別總計,10104,36089,百萬美元
外銷訂單金額_美元,00,地區別總計,10105,36474,百萬美元
外銷訂單金額_美元,00,地區別總計,10106,36382,百萬美元
外銷訂單金額_美元,00,地區別總計,10107,35937,百萬美元
外銷訂單金額_美元,00,地區別總計,10108,36153,百萬美元
外銷訂單金額_美元,00,地區別總計,10109,37662,百萬美元
外銷訂單金額_美元,00,地區別總計,10110,38380,百萬美元
外銷訂單金額_美元,00,地區別總計,10111,40726,百萬美元
外銷訂單金額_美元,00,地區別總計,10112,39392,百萬美元
外銷訂單金額_美元,00,地區別總計,10201,37137,百萬美元
外銷訂單金額_美元,00,地區別總計,10202,29039,百萬美元
外銷訂單金額_美元,00,地區別總計,10203,35839,百萬美元
外銷訂單金額_美元,00,地區別總計,10204,35688,百萬美元
外銷訂單金額_美元,00,地區別總計,10205,36328,百萬美元
外銷訂單金額_美元,00,地區別總計,10206,35094,百萬美元
外銷訂單金額_美元,00,地區別總計,10207,36116,百萬美元
外銷訂單金額_美元,00,地區別總計,10208,36319,百萬美元
外銷訂單金額_美元,00,地區別總計,10209,38419,百萬美元
外銷訂單金額_美元,00,地區別總計,10210,39591,百萬美元
外銷訂單金額_美元,00,地區別總計,10211,41046,百萬美元
外銷訂單金額_美元,00,地區別總計,10212,42313,百萬美元
外銷訂單金額_美元,00,地區別總計,10301,36109,百萬美元
外銷訂單金額_美元,00,地區別總計,10302,30706,百萬美元
外銷訂單金額_美元,00,地區別總計,10303,37940,百萬美元
外銷訂單金額_美元,00,地區別總計,10304,38868,百萬美元
外銷訂單金額_美元,00,地區別總計,10305,38018,百萬美元
外銷訂單金額_美元,00,地區別總計,10306,38817,百萬美元
外銷訂單金額_美元,00,地區別總計,10307,38182,百萬美元
外銷訂單金額_美元,00,地區別總計,10308,38210,百萬美元
外銷訂單金額_美元,00,地區別總計,10309,43313,百萬美元
外銷訂單金額_美元,00,地區別總計,10310,44911,百萬美元
外銷訂單金額_美元,00,地區別總計,10311,43512,百萬美元
外銷訂單金額_美元,00,地區別總計,10312,44228,百萬美元
外銷訂單金額_美元,00,地區別總計,10401,39038,百萬美元
外銷訂單金額_美元,00,地區別總計,10402,29890,百萬美元
外銷訂單金額_美元,00,地區別總計,10403,38427,百萬美元
外銷訂單金額_美元,00,地區別總計,10404,37318,百萬美元
外銷訂單金額_美元,00,地區別總計,10405,35793,百萬美元
外銷訂單金額_美元,00,地區別總計,10406,36582,百萬美元
外銷訂單金額_美元,00,地區別總計,10407,36287,百萬美元
外銷訂單金額_美元,00,地區別總計,10408,35026,百萬美元
外銷訂單金額_美元,00,地區別總計,10409,41345,百萬美元
外銷訂單金額_美元,00,地區別總計,10410,42548,百萬美元
外銷訂單金額_美元,00,地區別總計,10411,40755,百萬美元
外銷訂單金額_美元,00,地區別總計,10412,38805,百萬美元
外銷訂單金額_美元,00,地區別總計,10501,34186,百萬美元
外銷訂單金額_美元,00,地區別總計,10502,27669,百萬美元
外銷訂單金額_美元,00,地區別總計,10503,36625,百萬美元
外銷訂單金額_美元,00,地區別總計,10504,33159,百萬美元
外銷訂單金額_美元,00,地區別總計,10505,33729,百萬美元
外銷訂單金額_美元,00,地區別總計,10506,35704,百萬美元
外銷訂單金額_美元,00,地區別總計,10507,35035,百萬美元
外銷訂單金額_美元,00,地區別總計,10508,37927,百萬美元
外銷訂單金額_美元,00,地區別總計,10509,42962,百萬美元
外銷訂單金額_美元,00,地區別總計,10510,42683,百萬美元
外銷訂單金額_美元,00,地區別總計,10511,43620,百萬美元
外銷訂單金額_美元,00,地區別總計,10512,41237,百萬美元
外銷訂單金額_美元,00,地區別總計,10601,35969,百萬美元
外銷訂單金額_美元,00,地區別總計,10602,33753,百萬美元
外銷訂單金額_美元,00,地區別總計,10603,41124,百萬美元
外銷訂單金額_美元,00,地區別總計,10604,35614,百萬美元
外銷訂單金額_美元,00,地區別總計,10605,36813,百萬美元
外銷訂單金額_美元,00,地區別總計,10606,40353,百萬美元
外銷訂單金額_美元,00,地區別總計,10607,38721,百萬美元
外銷訂單金額_美元,00,地區別總計,10608,40778,百萬美元
外銷訂單金額_美元,00,地區別總計,10609,45921,百萬美元
外銷訂單金額_美元,00,地區別總計,10610,46601,百萬美元
外銷訂單金額_美元,00,地區別總計,10611,48689,百萬美元
外銷訂單金額_美元,00,地區別總計,10612,48471,百萬美元
外銷訂單金額_美元,00,地區別總計,10701,43063,百萬美元
外銷訂單金額_美元,00,地區別總計,10702,32454,百萬美元
外銷訂單金額_美元,00,地區別總計,10703,42383,百萬美元
外銷訂單金額_美元,00,地區別總計,10704,39111,百萬美元
外銷訂單金額_美元,00,地區別總計,10705,41112,百萬美元
外銷訂單金額_美元,00,地區別總計,10706,40314,百萬美元
外銷訂單金額_美元,00,地區別總計,10707,41799,百萬美元
外銷訂單金額_美元,00,地區別總計,10708,43676,百萬美元
外銷訂單金額_美元,00,地區別總計,10709,47858,百萬美元
外銷訂單金額_美元,00,地區別總計,10710,48986,百萬美元
外銷訂單金額_美元,00,地區別總計,10711,47684,百萬美元
外銷訂單金額_美元,00,地區別總計,10712,43382,百萬美元
外銷訂單金額_美元,00,地區別總計,10801,40535,百萬美元
外銷訂單金額_美元,00,地區別總計,10802,28948,百萬美元
外銷訂單金額_美元,00,地區別總計,10803,38631,百萬美元
外銷訂單金額_美元,00,地區別總計,10804,37709,百萬美元
外銷訂單金額_美元,00,地區別總計,10805,38760,百萬美元
外銷訂單金額_美元,00,地區別總計,10806,38537,百萬美元
外銷訂單金額_美元,00,地區別總計,10807,40566,百萬美元
外銷訂單金額_美元,00,地區別總計,10808,40083,百萬美元
外銷訂單金額_美元,00,地區別總計,10809,45559,百萬美元
外銷訂單金額_美元,00,地區別總計,10810,47312,百萬美元
外銷訂單金額_美元,00,地區別總計,10811,44567,百萬美元
外銷訂單金額_美元,00,地區別總計,10812,43817,百萬美元
外銷訂單金額_美元,00,地區別總計,10901,35365,百萬美元
外銷訂單金額_美元,00,地區別總計,10902,28740,百萬美元
外銷訂單金額_美元,00,地區別總計,10903,40321,百萬美元
外銷訂單金額_美元,00,地區別總計,10904,38586,百萬美元
外銷訂單金額_美元,00,地區別總計,10905,38947,百萬美元
外銷訂單金額_美元,00,地區別總計,10906,41048,百萬美元
外銷訂單金額_美元,00,地區別總計,10907,45615,百萬美元
外銷訂單金額_美元,00,地區別總計,10908,45534,百萬美元
外銷訂單金額_美元,00,地區別總計,10909,50071,百萬美元
外銷訂單金額_美元,00,地區別總計,10910,51637,百萬美元
外銷訂單金額_美元,00,地區別總計,10911,57834,百萬美元
外銷訂單金額_美元,00,地區別總計,10912,60603,百萬美元
外銷訂單金額_美元,00,地區別總計,11001,52775,百萬美元
外銷訂單金額_美元,00,地區別總計,11002,42663,百萬美元
外銷訂單金額_美元,00,地區別總計,11003,53723,百萬美元
外銷訂單金額_美元,00,地區別總計,11004,54998,百萬美元
外銷訂單金額_美元,00,地區別總計,11005,52364,百萬美元
外銷訂單金額_美元,00,地區別總計,11006,53812,百萬美元
外銷訂單金額_美元,00,地區別總計,11007,55388,百萬美元
外銷訂單金額_美元,00,地區別總計,11008,53607,百萬美元
外銷訂單金額_美元,00,地區別總計,11009,63020,百萬美元
外銷訂單金額_美元,00,地區別總計,11010,59228,百萬美元
外銷訂單金額_美元,00,地區別總計,11011,65670,百萬美元
外銷訂單金額_美元,00,地區別總計,11012,68022,百萬美元
外銷訂單金額_美元,00,地區別總計,11101,58956,百萬美元
外銷訂單金額_美元,00,地區別總計,11102,51666,百萬美元
外銷訂單金額_美元,00,地區別總計,11103,62801,百萬美元
外銷訂單金額_美元,00,地區別總計,11104,52054,百萬美元
外銷訂單金額_美元,00,地區別總計,11105,55583,百萬美元
外銷訂單金額_美元,00,地區別總計,11106,59009,百萬美元
外銷訂單金額_美元,00,地區別總計,11107,54430,百萬美元
外銷訂單金額_美元,00,地區別總計,11108,54761,百萬美元
外銷訂單金額_美元,00,地區別總計,11109,61107,百萬美元
外銷訂單金額_美元,00,地區別總計,11110,55576,百萬美元
外銷訂單金額_美元,00,地區別總計,11111,50309,百萬美元
外銷訂單金額_美元,00,地區別總計,11112,52327,百萬美元
外銷訂單金額_美元,00,地區別總計,11201,47702,百萬美元
外銷訂單金額_美元,00,地區別總計,11202,42290,百萬美元
外銷訂單金額_美元,00,地區別總計,11203,46759,百萬美元
外銷訂單金額_美元,00,地區別總計,11204,42653,百萬美元
外銷訂單金額_美元,00,地區別總計,11205,45810,百萬美元
外銷訂單金額_美元,00,地區別總計,11206,44297,百萬美元
外銷訂單金額_美元,00,地區別總計,11207,47846,百萬美元
外銷訂單金額_美元,00,地區別總計,11208,46146,百萬美元
外銷訂單金額_美元,00,地區別總計,11209,51484,百萬美元
外銷訂單金額_美元,00,地區別總計,11210,52945,百萬美元
外銷訂單金額_美元,00,地區別總計,11211,50713,百萬美元
外銷訂單金額_美元,00,地區別總計,11212,43886,百萬美元
外銷訂單金額_美元,00,地區別總計,11301,48494,百萬美元
外銷訂單金額_美元,00,地區別總計,11302,37804,百萬美元
外銷訂單金額_美元,00,地區別總計,11303,47229,百萬美元
外銷訂單金額_美元,00,地區別總計,11304,47166,百萬美元
外銷訂單金額_美元,00,地區別總計,11305,48957,百萬美元
外銷訂單金額_美元,00,地區別總計,11306,45626,百萬美元
外銷訂單金額_美元,00,地區別總計,11307,50103,百萬美元
外銷訂單金額_美元,00,地區別總計,11308,50286,百萬美元
外銷訂單金額_美元,00,地區別總計,11309,53862,百萬美元
外銷訂單金額_美元,00,地區別總計,11310,55529,百萬美元
外銷訂單金額_美元,00,地區別總計,11311,52341,百萬美元
外銷訂單金額_美元,00,地區別總計,11312,52992,百萬美元
外銷訂單金額_美元,00,地區別總計,11401,48035,百萬美元
外銷訂單金額_美元,00,地區別總計,11402,51611,百萬美元
外銷訂單金額_美元,00,地區別總計,11403,54922,百萬美元
外銷訂單金額_美元,00,地區別總計,11404,59060,百萬美元
外銷訂單金額_美元,00,地區別總計,11405,60781,百萬美元
外銷訂單金額_美元,00,地區別總計,11406,59753,百萬美元
外銷訂單金額_美元,00,地區別總計,11407,60511,百萬美元
外銷訂單金額_美元,00,地區別總計,11408,60084,百萬美元
外銷訂單金額_美元,00,地區別總計,11409,70341,百萬美元
外銷訂單金額_美元,00,地區別總計,11410,69434,百萬美元
外銷訂單金額_美元,00,地區別總計,11411,72999,百萬美元
外銷訂單金額_美元,00,地區別總計,11412,76198,百萬美元
外銷訂單金額_美元,00,地區別總計,11501,76907,百萬美元
外銷訂單金額_美元,00,地區別總計,11502,63877,百萬美元
外銷訂單金額_美元,00,地區別總計,11503,91125,百萬美元
外銷訂單金額_美元,00,地區別總計,11504,87449,百萬美元
外銷訂單金額_美元,00,地區別總計,11505,89475,百萬美元
外銷訂單金額_美元,00,地區別總計,11506,95262,百萬美元
外銷訂單金額_美元,00,地區別總計,11507,97939,百萬美元
外銷訂單金額_美元,01,美國,07301,1364,百萬美元
外銷訂單金額_美元,01,美國,07302,1146,百萬美元
外銷訂單金額_美元,01,美國,07303,1424,百萬美元
外銷訂單金額_美元,01,美國,07304,1396,百萬美元
外銷訂單金額_美元,01,美國,07305,1488,百萬美元
外銷訂單金額_美元,01,美國,07306,1385,百萬美元
外銷訂單金額_美元,01,美國,07307,1414,百萬美元
外銷訂單金額_美元,01,美國,07308,1271,百萬美元
外銷訂單金額_美元,01,美國,07309,1228,百萬美元
外銷訂單金額_美元,01,美國,07310,1271,百萬美元
外銷訂單金額_美元,01,美國,07311,1262,百萬美元
外銷訂單金額_美元,01,美國,07312,1191,百萬美元
外銷訂單金額_美元,01,美國,07401,1341,百萬美元
外銷訂單金額_美元,01,美國,07402,1144,百萬美元
外銷訂單金額_美元,01,美國,07403,1320,百萬美元
外銷訂單金額_美元,01,美國,07404,1378,百萬美元
外銷訂單金額_美元,01,美國,07405,1400,百萬美元
外銷訂單金額_美元,01,美國,07406,1313,百萬美元
外銷訂單金額_美元,01,美國,07407,1374,百萬美元
外銷訂單金額_美元,01,美國,07408,1392,百萬美元
外銷訂單金額_美元,01,美國,07409,1305,百萬美元
外銷訂單金額_美元,01,美國,07410,1429,百萬美元
外銷訂單金額_美元,01,美國,07411,1411,百萬美元
外銷訂單金額_美元,01,美國,07412,1478,百萬美元
外銷訂單金額_美元,01,美國,07501,1579,百萬美元
外銷訂單金額_美元,01,美國,07502,1323,百萬美元
外銷訂單金額_美元,01,美國,07503,1708,百萬美元
外銷訂單金額_美元,01,美國,07504,1717,百萬美元
外銷訂單金額_美元,01,美國,07505,1848,百萬美元
外銷訂單金額_美元,01,美國,07506,1781,百萬美元
外銷訂單金額_美元,01,美國,07507,1820,百萬美元
外銷訂單金額_美元,01,美國,07508,1877,百萬美元
外銷訂單金額_美元,01,美國,07509,1713,百萬美元
外銷訂單金額_美元,01,美國,07510,1877,百萬美元
外銷訂單金額_美元,01,美國,07511,2040,百萬美元
外銷訂單金額_美元,01,美國,07512,1914,百萬美元
外銷訂單金額_美元,01,美國,07601,1879,百萬美元
外銷訂單金額_美元,01,美國,07602,1943,百萬美元
外銷訂單金額_美元,01,美國,07603,2143,百萬美元
外銷訂單金額_美元,01,美國,07604,2305,百萬美元
外銷訂單金額_美元,01,美國,07605,2148,百萬美元
外銷訂單金額_美元,01,美國,07606,2237,百萬美元
外銷訂單金額_美元,01,美國,07607,2133,百萬美元
外銷訂單金額_美元,01,美國,07608,2116,百萬美元
外銷訂單金額_美元,01,美國,07609,2200,百萬美元
外銷訂單金額_美元,01,美國,07610,2144,百萬美元
外銷訂單金額_美元,01,美國,07611,2050,百萬美元
外銷訂單金額_美元,01,美國,07612,2130,百萬美元
外銷訂單金額_美元,01,美國,07701,2005,百萬美元
外銷訂單金額_美元,01,美國,07702,1892,百萬美元
外銷訂單金額_美元,01,美國,07703,2240,百萬美元
外銷訂單金額_美元,01,美國,07704,2273,百萬美元
外銷訂單金額_美元,01,美國,07705,2145,百萬美元
外銷訂單金額_美元,01,美國,07706,2027,百萬美元
外銷訂單金額_美元,01,美國,07707,2139,百萬美元
外銷訂單金額_美元,01,美國,07708,2143,百萬美元
外銷訂單金額_美元,01,美國,07709,2026,百萬美元
外銷訂單金額_美元,01,美國,07710,2248,百萬美元
外銷訂單金額_美元,01,美國,07711,2064,百萬美元
外銷訂單金額_美元,01,美國,07712,2282,百萬美元
外銷訂單金額_美元,01,美國,07801,2200,百萬美元
外銷訂單金額_美元,01,美國,07802,1947,百萬美元
外銷訂單金額_美元,01,美國,07803,2523,百萬美元
外銷訂單金額_美元,01,美國,07804,2290,百萬美元
外銷訂單金額_美元,01,美國,07805,2383,百萬美元
外銷訂單金額_美元,01,美國,07806,2259,百萬美元
外銷訂單金額_美元,01,美國,07807,2093,百萬美元
外銷訂單金額_美元,01,美國,07808,2073,百萬美元
外銷訂單金額_美元,01,美國,07809,2182,百萬美元
外銷訂單金額_美元,01,美國,07810,2078,百萬美元
外銷訂單金額_美元,01,美國,07811,2140,百萬美元
外銷訂單金額_美元,01,美國,07812,2020,百萬美元
外銷訂單金額_美元,01,美國,07901,2018,百萬美元
外銷訂單金額_美元,01,美國,07902,2011,百萬美元
外銷訂單金額_美元,01,美國,07903,2309,百萬美元
外銷訂單金額_美元,01,美國,07904,2145,百萬美元
外銷訂單金額_美元,01,美國,07905,2375,百萬美元
外銷訂單金額_美元,01,美國,07906,2069,百萬美元
外銷訂單金額_美元,01,美國,07907,2062,百萬美元
外銷訂單金額_美元,01,美國,07908,2171,百萬美元
外銷訂單金額_美元,01,美國,07909,2083,百萬美元
外銷訂單金額_美元,01,美國,07910,2035,百萬美元
外銷訂單金額_美元,01,美國,07911,1895,百萬美元
外銷訂單金額_美元,01,美國,07912,1968,百萬美元
外銷訂單金額_美元,01,美國,08001,1896,百萬美元
外銷訂單金額_美元,01,美國,08002,1696,百萬美元
外銷訂單金額_美元,01,美國,08003,2017,百萬美元
外銷訂單金額_美元,01,美國,08004,2089,百萬美元
外銷訂單金額_美元,01,美國,08005,2197,百萬美元
外銷訂單金額_美元,01,美國,08006,2287,百萬美元
外銷訂單金額_美元,01,美國,08007,2255,百萬美元
外銷訂單金額_美元,01,美國,08008,2333,百萬美元
外銷訂單金額_美元,01,美國,08009,2307,百萬美元
外銷訂單金額_美元,01,美國,08010,2356,百萬美元
外銷訂單金額_美元,01,美國,08011,2379,百萬美元
外銷訂單金額_美元,01,美國,08012,2268,百萬美元
外銷訂單金額_美元,01,美國,08101,2247,百萬美元
外銷訂單金額_美元,01,美國,08102,1968,百萬美元
外銷訂單金額_美元,01,美國,08103,2245,百萬美元
外銷訂單金額_美元,01,美國,08104,2440,百萬美元
外銷訂單金額_美元,01,美國,08105,2410,百萬美元
外銷訂單金額_美元,01,美國,08106,2419,百萬美元
外銷訂單金額_美元,01,美國,08107,2389,百萬美元
外銷訂單金額_美元,01,美國,08108,2319,百萬美元
外銷訂單金額_美元,01,美國,08109,2271,百萬美元
外銷訂單金額_美元,01,美國,08110,2340,百萬美元
外銷訂單金額_美元,01,美國,08111,2463,百萬美元
外銷訂單金額_美元,01,美國,08112,2266,百萬美元
外銷訂單金額_美元,01,美國,08201,2060,百萬美元
外銷訂單金額_美元,01,美國,08202,2322,百萬美元
外銷訂單金額_美元,01,美國,08203,2538,百萬美元
外銷訂單金額_美元,01,美國,08204,2241,百萬美元
外銷訂單金額_美元,01,美國,08205,2520,百萬美元
外銷訂單金額_美元,01,美國,08206,2393,百萬美元
外銷訂單金額_美元,01,美國,08207,2466,百萬美元
外銷訂單金額_美元,01,美國,08208,2517,百萬美元
外銷訂單金額_美元,01,美國,08209,2266,百萬美元
外銷訂單金額_美元,01,美國,08210,2401,百萬美元
外銷訂單金額_美元,01,美國,08211,2358,百萬美元
外銷訂單金額_美元,01,美國,08212,2505,百萬美元
外銷訂單金額_美元,01,美國,08301,2323,百萬美元
外銷訂單金額_美元,01,美國,08302,2118,百萬美元
外銷訂單金額_美元,01,美國,08303,2532,百萬美元
外銷訂單金額_美元,01,美國,08304,2409,百萬美元
外銷訂單金額_美元,01,美國,08305,2636,百萬美元
外銷訂單金額_美元,01,美國,08306,2480,百萬美元
外銷訂單金額_美元,01,美國,08307,2381,百萬美元
外銷訂單金額_美元,01,美國,08308,2389,百萬美元
外銷訂單金額_美元,01,美國,08309,2621,百萬美元
外銷訂單金額_美元,01,美國,08310,2515,百萬美元
外銷訂單金額_美元,01,美國,08311,2606,百萬美元
外銷訂單金額_美元,01,美國,08312,2676,百萬美元
外銷訂單金額_美元,01,美國,08401,2280,百萬美元
外銷訂單金額_美元,01,美國,08402,2181,百萬美元
外銷訂單金額_美元,01,美國,08403,2689,百萬美元
外銷訂單金額_美元,01,美國,08404,2599,百萬美元
外銷訂單金額_美元,01,美國,08405,2868,百萬美元
外銷訂單金額_美元,01,美國,08406,2592,百萬美元
外銷訂單金額_美元,01,美國,08407,2724,百萬美元
外銷訂單金額_美元,01,美國,08408,3183,百萬美元
外銷訂單金額_美元,01,美國,08409,3088,百萬美元
外銷訂單金額_美元,01,美國,08410,2817,百萬美元
外銷訂單金額_美元,01,美國,08411,3254,百萬美元
外銷訂單金額_美元,01,美國,08412,2900,百萬美元
外銷訂單金額_美元,01,美國,08501,2733,百萬美元
外銷訂單金額_美元,01,美國,08502,2616,百萬美元
外銷訂單金額_美元,01,美國,08503,2978,百萬美元
外銷訂單金額_美元,01,美國,08504,2811,百萬美元
外銷訂單金額_美元,01,美國,08505,2892,百萬美元
外銷訂單金額_美元,01,美國,08506,2853,百萬美元
外銷訂單金額_美元,01,美國,08507,3078,百萬美元
外銷訂單金額_美元,01,美國,08508,3167,百萬美元
外銷訂單金額_美元,01,美國,08509,3195,百萬美元
外銷訂單金額_美元,01,美國,08510,3049,百萬美元
外銷訂單金額_美元,01,美國,08511,2798,百萬美元
外銷訂單金額_美元,01,美國,08512,2792,百萬美元
外銷訂單金額_美元,01,美國,08601,2742,百萬美元
外銷訂單金額_美元,01,美國,08602,2651,百萬美元
外銷訂單金額_美元,01,美國,08603,3122,百萬美元
外銷訂單金額_美元,01,美國,08604,3131,百萬美元
外銷訂單金額_美元,01,美國,08605,3228,百萬美元
外銷訂單金額_美元,01,美國,08606,3126,百萬美元
外銷訂單金額_美元,01,美國,08607,3244,百萬美元
外銷訂單金額_美元,01,美國,08608,3084,百萬美元
外銷訂單金額_美元,01,美國,08609,3405,百萬美元
外銷訂單金額_美元,01,美國,08610,3551,百萬美元
外銷訂單金額_美元,01,美國,08611,3198,百萬美元
外銷訂單金額_美元,01,美國,08612,3255,百萬美元
外銷訂單金額_美元,01,美國,08701,2853,百萬美元
外銷訂單金額_美元,01,美國,08702,3246,百萬美元
外銷訂單金額_美元,01,美國,08703,3344,百萬美元
外銷訂單金額_美元,01,美國,08704,3222,百萬美元
外銷訂單金額_美元,01,美國,08705,3217,百萬美元
外銷訂單金額_美元,01,美國,08706,3352,百萬美元
外銷訂單金額_美元,01,美國,08707,3434,百萬美元
外銷訂單金額_美元,01,美國,08708,3318,百萬美元
外銷訂單金額_美元,01,美國,08709,3644,百萬美元
外銷訂單金額_美元,01,美國,08710,3650,百萬美元
外銷訂單金額_美元,01,美國,08711,3369,百萬美元
外銷訂單金額_美元,01,美國,08712,3357,百萬美元
外銷訂單金額_美元,01,美國,08801,3476,百萬美元
外銷訂單金額_美元,01,美國,08802,3055,百萬美元
外銷訂單金額_美元,01,美國,08803,3469,百萬美元
外銷訂單金額_美元,01,美國,08804,3329,百萬美元
外銷訂單金額_美元,01,美國,08805,3473,百萬美元
外銷訂單金額_美元,01,美國,08806,3573,百萬美元
外銷訂單金額_美元,01,美國,08807,3730,百萬美元
外銷訂單金額_美元,01,美國,08808,3596,百萬美元
外銷訂單金額_美元,01,美國,08809,3537,百萬美元
外銷訂單金額_美元,01,美國,08810,3846,百萬美元
外銷訂單金額_美元,01,美國,08811,3772,百萬美元
外銷訂單金額_美元,01,美國,08812,3565,百萬美元
外銷訂單金額_美元,01,美國,08901,3558,百萬美元
外銷訂單金額_美元,01,美國,08902,3339,百萬美元
外銷訂單金額_美元,01,美國,08903,3851,百萬美元
外銷訂單金額_美元,01,美國,08904,3949,百萬美元
外銷訂單金額_美元,01,美國,08905,4284,百萬美元
外銷訂單金額_美元,01,美國,08906,4653,百萬美元
外銷訂單金額_美元,01,美國,08907,4110,百萬美元
外銷訂單金額_美元,01,美國,08908,4458,百萬美元
外銷訂單金額_美元,01,美國,08909,4664,百萬美元
外銷訂單金額_美元,01,美國,08910,4169,百萬美元
外銷訂單金額_美元,01,美國,08911,4067,百萬美元
外銷訂單金額_美元,01,美國,08912,3921,百萬美元
外銷訂單金額_美元,01,美國,09001,3391,百萬美元
外銷訂單金額_美元,01,美國,09002,3156,百萬美元
外銷訂單金額_美元,01,美國,09003,3962,百萬美元
外銷訂單金額_美元,01,美國,09004,3601,百萬美元
外銷訂單金額_美元,01,美國,09005,3627,百萬美元
外銷訂單金額_美元,01,美國,09006,3709,百萬美元
外銷訂單金額_美元,01,美國,09007,3569,百萬美元
外銷訂單金額_美元,01,美國,09008,3867,百萬美元
外銷訂單金額_美元,01,美國,09009,3310,百萬美元
外銷訂單金額_美元,01,美國,09010,3554,百萬美元
外銷訂單金額_美元,01,美國,09011,3697,百萬美元
外銷訂單金額_美元,01,美國,09012,3525,百萬美元
外銷訂單金額_美元,01,美國,09101,3417,百萬美元
外銷訂單金額_美元,01,美國,09102,3241,百萬美元
外銷訂單金額_美元,01,美國,09103,4095,百萬美元
外銷訂單金額_美元,01,美國,09104,3886,百萬美元
外銷訂單金額_美元,01,美國,09105,3851,百萬美元
外銷訂單金額_美元,01,美國,09106,3639,百萬美元
外銷訂單金額_美元,01,美國,09107,3716,百萬美元
外銷訂單金額_美元,01,美國,09108,3916,百萬美元
外銷訂單金額_美元,01,美國,09109,3650,百萬美元
外銷訂單金額_美元,01,美國,09110,3756,百萬美元
外銷訂單金額_美元,01,美國,09111,3818,百萬美元
外銷訂單金額_美元,01,美國,09112,3687,百萬美元
外銷訂單金額_美元,01,美國,09201,3700,百萬美元
外銷訂單金額_美元,01,美國,09202,3241,百萬美元
外銷訂單金額_美元,01,美國,09203,3751,百萬美元
外銷訂單金額_美元,01,美國,09204,4190,百萬美元
外銷訂單金額_美元,01,美國,09205,3907,百萬美元
外銷訂單金額_美元,01,美國,09206,3933,百萬美元
外銷訂單金額_美元,01,美國,09207,4042,百萬美元
外銷訂單金額_美元,01,美國,09208,4127,百萬美元
外銷訂單金額_美元,01,美國,09209,4381,百萬美元
外銷訂單金額_美元,01,美國,09210,4570,百萬美元
外銷訂單金額_美元,01,美國,09211,4155,百萬美元
外銷訂單金額_美元,01,美國,09212,4245,百萬美元
外銷訂單金額_美元,01,美國,09301,3709,百萬美元
外銷訂單金額_美元,01,美國,09302,4021,百萬美元
外銷訂單金額_美元,01,美國,09303,4605,百萬美元
外銷訂單金額_美元,01,美國,09304,5012,百萬美元
外銷訂單金額_美元,01,美國,09305,5110,百萬美元
外銷訂單金額_美元,01,美國,09306,5325,百萬美元
外銷訂單金額_美元,01,美國,09307,5357,百萬美元
外銷訂單金額_美元,01,美國,09308,5445,百萬美元
外銷訂單金額_美元,01,美國,09309,5653,百萬美元
外銷訂單金額_美元,01,美國,09310,5783,百萬美元
外銷訂單金額_美元,01,美國,09311,5566,百萬美元
外銷訂單金額_美元,01,美國,09312,5818,百萬美元
外銷訂單金額_美元,01,美國,09401,4976,百萬美元
外銷訂單金額_美元,01,美國,09402,4421,百萬美元
外銷訂單金額_美元,01,美國,09403,5484,百萬美元
外銷訂單金額_美元,01,美國,09404,5372,百萬美元
外銷訂單金額_美元,01,美國,09405,5345,百萬美元
外銷訂單金額_美元,01,美國,09406,5645,百萬美元
外銷訂單金額_美元,01,美國,09407,5524,百萬美元
外銷訂單金額_美元,01,美國,09408,5978,百萬美元
外銷訂單金額_美元,01,美國,09409,6434,百萬美元
外銷訂單金額_美元,01,美國,09410,6450,百萬美元
外銷訂單金額_美元,01,美國,09411,6489,百萬美元
外銷訂單金額_美元,01,美國,09412,6805,百萬美元
外銷訂單金額_美元,01,美國,09501,6105,百萬美元
外銷訂單金額_美元,01,美國,09502,5233,百萬美元
外銷訂單金額_美元,01,美國,09503,6727,百萬美元
外銷訂單金額_美元,01,美國,09504,6792,百萬美元
外銷訂單金額_美元,01,美國,09505,6137,百萬美元
外銷訂單金額_美元,01,美國,09506,6786,百萬美元
外銷訂單金額_美元,01,美國,09507,6467,百萬美元
外銷訂單金額_美元,01,美國,09508,6931,百萬美元
外銷訂單金額_美元,01,美國,09509,7283,百萬美元
外銷訂單金額_美元,01,美國,09510,7108,百萬美元
外銷訂單金額_美元,01,美國,09511,6897,百萬美元
外銷訂單金額_美元,01,美國,09512,6867,百萬美元
外銷訂單金額_美元,01,美國,09601,6697,百萬美元
外銷訂單金額_美元,01,美國,09602,5629,百萬美元
外銷訂單金額_美元,01,美國,09603,6970,百萬美元
外銷訂單金額_美元,01,美國,09604,6807,百萬美元
外銷訂單金額_美元,01,美國,09605,6803,百萬美元
外銷訂單金額_美元,01,美國,09606,7310,百萬美元
外銷訂單金額_美元,01,美國,09607,6888,百萬美元
外銷訂單金額_美元,01,美國,09608,7192,百萬美元
外銷訂單金額_美元,01,美國,09609,7562,百萬美元
外銷訂單金額_美元,01,美國,09610,7580,百萬美元
外銷訂單金額_美元,01,美國,09611,7573,百萬美元
外銷訂單金額_美元,01,美國,09612,7518,百萬美元
外銷訂單金額_美元,01,美國,09701,7209,百萬美元
外銷訂單金額_美元,01,美國,09702,6133,百萬美元
外銷訂單金額_美元,01,美國,09703,7329,百萬美元
外銷訂單金額_美元,01,美國,09704,7369,百萬美元
外銷訂單金額_美元,01,美國,09705,7067,百萬美元
外銷訂單金額_美元,01,美國,09706,7028,百萬美元
外銷訂單金額_美元,01,美國,09707,7109,百萬美元
外銷訂單金額_美元,01,美國,09708,7349,百萬美元
外銷訂單金額_美元,01,美國,09709,7389,百萬美元
外銷訂單金額_美元,01,美國,09710,7050,百萬美元
外銷訂單金額_美元,01,美國,09711,5355,百萬美元
外銷訂單金額_美元,01,美國,09712,5659,百萬美元
外銷訂單金額_美元,01,美國,09801,4560,百萬美元
外銷訂單金額_美元,01,美國,09802,4897,百萬美元
外銷訂單金額_美元,01,美國,09803,5612,百萬美元
外銷訂單金額_美元,01,美國,09804,5725,百萬美元
外銷訂單金額_美元,01,美國,09805,5841,百萬美元
外銷訂單金額_美元,01,美國,09806,6439,百萬美元
外銷訂單金額_美元,01,美國,09807,6220,百萬美元
外銷訂單金額_美元,01,美國,09808,5933,百萬美元
外銷訂單金額_美元,01,美國,09809,6606,百萬美元
外銷訂單金額_美元,01,美國,09810,7097,百萬美元
外銷訂單金額_美元,01,美國,09811,6869,百萬美元
外銷訂單金額_美元,01,美國,09812,7131,百萬美元
外銷訂單金額_美元,01,美國,09901,6467,百萬美元
外銷訂單金額_美元,01,美國,09902,5558,百萬美元
外銷訂單金額_美元,01,美國,09903,6634,百萬美元
外銷訂單金額_美元,01,美國,09904,7075,百萬美元
外銷訂單金額_美元,01,美國,09905,7028,百萬美元
外銷訂單金額_美元,01,美國,09906,7562,百萬美元
外銷訂單金額_美元,01,美國,09907,7482,百萬美元
外銷訂單金額_美元,01,美國,09908,7676,百萬美元
外銷訂單金額_美元,01,美國,09909,7708,百萬美元
外銷訂單金額_美元,01,美國,09910,7785,百萬美元
外銷訂單金額_美元,01,美國,09911,7795,百萬美元
外銷訂單金額_美元,01,美國,09912,7880,百萬美元
外銷訂單金額_美元,01,美國,10001,7629,百萬美元
外銷訂單金額_美元,01,美國,10002,6498,百萬美元
外銷訂單金額_美元,01,美國,10003,8572,百萬美元
外銷訂單金額_美元,01,美國,10004,8307,百萬美元
外銷訂單金額_美元,01,美國,10005,8261,百萬美元
外銷訂單金額_美元,01,美國,10006,8811,百萬美元
外銷訂單金額_美元,01,美國,10007,8709,百萬美元
外銷訂單金額_美元,01,美國,10008,8371,百萬美元
外銷訂單金額_美元,01,美國,10009,8427,百萬美元
外銷訂單金額_美元,01,美國,10010,8884,百萬美元
外銷訂單金額_美元,01,美國,10011,8923,百萬美元
外銷訂單金額_美元,01,美國,10012,9082,百萬美元
外銷訂單金額_美元,01,美國,10101,7816,百萬美元
外銷訂單金額_美元,01,美國,10102,7863,百萬美元
外銷訂單金額_美元,01,美國,10103,9121,百萬美元
外銷訂單金額_美元,01,美國,10104,8373,百萬美元
外銷訂單金額_美元,01,美國,10105,8745,百萬美元
外銷訂單金額_美元,01,美國,10106,8605,百萬美元
外銷訂單金額_美元,01,美國,10107,8833,百萬美元
外銷訂單金額_美元,01,美國,10108,8221,百萬美元
外銷訂單金額_美元,01,美國,10109,9201,百萬美元
外銷訂單金額_美元,01,美國,10110,9712,百萬美元
外銷訂單金額_美元,01,美國,10111,10737,百萬美元
外銷訂單金額_美元,01,美國,10112,9987,百萬美元
外銷訂單金額_美元,01,美國,10201,9029,百萬美元
外銷訂單金額_美元,01,美國,10202,7095,百萬美元
外銷訂單金額_美元,01,美國,10203,8411,百萬美元
外銷訂單金額_美元,01,美國,10204,8784,百萬美元
外銷訂單金額_美元,01,美國,10205,8998,百萬美元
外銷訂單金額_美元,01,美國,10206,8825,百萬美元
外銷訂單金額_美元,01,美國,10207,9083,百萬美元
外銷訂單金額_美元,01,美國,10208,8968,百萬美元
外銷訂單金額_美元,01,美國,10209,9841,百萬美元
外銷訂單金額_美元,01,美國,10210,10582,百萬美元
外銷訂單金額_美元,01,美國,10211,10305,百萬美元
外銷訂單金額_美元,01,美國,10212,10631,百萬美元
外銷訂單金額_美元,01,美國,10301,8581,百萬美元
外銷訂單金額_美元,01,美國,10302,7255,百萬美元
外銷訂單金額_美元,01,美國,10303,8499,百萬美元
外銷訂單金額_美元,01,美國,10304,9286,百萬美元
外銷訂單金額_美元,01,美國,10305,9298,百萬美元
外銷訂單金額_美元,01,美國,10306,9414,百萬美元
外銷訂單金額_美元,01,美國,10307,9215,百萬美元
外銷訂單金額_美元,01,美國,10308,9426,百萬美元
外銷訂單金額_美元,01,美國,10309,11366,百萬美元
外銷訂單金額_美元,01,美國,10310,12426,百萬美元
外銷訂單金額_美元,01,美國,10311,11773,百萬美元
外銷訂單金額_美元,01,美國,10312,11995,百萬美元
外銷訂單金額_美元,01,美國,10401,10699,百萬美元
外銷訂單金額_美元,01,美國,10402,7914,百萬美元
外銷訂單金額_美元,01,美國,10403,9915,百萬美元
外銷訂單金額_美元,01,美國,10404,10586,百萬美元
外銷訂單金額_美元,01,美國,10405,9785,百萬美元
外銷訂單金額_美元,01,美國,10406,9997,百萬美元
外銷訂單金額_美元,01,美國,10407,10222,百萬美元
外銷訂單金額_美元,01,美國,10408,9481,百萬美元
外銷訂單金額_美元,01,美國,10409,11428,百萬美元
外銷訂單金額_美元,01,美國,10410,13120,百萬美元
外銷訂單金額_美元,01,美國,10411,11783,百萬美元
外銷訂單金額_美元,01,美國,10412,11023,百萬美元
外銷訂單金額_美元,01,美國,10501,9687,百萬美元
外銷訂單金額_美元,01,美國,10502,7559,百萬美元
外銷訂單金額_美元,01,美國,10503,9695,百萬美元
外銷訂單金額_美元,01,美國,10504,9381,百萬美元
外銷訂單金額_美元,01,美國,10505,9393,百萬美元
外銷訂單金額_美元,01,美國,10506,10122,百萬美元
外銷訂單金額_美元,01,美國,10507,10054,百萬美元
外銷訂單金額_美元,01,美國,10508,10915,百萬美元
外銷訂單金額_美元,01,美國,10509,12898,百萬美元
外銷訂單金額_美元,01,美國,10510,12951,百萬美元
外銷訂單金額_美元,01,美國,10511,12970,百萬美元
外銷訂單金額_美元,01,美國,10512,11976,百萬美元
外銷訂單金額_美元,01,美國,10601,10149,百萬美元
外銷訂單金額_美元,01,美國,10602,9152,百萬美元
外銷訂單金額_美元,01,美國,10603,11192,百萬美元
外銷訂單金額_美元,01,美國,10604,9947,百萬美元
外銷訂單金額_美元,01,美國,10605,10356,百萬美元
外銷訂單金額_美元,01,美國,10606,11445,百萬美元
外銷訂單金額_美元,01,美國,10607,10831,百萬美元
外銷訂單金額_美元,01,美國,10608,10828,百萬美元
外銷訂單金額_美元,01,美國,10609,13187,百萬美元
外銷訂單金額_美元,01,美國,10610,13793,百萬美元
外銷訂單金額_美元,01,美國,10611,13728,百萬美元
外銷訂單金額_美元,01,美國,10612,13198,百萬美元
外銷訂單金額_美元,01,美國,10701,11805,百萬美元
外銷訂單金額_美元,01,美國,10702,8343,百萬美元
外銷訂單金額_美元,01,美國,10703,11922,百萬美元
外銷訂單金額_美元,01,美國,10704,10907,百萬美元
外銷訂單金額_美元,01,美國,10705,11218,百萬美元
外銷訂單金額_美元,01,美國,10706,10959,百萬美元
外銷訂單金額_美元,01,美國,10707,11738,百萬美元
外銷訂單金額_美元,01,美國,10708,12442,百萬美元
外銷訂單金額_美元,01,美國,10709,13675,百萬美元
外銷訂單金額_美元,01,美國,10710,14923,百萬美元
外銷訂單金額_美元,01,美國,10711,14470,百萬美元
外銷訂單金額_美元,01,美國,10712,13935,百萬美元
外銷訂單金額_美元,01,美國,10801,11183,百萬美元
外銷訂單金額_美元,01,美國,10802,7884,百萬美元
外銷訂單金額_美元,01,美國,10803,10765,百萬美元
外銷訂單金額_美元,01,美國,10804,10249,百萬美元
外銷訂單金額_美元,01,美國,10805,10991,百萬美元
外銷訂單金額_美元,01,美國,10806,11704,百萬美元
外銷訂單金額_美元,01,美國,10807,11551,百萬美元
外銷訂單金額_美元,01,美國,10808,11468,百萬美元
外銷訂單金額_美元,01,美國,10809,13430,百萬美元
外銷訂單金額_美元,01,美國,10810,14479,百萬美元
外銷訂單金額_美元,01,美國,10811,13884,百萬美元
外銷訂單金額_美元,01,美國,10812,12712,百萬美元
外銷訂單金額_美元,01,美國,10901,9893,百萬美元
外銷訂單金額_美元,01,美國,10902,8134,百萬美元
外銷訂單金額_美元,01,美國,10903,11747,百萬美元
外銷訂單金額_美元,01,美國,10904,10948,百萬美元
外銷訂單金額_美元,01,美國,10905,11940,百萬美元
外銷訂單金額_美元,01,美國,10906,13295,百萬美元
外銷訂單金額_美元,01,美國,10907,14117,百萬美元
外銷訂單金額_美元,01,美國,10908,13699,百萬美元
外銷訂單金額_美元,01,美國,10909,14917,百萬美元
外銷訂單金額_美元,01,美國,10910,16952,百萬美元
外銷訂單金額_美元,01,美國,10911,18126,百萬美元
外銷訂單金額_美元,01,美國,10912,17854,百萬美元
外銷訂單金額_美元,01,美國,11001,14804,百萬美元
外銷訂單金額_美元,01,美國,11002,12214,百萬美元
外銷訂單金額_美元,01,美國,11003,15650,百萬美元
外銷訂單金額_美元,01,美國,11004,15656,百萬美元
外銷訂單金額_美元,01,美國,11005,15293,百萬美元
外銷訂單金額_美元,01,美國,11006,16480,百萬美元
外銷訂單金額_美元,01,美國,11007,16441,百萬美元
外銷訂單金額_美元,01,美國,11008,16329,百萬美元
外銷訂單金額_美元,01,美國,11009,19287,百萬美元
外銷訂單金額_美元,01,美國,11010,17032,百萬美元
外銷訂單金額_美元,01,美國,11011,20079,百萬美元
外銷訂單金額_美元,01,美國,11012,20872,百萬美元
外銷訂單金額_美元,01,美國,11101,17557,百萬美元
外銷訂單金額_美元,01,美國,11102,15088,百萬美元
外銷訂單金額_美元,01,美國,11103,18602,百萬美元
外銷訂單金額_美元,01,美國,11104,15617,百萬美元
外銷訂單金額_美元,01,美國,11105,16892,百萬美元
外銷訂單金額_美元,01,美國,11106,18668,百萬美元
外銷訂單金額_美元,01,美國,11107,17570,百萬美元
外銷訂單金額_美元,01,美國,11108,17555,百萬美元
外銷訂單金額_美元,01,美國,11109,19836,百萬美元
外銷訂單金額_美元,01,美國,11110,17244,百萬美元
外銷訂單金額_美元,01,美國,11111,16730,百萬美元
外銷訂單金額_美元,01,美國,11112,17796,百萬美元
外銷訂單金額_美元,01,美國,11201,14983,百萬美元
外銷訂單金額_美元,01,美國,11202,13191,百萬美元
外銷訂單金額_美元,01,美國,11203,14752,百萬美元
外銷訂單金額_美元,01,美國,11204,13248,百萬美元
外銷訂單金額_美元,01,美國,11205,14605,百萬美元
外銷訂單金額_美元,01,美國,11206,14261,百萬美元
外銷訂單金額_美元,01,美國,11207,14294,百萬美元
外銷訂單金額_美元,01,美國,11208,15015,百萬美元
外銷訂單金額_美元,01,美國,11209,16646,百萬美元
外銷訂單金額_美元,01,美國,11210,17002,百萬美元
外銷訂單金額_美元,01,美國,11211,16322,百萬美元
外銷訂單金額_美元,01,美國,11212,13956,百萬美元
外銷訂單金額_美元,01,美國,11301,15392,百萬美元
外銷訂單金額_美元,01,美國,11302,12429,百萬美元
外銷訂單金額_美元,01,美國,11303,14431,百萬美元
外銷訂單金額_美元,01,美國,11304,14805,百萬美元
外銷訂單金額_美元,01,美國,11305,15055,百萬美元
外銷訂單金額_美元,01,美國,11306,14791,百萬美元
外銷訂單金額_美元,01,美國,11307,16345,百萬美元
外銷訂單金額_美元,01,美國,11308,16696,百萬美元
外銷訂單金額_美元,01,美國,11309,18034,百萬美元
外銷訂單金額_美元,01,美國,11310,19151,百萬美元
外銷訂單金額_美元,01,美國,11311,18225,百萬美元
外銷訂單金額_美元,01,美國,11312,18289,百萬美元
外銷訂單金額_美元,01,美國,11401,16758,百萬美元
外銷訂單金額_美元,01,美國,11402,17186,百萬美元
外銷訂單金額_美元,01,美國,11403,19566,百萬美元
外銷訂單金額_美元,01,美國,11404,20241,百萬美元
外銷訂單金額_美元,01,美國,11405,22206,百萬美元
外銷訂單金額_美元,01,美國,11406,21062,百萬美元
外銷訂單金額_美元,01,美國,11407,21598,百萬美元
外銷訂單金額_美元,01,美國,11408,22301,百萬美元
外銷訂單金額_美元,01,美國,11409,25292,百萬美元
外銷訂單金額_美元,01,美國,11410,25290,百萬美元
外銷訂單金額_美元,01,美國,11411,28445,百萬美元
外銷訂單金額_美元,01,美國,11412,28394,百萬美元
外銷訂單金額_美元,01,美國,11501,27538,百萬美元
外銷訂單金額_美元,01,美國,11502,24932,百萬美元
外銷訂單金額_美元,01,美國,11503,34520,百萬美元
外銷訂單金額_美元,01,美國,11504,32918,百萬美元
外銷訂單金額_美元,01,美國,11505,36394,百萬美元
外銷訂單金額_美元,01,美國,11506,38659,百萬美元
外銷訂單金額_美元,01,美國,11507,40790,百萬美元
外銷訂單金額_美元,04,日本,07301,238,百萬美元
外銷訂單金額_美元,04,日本,07302,224,百萬美元
外銷訂單金額_美元,04,日本,07303,360,百萬美元
外銷訂單金額_美元,04,日本,07304,287,百萬美元
外銷訂單金額_美元,04,日本,07305,345,百萬美元
外銷訂單金額_美元,04,日本,07306,260,百萬美元
外銷訂單金額_美元,04,日本,07307,236,百萬美元
外銷訂單金額_美元,04,日本,07308,269,百萬美元
外銷訂單金額_美元,04,日本,07309,251,百萬美元
外銷訂單金額_美元,04,日本,07310,302,百萬美元
外銷訂單金額_美元,04,日本,07311,282,百萬美元
外銷訂單金額_美元,04,日本,07312,274,百萬美元
外銷訂單金額_美元,04,日本,07401,225,百萬美元
外銷訂單金額_美元,04,日本,07402,264,百萬美元
外銷訂單金額_美元,04,日本,07403,301,百萬美元
外銷訂單金額_美元,04,日本,07404,270,百萬美元
外銷訂單金額_美元,04,日本,07405,267,百萬美元
外銷訂單金額_美元,04,日本,07406,285,百萬美元
外銷訂單金額_美元,04,日本,07407,273,百萬美元
外銷訂單金額_美元,04,日本,07408,274,百萬美元
外銷訂單金額_美元,04,日本,07409,280,百萬美元
外銷訂單金額_美元,04,日本,07410,303,百萬美元
外銷訂單金額_美元,04,日本,07411,296,百萬美元
外銷訂單金額_美元,04,日本,07412,281,百萬美元
外銷訂單金額_美元,04,日本,07501,324,百萬美元
外銷訂單金額_美元,04,日本,07502,269,百萬美元
外銷訂單金額_美元,04,日本,07503,339,百萬美元
外銷訂單金額_美元,04,日本,07504,344,百萬美元
外銷訂單金額_美元,04,日本,07505,382,百萬美元
外銷訂單金額_美元,04,日本,07506,346,百萬美元
外銷訂單金額_美元,04,日本,07507,376,百萬美元
外銷訂單金額_美元,04,日本,07508,375,百萬美元
外銷訂單金額_美元,04,日本,07509,419,百萬美元
外銷訂單金額_美元,04,日本,07510,496,百萬美元
外銷訂單金額_美元,04,日本,07511,460,百萬美元
外銷訂單金額_美元,04,日本,07512,467,百萬美元
外銷訂單金額_美元,04,日本,07601,426,百萬美元
外銷訂單金額_美元,04,日本,07602,396,百萬美元
外銷訂單金額_美元,04,日本,07603,474,百萬美元
外銷訂單金額_美元,04,日本,07604,583,百萬美元
外銷訂單金額_美元,04,日本,07605,578,百萬美元
外銷訂單金額_美元,04,日本,07606,597,百萬美元
外銷訂單金額_美元,04,日本,07607,605,百萬美元
外銷訂單金額_美元,04,日本,07608,582,百萬美元
外銷訂單金額_美元,04,日本,07609,681,百萬美元
外銷訂單金額_美元,04,日本,07610,717,百萬美元
外銷訂單金額_美元,04,日本,07611,702,百萬美元
外銷訂單金額_美元,04,日本,07612,647,百萬美元
外銷訂單金額_美元,04,日本,07701,642,百萬美元
外銷訂單金額_美元,04,日本,07702,594,百萬美元
外銷訂單金額_美元,04,日本,07703,643,百萬美元
外銷訂單金額_美元,04,日本,07704,685,百萬美元
外銷訂單金額_美元,04,日本,07705,642,百萬美元
外銷訂單金額_美元,04,日本,07706,798,百萬美元
外銷訂單金額_美元,04,日本,07707,696,百萬美元
外銷訂單金額_美元,04,日本,07708,690,百萬美元
外銷訂單金額_美元,04,日本,07709,734,百萬美元
外銷訂單金額_美元,04,日本,07710,788,百萬美元
外銷訂單金額_美元,04,日本,07711,771,百萬美元
外銷訂單金額_美元,04,日本,07712,761,百萬美元
外銷訂單金額_美元,04,日本,07801,881,百萬美元
外銷訂單金額_美元,04,日本,07802,734,百萬美元
外銷訂單金額_美元,04,日本,07803,968,百萬美元
外銷訂單金額_美元,04,日本,07804,946,百萬美元
外銷訂單金額_美元,04,日本,07805,926,百萬美元
外銷訂單金額_美元,04,日本,07806,840,百萬美元
外銷訂單金額_美元,04,日本,07807,912,百萬美元
外銷訂單金額_美元,04,日本,07808,811,百萬美元
外銷訂單金額_美元,04,日本,07809,778,百萬美元
外銷訂單金額_美元,04,日本,07810,724,百萬美元
外銷訂單金額_美元,04,日本,07811,761,百萬美元
外銷訂單金額_美元,04,日本,07812,846,百萬美元
外銷訂單金額_美元,04,日本,07901,648,百萬美元
外銷訂單金額_美元,04,日本,07902,711,百萬美元
外銷訂單金額_美元,04,日本,07903,819,百萬美元
外銷訂單金額_美元,04,日本,07904,758,百萬美元
外銷訂單金額_美元,04,日本,07905,761,百萬美元
外銷訂單金額_美元,04,日本,07906,782,百萬美元
外銷訂單金額_美元,04,日本,07907,773,百萬美元
外銷訂單金額_美元,04,日本,07908,700,百萬美元
外銷訂單金額_美元,04,日本,07909,700,百萬美元
外銷訂單金額_美元,04,日本,07910,815,百萬美元
外銷訂單金額_美元,04,日本,07911,845,百萬美元
外銷訂單金額_美元,04,日本,07912,761,百萬美元
外銷訂單金額_美元,04,日本,08001,858,百萬美元
外銷訂單金額_美元,04,日本,08002,724,百萬美元
外銷訂單金額_美元,04,日本,08003,943,百萬美元
外銷訂單金額_美元,04,日本,08004,776,百萬美元
外銷訂單金額_美元,04,日本,08005,849,百萬美元
外銷訂單金額_美元,04,日本,08006,796,百萬美元
外銷訂單金額_美元,04,日本,08007,746,百萬美元
外銷訂單金額_美元,04,日本,08008,754,百萬美元
外銷訂單金額_美元,04,日本,08009,758,百萬美元
外銷訂單金額_美元,04,日本,08010,796,百萬美元
外銷訂單金額_美元,04,日本,08011,792,百萬美元
外銷訂單金額_美元,04,日本,08012,791,百萬美元
外銷訂單金額_美元,04,日本,08101,927,百萬美元
外銷訂單金額_美元,04,日本,08102,709,百萬美元
外銷訂單金額_美元,04,日本,08103,907,百萬美元
外銷訂單金額_美元,04,日本,08104,979,百萬美元
外銷訂單金額_美元,04,日本,08105,849,百萬美元
外銷訂單金額_美元,04,日本,08106,804,百萬美元
外銷訂單金額_美元,04,日本,08107,800,百萬美元
外銷訂單金額_美元,04,日本,08108,702,百萬美元
外銷訂單金額_美元,04,日本,08109,786,百萬美元
外銷訂單金額_美元,04,日本,08110,823,百萬美元
外銷訂單金額_美元,04,日本,08111,759,百萬美元
外銷訂單金額_美元,04,日本,08112,752,百萬美元
外銷訂單金額_美元,04,日本,08201,633,百萬美元
外銷訂單金額_美元,04,日本,08202,745,百萬美元
外銷訂單金額_美元,04,日本,08203,896,百萬美元
外銷訂單金額_美元,04,日本,08204,880,百萬美元
外銷訂單金額_美元,04,日本,08205,900,百萬美元
外銷訂單金額_美元,04,日本,08206,761,百萬美元
外銷訂單金額_美元,04,日本,08207,749,百萬美元
外銷訂單金額_美元,04,日本,08208,748,百萬美元
外銷訂單金額_美元,04,日本,08209,757,百萬美元
外銷訂單金額_美元,04,日本,08210,817,百萬美元
外銷訂單金額_美元,04,日本,08211,772,百萬美元
外銷訂單金額_美元,04,日本,08212,795,百萬美元
外銷訂單金額_美元,04,日本,08301,760,百萬美元
外銷訂單金額_美元,04,日本,08302,692,百萬美元
外銷訂單金額_美元,04,日本,08303,844,百萬美元
外銷訂單金額_美元,04,日本,08304,875,百萬美元
外銷訂單金額_美元,04,日本,08305,942,百萬美元
外銷訂單金額_美元,04,日本,08306,931,百萬美元
外銷訂單金額_美元,04,日本,08307,974,百萬美元
外銷訂單金額_美元,04,日本,08308,1003,百萬美元
外銷訂單金額_美元,04,日本,08309,1029,百萬美元
外銷訂單金額_美元,04,日本,08310,981,百萬美元
外銷訂單金額_美元,04,日本,08311,1011,百萬美元
外銷訂單金額_美元,04,日本,08312,999,百萬美元
外銷訂單金額_美元,04,日本,08401,920,百萬美元
外銷訂單金額_美元,04,日本,08402,858,百萬美元
外銷訂單金額_美元,04,日本,08403,1198,百萬美元
外銷訂單金額_美元,04,日本,08404,1064,百萬美元
外銷訂單金額_美元,04,日本,08405,1392,百萬美元
外銷訂單金額_美元,04,日本,08406,1229,百萬美元
外銷訂單金額_美元,04,日本,08407,1361,百萬美元
外銷訂單金額_美元,04,日本,08408,1279,百萬美元
外銷訂單金額_美元,04,日本,08409,1326,百萬美元
外銷訂單金額_美元,04,日本,08410,1361,百萬美元
外銷訂單金額_美元,04,日本,08411,1329,百萬美元
外銷訂單金額_美元,04,日本,08412,1319,百萬美元
外銷訂單金額_美元,04,日本,08501,1257,百萬美元
外銷訂單金額_美元,04,日本,08502,1186,百萬美元
外銷訂單金額_美元,04,日本,08503,1281,百萬美元
外銷訂單金額_美元,04,日本,08504,1384,百萬美元
外銷訂單金額_美元,04,日本,08505,1507,百萬美元
外銷訂單金額_美元,04,日本,08506,1556,百萬美元
外銷訂單金額_美元,04,日本,08507,1272,百萬美元
外銷訂單金額_美元,04,日本,08508,1226,百萬美元
外銷訂單金額_美元,04,日本,08509,1414,百萬美元
外銷訂單金額_美元,04,日本,08510,1283,百萬美元
外銷訂單金額_美元,04,日本,08511,1296,百萬美元
外銷訂單金額_美元,04,日本,08512,1213,百萬美元
外銷訂單金額_美元,04,日本,08601,1172,百萬美元
外銷訂單金額_美元,04,日本,08602,1062,百萬美元
外銷訂單金額_美元,04,日本,08603,1204,百萬美元
外銷訂單金額_美元,04,日本,08604,1185,百萬美元
外銷訂單金額_美元,04,日本,08605,1225,百萬美元
外銷訂單金額_美元,04,日本,08606,1288,百萬美元
外銷訂單金額_美元,04,日本,08607,1193,百萬美元
外銷訂單金額_美元,04,日本,08608,1056,百萬美元
外銷訂單金額_美元,04,日本,08609,1063,百萬美元
外銷訂單金額_美元,04,日本,08610,1076,百萬美元
外銷訂單金額_美元,04,日本,08611,984,百萬美元
外銷訂單金額_美元,04,日本,08612,1099,百萬美元
外銷訂單金額_美元,04,日本,08701,833,百萬美元
外銷訂單金額_美元,04,日本,08702,973,百萬美元
外銷訂單金額_美元,04,日本,08703,984,百萬美元
外銷訂單金額_美元,04,日本,08704,987,百萬美元
外銷訂單金額_美元,04,日本,08705,989,百萬美元
外銷訂單金額_美元,04,日本,08706,1034,百萬美元
外銷訂單金額_美元,04,日本,08707,985,百萬美元
外銷訂單金額_美元,04,日本,08708,851,百萬美元
外銷訂單金額_美元,04,日本,08709,826,百萬美元
外銷訂單金額_美元,04,日本,08710,925,百萬美元
外銷訂單金額_美元,04,日本,08711,867,百萬美元
外銷訂單金額_美元,04,日本,08712,900,百萬美元
外銷訂單金額_美元,04,日本,08801,974,百萬美元
外銷訂單金額_美元,04,日本,08802,848,百萬美元
外銷訂單金額_美元,04,日本,08803,994,百萬美元
外銷訂單金額_美元,04,日本,08804,1068,百萬美元
外銷訂單金額_美元,04,日本,08805,1020,百萬美元
外銷訂單金額_美元,04,日本,08806,1087,百萬美元
外銷訂單金額_美元,04,日本,08807,1131,百萬美元
外銷訂單金額_美元,04,日本,08808,1000,百萬美元
外銷訂單金額_美元,04,日本,08809,1015,百萬美元
外銷訂單金額_美元,04,日本,08810,1147,百萬美元
外銷訂單金額_美元,04,日本,08811,1100,百萬美元
外銷訂單金額_美元,04,日本,08812,1096,百萬美元
外銷訂單金額_美元,04,日本,08901,1092,百萬美元
外銷訂單金額_美元,04,日本,08902,1003,百萬美元
外銷訂單金額_美元,04,日本,08903,1421,百萬美元
外銷訂單金額_美元,04,日本,08904,1228,百萬美元
外銷訂單金額_美元,04,日本,08905,1424,百萬美元
外銷訂單金額_美元,04,日本,08906,1499,百萬美元
外銷訂單金額_美元,04,日本,08907,1447,百萬美元
外銷訂單金額_美元,04,日本,08908,1421,百萬美元
外銷訂單金額_美元,04,日本,08909,1467,百萬美元
外銷訂單金額_美元,04,日本,08910,1540,百萬美元
外銷訂單金額_美元,04,日本,08911,1506,百萬美元
外銷訂單金額_美元,04,日本,08912,1395,百萬美元
外銷訂單金額_美元,04,日本,09001,1218,百萬美元
外銷訂單金額_美元,04,日本,09002,1280,百萬美元
外銷訂單金額_美元,04,日本,09003,1285,百萬美元
外銷訂單金額_美元,04,日本,09004,1183,百萬美元
外銷訂單金額_美元,04,日本,09005,1219,百萬美元
外銷訂單金額_美元,04,日本,09006,1148,百萬美元
外銷訂單金額_美元,04,日本,09007,1139,百萬美元
外銷訂單金額_美元,04,日本,09008,968,百萬美元
外銷訂單金額_美元,04,日本,09009,927,百萬美元
外銷訂單金額_美元,04,日本,09010,1177,百萬美元
外銷訂單金額_美元,04,日本,09011,1133,百萬美元
外銷訂單金額_美元,04,日本,09012,970,百萬美元
外銷訂單金額_美元,04,日本,09101,1150,百萬美元
外銷訂單金額_美元,04,日本,09102,1043,百萬美元
外銷訂單金額_美元,04,日本,09103,1225,百萬美元
外銷訂單金額_美元,04,日本,09104,1456,百萬美元
外銷訂單金額_美元,04,日本,09105,1487,百萬美元
外銷訂單金額_美元,04,日本,09106,1324,百萬美元
外銷訂單金額_美元,04,日本,09107,1324,百萬美元
外銷訂單金額_美元,04,日本,09108,1218,百萬美元
外銷訂單金額_美元,04,日本,09109,1229,百萬美元
外銷訂單金額_美元,04,日本,09110,1416,百萬美元
外銷訂單金額_美元,04,日本,09111,1381,百萬美元
外銷訂單金額_美元,04,日本,09112,1450,百萬美元
外銷訂單金額_美元,04,日本,09201,1275,百萬美元
外銷訂單金額_美元,04,日本,09202,1068,百萬美元
外銷訂單金額_美元,04,日本,09203,1279,百萬美元
外銷訂單金額_美元,04,日本,09204,1375,百萬美元
外銷訂單金額_美元,04,日本,09205,1465,百萬美元
外銷訂單金額_美元,04,日本,09206,1594,百萬美元
外銷訂單金額_美元,04,日本,09207,1653,百萬美元
外銷訂單金額_美元,04,日本,09208,1572,百萬美元
外銷訂單金額_美元,04,日本,09209,1688,百萬美元
外銷訂單金額_美元,04,日本,09210,1758,百萬美元
外銷訂單金額_美元,04,日本,09211,1626,百萬美元
外銷訂單金額_美元,04,日本,09212,1601,百萬美元
外銷訂單金額_美元,04,日本,09301,1360,百萬美元
外銷訂單金額_美元,04,日本,09302,1401,百萬美元
外銷訂單金額_美元,04,日本,09303,1563,百萬美元
外銷訂單金額_美元,04,日本,09304,1649,百萬美元
外銷訂單金額_美元,04,日本,09305,1422,百萬美元
外銷訂單金額_美元,04,日本,09306,1835,百萬美元
外銷訂單金額_美元,04,日本,09307,1918,百萬美元
外銷訂單金額_美元,04,日本,09308,1666,百萬美元
外銷訂單金額_美元,04,日本,09309,1984,百萬美元
外銷訂單金額_美元,04,日本,09310,2345,百萬美元
外銷訂單金額_美元,04,日本,09311,2136,百萬美元
外銷訂單金額_美元,04,日本,09312,2380,百萬美元
外銷訂單金額_美元,04,日本,09401,1971,百萬美元
外銷訂單金額_美元,04,日本,09402,2041,百萬美元
外銷訂單金額_美元,04,日本,09403,2279,百萬美元
外銷訂單金額_美元,04,日本,09404,2326,百萬美元
外銷訂單金額_美元,04,日本,09405,2219,百萬美元
外銷訂單金額_美元,04,日本,09406,2422,百萬美元
外銷訂單金額_美元,04,日本,09407,2240,百萬美元
外銷訂單金額_美元,04,日本,09408,2424,百萬美元
外銷訂單金額_美元,04,日本,09409,2665,百萬美元
外銷訂單金額_美元,04,日本,09410,2935,百萬美元
外銷訂單金額_美元,04,日本,09411,2807,百萬美元
外銷訂單金額_美元,04,日本,09412,3269,百萬美元
外銷訂單金額_美元,04,日本,09501,2639,百萬美元
外銷訂單金額_美元,04,日本,09502,2340,百萬美元
外銷訂單金額_美元,04,日本,09503,2718,百萬美元
外銷訂單金額_美元,04,日本,09504,2503,百萬美元
外銷訂單金額_美元,04,日本,09505,2367,百萬美元
外銷訂單金額_美元,04,日本,09506,2539,百萬美元
外銷訂單金額_美元,04,日本,09507,2442,百萬美元
外銷訂單金額_美元,04,日本,09508,2666,百萬美元
外銷訂單金額_美元,04,日本,09509,2585,百萬美元
外銷訂單金額_美元,04,日本,09510,2716,百萬美元
外銷訂單金額_美元,04,日本,09511,2805,百萬美元
外銷訂單金額_美元,04,日本,09512,2532,百萬美元
外銷訂單金額_美元,04,日本,09601,2337,百萬美元
外銷訂單金額_美元,04,日本,09602,2441,百萬美元
外銷訂單金額_美元,04,日本,09603,2798,百萬美元
外銷訂單金額_美元,04,日本,09604,2856,百萬美元
外銷訂單金額_美元,04,日本,09605,2457,百萬美元
外銷訂單金額_美元,04,日本,09606,2700,百萬美元
外銷訂單金額_美元,04,日本,09607,3069,百萬美元
外銷訂單金額_美元,04,日本,09608,2690,百萬美元
外銷訂單金額_美元,04,日本,09609,2933,百萬美元
外銷訂單金額_美元,04,日本,09610,3071,百萬美元
外銷訂單金額_美元,04,日本,09611,3164,百萬美元
外銷訂單金額_美元,04,日本,09612,3107,百萬美元
外銷訂單金額_美元,04,日本,09701,2857,百萬美元
外銷訂單金額_美元,04,日本,09702,2786,百萬美元
外銷訂單金額_美元,04,日本,09703,3142,百萬美元
外銷訂單金額_美元,04,日本,09704,3273,百萬美元
外銷訂單金額_美元,04,日本,09705,3098,百萬美元
外銷訂單金額_美元,04,日本,09706,3102,百萬美元
外銷訂單金額_美元,04,日本,09707,3121,百萬美元
外銷訂單金額_美元,04,日本,09708,3292,百萬美元
外銷訂單金額_美元,04,日本,09709,3451,百萬美元
外銷訂單金額_美元,04,日本,09710,3546,百萬美元
外銷訂單金額_美元,04,日本,09711,3104,百萬美元
外銷訂單金額_美元,04,日本,09712,2262,百萬美元
外銷訂單金額_美元,04,日本,09801,1855,百萬美元
外銷訂單金額_美元,04,日本,09802,1745,百萬美元
外銷訂單金額_美元,04,日本,09803,2063,百萬美元
外銷訂單金額_美元,04,日本,09804,2479,百萬美元
外銷訂單金額_美元,04,日本,09805,2643,百萬美元
外銷訂單金額_美元,04,日本,09806,3193,百萬美元
外銷訂單金額_美元,04,日本,09807,3007,百萬美元
外銷訂單金額_美元,04,日本,09808,2707,百萬美元
外銷訂單金額_美元,04,日本,09809,3574,百萬美元
外銷訂單金額_美元,04,日本,09810,3792,百萬美元
外銷訂單金額_美元,04,日本,09811,3830,百萬美元
外銷訂單金額_美元,04,日本,09812,3704,百萬美元
外銷訂單金額_美元,04,日本,09901,3512,百萬美元
外銷訂單金額_美元,04,日本,09902,3517,百萬美元
外銷訂單金額_美元,04,日本,09903,3993,百萬美元
外銷訂單金額_美元,04,日本,09904,3799,百萬美元
外銷訂單金額_美元,04,日本,09905,3901,百萬美元
外銷訂單金額_美元,04,日本,09906,4272,百萬美元
外銷訂單金額_美元,04,日本,09907,4026,百萬美元
外銷訂單金額_美元,04,日本,09908,4097,百萬美元
外銷訂單金額_美元,04,日本,09909,4237,百萬美元
外銷訂單金額_美元,04,日本,09910,4318,百萬美元
外銷訂單金額_美元,04,日本,09911,4050,百萬美元
外銷訂單金額_美元,04,日本,09912,3954,百萬美元
外銷訂單金額_美元,04,日本,10001,3694,百萬美元
外銷訂單金額_美元,04,日本,10002,3151,百萬美元
外銷訂單金額_美元,04,日本,10003,3756,百萬美元
外銷訂單金額_美元,04,日本,10004,3840,百萬美元
外銷訂單金額_美元,04,日本,10005,3559,百萬美元
外銷訂單金額_美元,04,日本,10006,3591,百萬美元
外銷訂單金額_美元,04,日本,10007,3674,百萬美元
外銷訂單金額_美元,04,日本,10008,3707,百萬美元
外銷訂單金額_美元,04,日本,10009,3678,百萬美元
外銷訂單金額_美元,04,日本,10010,3673,百萬美元
外銷訂單金額_美元,04,日本,10011,3194,百萬美元
外銷訂單金額_美元,04,日本,10012,3252,百萬美元
外銷訂單金額_美元,04,日本,10101,3083,百萬美元
外銷訂單金額_美元,04,日本,10102,3266,百萬美元
外銷訂單金額_美元,04,日本,10103,3380,百萬美元
外銷訂單金額_美元,04,日本,10104,3398,百萬美元
外銷訂單金額_美元,04,日本,10105,3434,百萬美元
外銷訂單金額_美元,04,日本,10106,3409,百萬美元
外銷訂單金額_美元,04,日本,10107,3477,百萬美元
外銷訂單金額_美元,04,日本,10108,3501,百萬美元
外銷訂單金額_美元,04,日本,10109,3372,百萬美元
外銷訂單金額_美元,04,日本,10110,3645,百萬美元
外銷訂單金額_美元,04,日本,10111,3340,百萬美元
外銷訂單金額_美元,04,日本,10112,3091,百萬美元
外銷訂單金額_美元,04,日本,10201,3136,百萬美元
外銷訂單金額_美元,04,日本,10202,2532,百萬美元
外銷訂單金額_美元,04,日本,10203,2853,百萬美元
外銷訂單金額_美元,04,日本,10204,2720,百萬美元
外銷訂單金額_美元,04,日本,10205,2867,百萬美元
外銷訂單金額_美元,04,日本,10206,2972,百萬美元
外銷訂單金額_美元,04,日本,10207,3106,百萬美元
外銷訂單金額_美元,04,日本,10208,3001,百萬美元
外銷訂單金額_美元,04,日本,10209,3324,百萬美元
外銷訂單金額_美元,04,日本,10210,3586,百萬美元
外銷訂單金額_美元,04,日本,10211,3564,百萬美元
外銷訂單金額_美元,04,日本,10212,3378,百萬美元
外銷訂單金額_美元,04,日本,10301,3186,百萬美元
外銷訂單金額_美元,04,日本,10302,2918,百萬美元
外銷訂單金額_美元,04,日本,10303,3364,百萬美元
外銷訂單金額_美元,04,日本,10304,3536,百萬美元
外銷訂單金額_美元,04,日本,10305,3199,百萬美元
外銷訂單金額_美元,04,日本,10306,3096,百萬美元
外銷訂單金額_美元,04,日本,10307,3165,百萬美元
外銷訂單金額_美元,04,日本,10308,3209,百萬美元
外銷訂單金額_美元,04,日本,10309,3320,百萬美元
外銷訂單金額_美元,04,日本,10310,3409,百萬美元
外銷訂單金額_美元,04,日本,10311,3023,百萬美元
外銷訂單金額_美元,04,日本,10312,2982,百萬美元
外銷訂單金額_美元,04,日本,10401,2466,百萬美元
外銷訂單金額_美元,04,日本,10402,2029,百萬美元
外銷訂單金額_美元,04,日本,10403,2598,百萬美元
外銷訂單金額_美元,04,日本,10404,2511,百萬美元
外銷訂單金額_美元,04,日本,10405,2437,百萬美元
外銷訂單金額_美元,04,日本,10406,2493,百萬美元
外銷訂單金額_美元,04,日本,10407,2886,百萬美元
外銷訂單金額_美元,04,日本,10408,2661,百萬美元
外銷訂單金額_美元,04,日本,10409,2766,百萬美元
外銷訂單金額_美元,04,日本,10410,2579,百萬美元
外銷訂單金額_美元,04,日本,10411,2149,百萬美元
外銷訂單金額_美元,04,日本,10412,2165,百萬美元
外銷訂單金額_美元,04,日本,10501,1869,百萬美元
外銷訂單金額_美元,04,日本,10502,1499,百萬美元
外銷訂單金額_美元,04,日本,10503,1923,百萬美元
外銷訂單金額_美元,04,日本,10504,1875,百萬美元
外銷訂單金額_美元,04,日本,10505,1786,百萬美元
外銷訂單金額_美元,04,日本,10506,2085,百萬美元
外銷訂單金額_美元,04,日本,10507,2316,百萬美元
外銷訂單金額_美元,04,日本,10508,2409,百萬美元
外銷訂單金額_美元,04,日本,10509,2354,百萬美元
外銷訂單金額_美元,04,日本,10510,2242,百萬美元
外銷訂單金額_美元,04,日本,10511,2140,百萬美元
外銷訂單金額_美元,04,日本,10512,2108,百萬美元
外銷訂單金額_美元,04,日本,10601,1968,百萬美元
外銷訂單金額_美元,04,日本,10602,1852,百萬美元
外銷訂單金額_美元,04,日本,10603,2239,百萬美元
外銷訂單金額_美元,04,日本,10604,2019,百萬美元
外銷訂單金額_美元,04,日本,10605,2129,百萬美元
外銷訂單金額_美元,04,日本,10606,2496,百萬美元
外銷訂單金額_美元,04,日本,10607,2508,百萬美元
外銷訂單金額_美元,04,日本,10608,2723,百萬美元
外銷訂單金額_美元,04,日本,10609,2980,百萬美元
外銷訂單金額_美元,04,日本,10610,2757,百萬美元
外銷訂單金額_美元,04,日本,10611,2627,百萬美元
外銷訂單金額_美元,04,日本,10612,2529,百萬美元
外銷訂單金額_美元,04,日本,10701,2318,百萬美元
外銷訂單金額_美元,04,日本,10702,1889,百萬美元
外銷訂單金額_美元,04,日本,10703,2382,百萬美元
外銷訂單金額_美元,04,日本,10704,2111,百萬美元
外銷訂單金額_美元,04,日本,10705,2288,百萬美元
外銷訂單金額_美元,04,日本,10706,2553,百萬美元
外銷訂單金額_美元,04,日本,10707,2559,百萬美元
外銷訂單金額_美元,04,日本,10708,2847,百萬美元
外銷訂單金額_美元,04,日本,10709,2742,百萬美元
外銷訂單金額_美元,04,日本,10710,2726,百萬美元
外銷訂單金額_美元,04,日本,10711,2631,百萬美元
外銷訂單金額_美元,04,日本,10712,2595,百萬美元
外銷訂單金額_美元,04,日本,10801,2268,百萬美元
外銷訂單金額_美元,04,日本,10802,1894,百萬美元
外銷訂單金額_美元,04,日本,10803,2244,百萬美元
外銷訂單金額_美元,04,日本,10804,2203,百萬美元
外銷訂單金額_美元,04,日本,10805,2239,百萬美元
外銷訂單金額_美元,04,日本,10806,2351,百萬美元
外銷訂單金額_美元,04,日本,10807,2577,百萬美元
外銷訂單金額_美元,04,日本,10808,2627,百萬美元
外銷訂單金額_美元,04,日本,10809,2628,百萬美元
外銷訂單金額_美元,04,日本,10810,2315,百萬美元
外銷訂單金額_美元,04,日本,10811,2340,百萬美元
外銷訂單金額_美元,04,日本,10812,2352,百萬美元
外銷訂單金額_美元,04,日本,10901,1920,百萬美元
外銷訂單金額_美元,04,日本,10902,1535,百萬美元
外銷訂單金額_美元,04,日本,10903,2156,百萬美元
外銷訂單金額_美元,04,日本,10904,2099,百萬美元
外銷訂單金額_美元,04,日本,10905,2058,百萬美元
外銷訂單金額_美元,04,日本,10906,2229,百萬美元
外銷訂單金額_美元,04,日本,10907,2391,百萬美元
外銷訂單金額_美元,04,日本,10908,2527,百萬美元
外銷訂單金額_美元,04,日本,10909,2893,百萬美元
外銷訂單金額_美元,04,日本,10910,2745,百萬美元
外銷訂單金額_美元,04,日本,10911,2932,百萬美元
外銷訂單金額_美元,04,日本,10912,3085,百萬美元
外銷訂單金額_美元,04,日本,11001,2925,百萬美元
外銷訂單金額_美元,04,日本,11002,2230,百萬美元
外銷訂單金額_美元,04,日本,11003,2811,百萬美元
外銷訂單金額_美元,04,日本,11004,2862,百萬美元
外銷訂單金額_美元,04,日本,11005,2907,百萬美元
外銷訂單金額_美元,04,日本,11006,2862,百萬美元
外銷訂單金額_美元,04,日本,11007,3050,百萬美元
外銷訂單金額_美元,04,日本,11008,2988,百萬美元
外銷訂單金額_美元,04,日本,11009,2967,百萬美元
外銷訂單金額_美元,04,日本,11010,2857,百萬美元
外銷訂單金額_美元,04,日本,11011,2953,百萬美元
外銷訂單金額_美元,04,日本,11012,2907,百萬美元
外銷訂單金額_美元,04,日本,11101,2944,百萬美元
外銷訂單金額_美元,04,日本,11102,2431,百萬美元
外銷訂單金額_美元,04,日本,11103,2917,百萬美元
外銷訂單金額_美元,04,日本,11104,2540,百萬美元
外銷訂單金額_美元,04,日本,11105,2680,百萬美元
外銷訂單金額_美元,04,日本,11106,3032,百萬美元
外銷訂單金額_美元,04,日本,11107,3054,百萬美元
外銷訂單金額_美元,04,日本,11108,3053,百萬美元
外銷訂單金額_美元,04,日本,11109,3115,百萬美元
外銷訂單金額_美元,04,日本,11110,3099,百萬美元
外銷訂單金額_美元,04,日本,11111,3102,百萬美元
外銷訂單金額_美元,04,日本,11112,3052,百萬美元
外銷訂單金額_美元,04,日本,11201,2768,百萬美元
外銷訂單金額_美元,04,日本,11202,2566,百萬美元
外銷訂單金額_美元,04,日本,11203,2762,百萬美元
外銷訂單金額_美元,04,日本,11204,2599,百萬美元
外銷訂單金額_美元,04,日本,11205,2684,百萬美元
外銷訂單金額_美元,04,日本,11206,2517,百萬美元
外銷訂單金額_美元,04,日本,11207,2848,百萬美元
外銷訂單金額_美元,04,日本,11208,2542,百萬美元
外銷訂單金額_美元,04,日本,11209,2347,百萬美元
外銷訂單金額_美元,04,日本,11210,2553,百萬美元
外銷訂單金額_美元,04,日本,11211,2203,百萬美元
外銷訂單金額_美元,04,日本,11212,2121,百萬美元
外銷訂單金額_美元,04,日本,11301,2180,百萬美元
外銷訂單金額_美元,04,日本,11302,1848,百萬美元
外銷訂單金額_美元,04,日本,11303,2265,百萬美元
外銷訂單金額_美元,04,日本,11304,2325,百萬美元
外銷訂單金額_美元,04,日本,11305,2279,百萬美元
外銷訂單金額_美元,04,日本,11306,2286,百萬美元
外銷訂單金額_美元,04,日本,11307,2917,百萬美元
外銷訂單金額_美元,04,日本,11308,2595,百萬美元
外銷訂單金額_美元,04,日本,11309,2577,百萬美元
外銷訂單金額_美元,04,日本,11310,2689,百萬美元
外銷訂單金額_美元,04,日本,11311,2594,百萬美元
外銷訂單金額_美元,04,日本,11312,2667,百萬美元
外銷訂單金額_美元,04,日本,11401,2394,百萬美元
外銷訂單金額_美元,04,日本,11402,2475,百萬美元
外銷訂單金額_美元,04,日本,11403,2840,百萬美元
外銷訂單金額_美元,04,日本,11404,2797,百萬美元
外銷訂單金額_美元,04,日本,11405,2910,百萬美元
外銷訂單金額_美元,04,日本,11406,3285,百萬美元
外銷訂單金額_美元,04,日本,11407,3425,百萬美元
外銷訂單金額_美元,04,日本,11408,3140,百萬美元
外銷訂單金額_美元,04,日本,11409,3166,百萬美元
外銷訂單金額_美元,04,日本,11410,3087,百萬美元
外銷訂單金額_美元,04,日本,11411,2994,百萬美元
外銷訂單金額_美元,04,日本,11412,3369,百萬美元
外銷訂單金額_美元,04,日本,11501,3451,百萬美元
外銷訂單金額_美元,04,日本,11502,2914,百萬美元
外銷訂單金額_美元,04,日本,11503,3775,百萬美元
外銷訂單金額_美元,04,日本,11504,3728,百萬美元
外銷訂單金額_美元,04,日本,11505,3756,百萬美元
外銷訂單金額_美元,04,日本,11506,4531,百萬美元
外銷訂單金額_美元,04,日本,11507,4694,百萬美元
外銷訂單金額_美元,05,中國大陸及香港,07301,148,百萬美元
外銷訂單金額_美元,05,中國大陸及香港,07302,92,百萬美元
外銷訂單金額_美元,05,中國大陸及香港,07303,122,百萬美元
外銷訂單金額_美元,05,中國大陸及香港,07304,149,百萬美元
外銷訂單金額_美元,05,中國大陸及香港,07305,139,百萬美元
外銷訂單金額_美元,05,中國大陸及香港,07306,131,百萬美元
外銷訂單金額_美元,05,中國大陸及香港,07307,135,百萬美元
外銷訂單金額_美元,05,中國大陸及香港,07308,133,百萬美元
外銷訂單金額_美元,05,中國大陸及香港,07309,127,百萬美元
外銷訂單金額_美元,05,中國大陸及香港,07310,150,百萬美元
外銷訂單金額_美元,05,中國大陸及香港,07311,150,百萬美元
外銷訂單金額_美元,05,中國大陸及香港,07312,206,百萬美元
外銷訂單金額_美元,05,中國大陸及香港,07401,197,百萬美元
外銷訂單金額_美元,05,中國大陸及香港,07402,167,百萬美元
外銷訂單金額_美元,05,中國大陸及香港,07403,323,百萬美元
外銷訂單金額_美元,05,中國大陸及香港,07404,194,百萬美元
外銷訂單金額_美元,05,中國大陸及香港,07405,174,百萬美元
外銷訂單金額_美元,05,中國大陸及香港,07406,155,百萬美元
外銷訂單金額_美元,05,中國大陸及香港,07407,177,百萬美元
外銷訂單金額_美元,05,中國大陸及香港,07408,165,百萬美元
外銷訂單金額_美元,05,中國大陸及香港,07409,163,百萬美元
外銷訂單金額_美元,05,中國大陸及香港,07410,169,百萬美元
外銷訂單金額_美元,05,中國大陸及香港,07411,156,百萬美元
外銷訂單金額_美元,05,中國大陸及香港,07412,184,百萬美元
外銷訂單金額_美元,05,中國大陸及香港,07501,211,百萬美元
外銷訂單金額_美元,05,中國大陸及香港,07502,132,百萬美元
外銷訂單金額_美元,05,中國大陸及香港,07503,161,百萬美元
外銷訂單金額_美元,05,中國大陸及香港,07504,179,百萬美元
外銷訂單金額_美元,05,中國大陸及香港,07505,200,百萬美元
外銷訂單金額_美元,05,中國大陸及香港,07506,198,百萬美元
外銷訂單金額_美元,05,中國大陸及香港,07507,205,百萬美元
外銷訂單金額_美元,05,中國大陸及香港,07508,223,百萬美元
外銷訂單金額_美元,05,中國大陸及香港,07509,225,百萬美元
外銷訂單金額_美元,05,中國大陸及香港,07510,258,百萬美元
外銷訂單金額_美元,05,中國大陸及香港,07511,213,百萬美元
外銷訂單金額_美元,05,中國大陸及香港,07512,219,百萬美元
外銷訂單金額_美元,05,中國大陸及香港,07601,259,百萬美元
外銷訂單金額_美元,05,中國大陸及香港,07602,200,百萬美元
外銷訂單金額_美元,05,中國大陸及香港,07603,235,百萬美元
外銷訂單金額_美元,05,中國大陸及香港,07604,258,百萬美元
外銷訂單金額_美元,05,中國大陸及香港,07605,288,百萬美元
外銷訂單金額_美元,05,中國大陸及香港,07606,285,百萬美元
外銷訂單金額_美元,05,中國大陸及香港,07607,281,百萬美元
外銷訂單金額_美元,05,中國大陸及香港,07608,273,百萬美元
外銷訂單金額_美元,05,中國大陸及香港,07609,340,百萬美元
外銷訂單金額_美元,05,中國大陸及香港,07610,298,百萬美元
外銷訂單金額_美元,05,中國大陸及香港,07611,337,百萬美元
外銷訂單金額_美元,05,中國大陸及香港,07612,299,百萬美元
外銷訂單金額_美元,05,中國大陸及香港,07701,368,百萬美元
外銷訂單金額_美元,05,中國大陸及香港,07702,283,百萬美元
外銷訂單金額_美元,05,中國大陸及香港,07703,430,百萬美元
外銷訂單金額_美元,05,中國大陸及香港,07704,417,百萬美元
外銷訂單金額_美元,05,中國大陸及香港,07705,472,百萬美元
外銷訂單金額_美元,05,中國大陸及香港,07706,437,百萬美元
外銷訂單金額_美元,05,中國大陸及香港,07707,436,百萬美元
外銷訂單金額_美元,05,中國大陸及香港,07708,434,百萬美元
外銷訂單金額_美元,05,中國大陸及香港,07709,441,百萬美元
外銷訂單金額_美元,05,中國大陸及香港,07710,453,百萬美元
外銷訂單金額_美元,05,中國大陸及香港,07711,494,百萬美元
外銷訂單金額_美元,05,中國大陸及香港,07712,495,百萬美元
外銷訂單金額_美元,05,中國大陸及香港,07801,500,百萬美元
外銷訂單金額_美元,05,中國大陸及香港,07802,387,百萬美元
外銷訂單金額_美元,05,中國大陸及香港,07803,460,百萬美元
外銷訂單金額_美元,05,中國大陸及香港,07804,446,百萬美元
外銷訂單金額_美元,05,中國大陸及香港,07805,468,百萬美元
外銷訂單金額_美元,05,中國大陸及香港,07806,417,百萬美元
外銷訂單金額_美元,05,中國大陸及香港,07807,415,百萬美元
外銷訂單金額_美元,05,中國大陸及香港,07808,435,百萬美元
外銷訂單金額_美元,05,中國大陸及香港,07809,416,百萬美元
外銷訂單金額_美元,05,中國大陸及香港,07810,357,百萬美元
外銷訂單金額_美元,05,中國大陸及香港,07811,371,百萬美元
外銷訂單金額_美元,05,中國大陸及香港,07812,379,百萬美元
外銷訂單金額_美元,05,中國大陸及香港,07901,329,百萬美元
外銷訂單金額_美元,05,中國大陸及香港,07902,396,百萬美元
外銷訂單金額_美元,05,中國大陸及香港,07903,492,百萬美元
外銷訂單金額_美元,05,中國大陸及香港,07904,570,百萬美元
外銷訂單金額_美元,05,中國大陸及香港,07905,616,百萬美元
外銷訂單金額_美元,05,中國大陸及香港,07906,555,百萬美元
外銷訂單金額_美元,05,中國大陸及香港,07907,576,百萬美元
外銷訂單金額_美元,05,中國大陸及香港,07908,613,百萬美元
外銷訂單金額_美元,05,中國大陸及香港,07909,627,百萬美元
外銷訂單金額_美元,05,中國大陸及香港,07910,643,百萬美元
外銷訂單金額_美元,05,中國大陸及香港,07911,595,百萬美元
外銷訂單金額_美元,05,中國大陸及香港,07912,557,百萬美元
外銷訂單金額_美元,05,中國大陸及香港,08001,654,百萬美元
外銷訂單金額_美元,05,中國大陸及香港,08002,505,百萬美元
外銷訂單金額_美元,05,中國大陸及香港,08003,682,百萬美元
外銷訂單金額_美元,05,中國大陸及香港,08004,741,百萬美元
外銷訂單金額_美元,05,中國大陸及香港,08005,977,百萬美元
外銷訂單金額_美元,05,中國大陸及香港,08006,981,百萬美元
外銷訂單金額_美元,05,中國大陸及香港,08007,869,百萬美元
外銷訂單金額_美元,05,中國大陸及香港,08008,835,百萬美元
外銷訂單金額_美元,05,中國大陸及香港,08009,919,百萬美元
外銷訂單金額_美元,05,中國大陸及香港,08010,864,百萬美元
外銷訂單金額_美元,05,中國大陸及香港,08011,859,百萬美元
外銷訂單金額_美元,05,中國大陸及香港,08012,863,百萬美元
外銷訂單金額_美元,05,中國大陸及香港,08101,871,百萬美元
外銷訂單金額_美元,05,中國大陸及香港,08102,641,百萬美元
外銷訂單金額_美元,05,中國大陸及香港,08103,852,百萬美元
外銷訂單金額_美元,05,中國大陸及香港,08104,914,百萬美元
外銷訂單金額_美元,05,中國大陸及香港,08105,922,百萬美元
外銷訂單金額_美元,05,中國大陸及香港,08106,1060,百萬美元
外銷訂單金額_美元,05,中國大陸及香港,08107,1086,百萬美元
外銷訂單金額_美元,05,中國大陸及香港,08108,1094,百萬美元
外銷訂單金額_美元,05,中國大陸及香港,08109,1105,百萬美元
外銷訂單金額_美元,05,中國大陸及香港,08110,1117,百萬美元
外銷訂單金額_美元,05,中國大陸及香港,08111,1086,百萬美元
外銷訂單金額_美元,05,中國大陸及香港,08112,1058,百萬美元
外銷訂單金額_美元,05,中國大陸及香港,08201,980,百萬美元
外銷訂單金額_美元,05,中國大陸及香港,08202,1197,百萬美元
外銷訂單金額_美元,05,中國大陸及香港,08203,1350,百萬美元
外銷訂單金額_美元,05,中國大陸及香港,08204,1148,百萬美元
外銷訂單金額_美元,05,中國大陸及香港,08205,1225,百萬美元
外銷訂單金額_美元,05,中國大陸及香港,08206,1412,百萬美元
外銷訂單金額_美元,05,中國大陸及香港,08207,1384,百萬美元
外銷訂單金額_美元,05,中國大陸及香港,08208,1274,百萬美元
外銷訂單金額_美元,05,中國大陸及香港,08209,1300,百萬美元
外銷訂單金額_美元,05,中國大陸及香港,08210,1356,百萬美元
外銷訂單金額_美元,05,中國大陸及香港,08211,1415,百萬美元
外銷訂單金額_美元,05,中國大陸及香港,08212,1335,百萬美元
外銷訂單金額_美元,05,中國大陸及香港,08301,1305,百萬美元
外銷訂單金額_美元,05,中國大陸及香港,08302,1067,百萬美元
外銷訂單金額_美元,05,中國大陸及香港,08303,1421,百萬美元
外銷訂單金額_美元,05,中國大陸及香港,08304,1602,百萬美元
外銷訂單金額_美元,05,中國大陸及香港,08305,1339,百萬美元
外銷訂單金額_美元,05,中國大陸及香港,08306,1415,百萬美元
外銷訂單金額_美元,05,中國大陸及香港,08307,1443,百萬美元
外銷訂單金額_美元,05,中國大陸及香港,08308,1407,百萬美元
外銷訂單金額_美元,05,中國大陸及香港,08309,1631,百萬美元
外銷訂單金額_美元,05,中國大陸及香港,08310,1621,百萬美元
外銷訂單金額_美元,05,中國大陸及香港,08311,1727,百萬美元
外銷訂單金額_美元,05,中國大陸及香港,08312,1785,百萬美元
外銷訂單金額_美元,05,中國大陸及香港,08401,1619,百萬美元
外銷訂單金額_美元,05,中國大陸及香港,08402,1611,百萬美元
外銷訂單金額_美元,05,中國大陸及香港,08403,2074,百萬美元
外銷訂單金額_美元,05,中國大陸及香港,08404,1934,百萬美元
外銷訂單金額_美元,05,中國大陸及香港,08405,1948,百萬美元
外銷訂單金額_美元,05,中國大陸及香港,08406,1674,百萬美元
外銷訂單金額_美元,05,中國大陸及香港,08407,1818,百萬美元
外銷訂單金額_美元,05,中國大陸及香港,08408,1953,百萬美元
外銷訂單金額_美元,05,中國大陸及香港,08409,1815,百萬美元
外銷訂單金額_美元,05,中國大陸及香港,08410,1923,百萬美元
外銷訂單金額_美元,05,中國大陸及香港,08411,1992,百萬美元
外銷訂單金額_美元,05,中國大陸及香港,08412,1983,百萬美元
外銷訂單金額_美元,05,中國大陸及香港,08501,1939,百萬美元
外銷訂單金額_美元,05,中國大陸及香港,08502,1510,百萬美元
外銷訂單金額_美元,05,中國大陸及香港,08503,1896,百萬美元
外銷訂單金額_美元,05,中國大陸及香港,08504,1894,百萬美元
外銷訂單金額_美元,05,中國大陸及香港,08505,1796,百萬美元
外銷訂單金額_美元,05,中國大陸及香港,08506,1673,百萬美元
外銷訂單金額_美元,05,中國大陸及香港,08507,1690,百萬美元
外銷訂單金額_美元,05,中國大陸及香港,08508,1840,百萬美元
外銷訂單金額_美元,05,中國大陸及香港,08509,1913,百萬美元
外銷訂單金額_美元,05,中國大陸及香港,08510,1853,百萬美元
外銷訂單金額_美元,05,中國大陸及香港,08511,2014,百萬美元
外銷訂單金額_美元,05,中國大陸及香港,08512,1992,百萬美元
外銷訂單金額_美元,05,中國大陸及香港,08601,1801,百萬美元
外銷訂單金額_美元,05,中國大陸及香港,08602,1499,百萬美元
外銷訂單金額_美元,05,中國大陸及香港,08603,1767,百萬美元
外銷訂單金額_美元,05,中國大陸及香港,08604,2029,百萬美元
外銷訂單金額_美元,05,中國大陸及香港,08605,1885,百萬美元
外銷訂單金額_美元,05,中國大陸及香港,08606,1776,百萬美元
外銷訂單金額_美元,05,中國大陸及香港,08607,1819,百萬美元
外銷訂單金額_美元,05,中國大陸及香港,08608,1935,百萬美元
外銷訂單金額_美元,05,中國大陸及香港,08609,1908,百萬美元
外銷訂單金額_美元,05,中國大陸及香港,08610,1987,百萬美元
外銷訂單金額_美元,05,中國大陸及香港,08611,1941,百萬美元
外銷訂單金額_美元,05,中國大陸及香港,08612,1906,百萬美元
外銷訂單金額_美元,05,中國大陸及香港,08701,1257,百萬美元
外銷訂單金額_美元,05,中國大陸及香港,08702,1572,百萬美元
外銷訂單金額_美元,05,中國大陸及香港,08703,1789,百萬美元
外銷訂單金額_美元,05,中國大陸及香港,08704,1897,百萬美元
外銷訂單金額_美元,05,中國大陸及香港,08705,1809,百萬美元
外銷訂單金額_美元,05,中國大陸及香港,08706,1750,百萬美元
外銷訂單金額_美元,05,中國大陸及香港,08707,1633,百萬美元
外銷訂單金額_美元,05,中國大陸及香港,08708,1630,百萬美元
外銷訂單金額_美元,05,中國大陸及香港,08709,1738,百萬美元
外銷訂單金額_美元,05,中國大陸及香港,08710,1654,百萬美元
外銷訂單金額_美元,05,中國大陸及香港,08711,1634,百萬美元
外銷訂單金額_美元,05,中國大陸及香港,08712,1671,百萬美元
外銷訂單金額_美元,05,中國大陸及香港,08801,1642,百萬美元
外銷訂單金額_美元,05,中國大陸及香港,08802,1303,百萬美元
外銷訂單金額_美元,05,中國大陸及香港,08803,1857,百萬美元
外銷訂單金額_美元,05,中國大陸及香港,08804,2032,百萬美元
外銷訂單金額_美元,05,中國大陸及香港,08805,1889,百萬美元
外銷訂單金額_美元,05,中國大陸及香港,08806,1837,百萬美元
外銷訂單金額_美元,05,中國大陸及香港,08807,1942,百萬美元
外銷訂單金額_美元,05,中國大陸及香港,08808,1955,百萬美元
外銷訂單金額_美元,05,中國大陸及香港,08809,1859,百萬美元
外銷訂單金額_美元,05,中國大陸及香港,08810,2082,百萬美元
外銷訂單金額_美元,05,中國大陸及香港,08811,2028,百萬美元
外銷訂單金額_美元,05,中國大陸及香港,08812,1921,百萬美元
外銷訂單金額_美元,05,中國大陸及香港,08901,1962,百萬美元
外銷訂單金額_美元,05,中國大陸及香港,08902,1694,百萬美元
外銷訂單金額_美元,05,中國大陸及香港,08903,2368,百萬美元
外銷訂單金額_美元,05,中國大陸及香港,08904,2319,百萬美元
外銷訂單金額_美元,05,中國大陸及香港,08905,2459,百萬美元
外銷訂單金額_美元,05,中國大陸及香港,08906,2558,百萬美元
外銷訂單金額_美元,05,中國大陸及香港,08907,2506,百萬美元
外銷訂單金額_美元,05,中國大陸及香港,08908,2683,百萬美元
外銷訂單金額_美元,05,中國大陸及香港,08909,2693,百萬美元
外銷訂單金額_美元,05,中國大陸及香港,08910,2601,百萬美元
外銷訂單金額_美元,05,中國大陸及香港,08911,2458,百萬美元
外銷訂單金額_美元,05,中國大陸及香港,08912,2402,百萬美元
外銷訂單金額_美元,05,中國大陸及香港,09001,1768,百萬美元
外銷訂單金額_美元,05,中國大陸及香港,09002,1977,百萬美元
外銷訂單金額_美元,05,中國大陸及香港,09003,2426,百萬美元
外銷訂單金額_美元,05,中國大陸及香港,09004,2258,百萬美元
外銷訂單金額_美元,05,中國大陸及香港,09005,2236,百萬美元
外銷訂單金額_美元,05,中國大陸及香港,09006,2138,百萬美元
外銷訂單金額_美元,05,中國大陸及香港,09007,2000,百萬美元
外銷訂單金額_美元,05,中國大陸及香港,09008,2225,百萬美元
外銷訂單金額_美元,05,中國大陸及香港,09009,2075,百萬美元
外銷訂單金額_美元,05,中國大陸及香港,09010,2276,百萬美元
外銷訂單金額_美元,05,中國大陸及香港,09011,2234,百萬美元
外銷訂單金額_美元,05,中國大陸及香港,09012,2201,百萬美元
外銷訂單金額_美元,05,中國大陸及香港,09101,2277,百萬美元
外銷訂單金額_美元,05,中國大陸及香港,09102,1878,百萬美元
外銷訂單金額_美元,05,中國大陸及香港,09103,2739,百萬美元
外銷訂單金額_美元,05,中國大陸及香港,09104,2717,百萬美元
外銷訂單金額_美元,05,中國大陸及香港,09105,2791,百萬美元
外銷訂單金額_美元,05,中國大陸及香港,09106,2776,百萬美元
外銷訂單金額_美元,05,中國大陸及香港,09107,2648,百萬美元
外銷訂單金額_美元,05,中國大陸及香港,09108,2856,百萬美元
外銷訂單金額_美元,05,中國大陸及香港,09109,2885,百萬美元
外銷訂單金額_美元,05,中國大陸及香港,09110,2867,百萬美元
外銷訂單金額_美元,05,中國大陸及香港,09111,2896,百萬美元
外銷訂單金額_美元,05,中國大陸及香港,09112,2936,百萬美元
外銷訂單金額_美元,05,中國大陸及香港,09201,2729,百萬美元
外銷訂單金額_美元,05,中國大陸及香港,09202,2420,百萬美元
外銷訂單金額_美元,05,中國大陸及香港,09203,3051,百萬美元
外銷訂單金額_美元,05,中國大陸及香港,09204,2968,百萬美元
外銷訂單金額_美元,05,中國大陸及香港,09205,2966,百萬美元
外銷訂單金額_美元,05,中國大陸及香港,09206,3168,百萬美元
外銷訂單金額_美元,05,中國大陸及香港,09207,3424,百萬美元
外銷訂單金額_美元,05,中國大陸及香港,09208,3383,百萬美元
外銷訂單金額_美元,05,中國大陸及香港,09209,3473,百萬美元
外銷訂單金額_美元,05,中國大陸及香港,09210,3713,百萬美元
外銷訂單金額_美元,05,中國大陸及香港,09211,3409,百萬美元
外銷訂單金額_美元,05,中國大陸及香港,09212,3670,百萬美元
外銷訂單金額_美元,05,中國大陸及香港,09301,2981,百萬美元
外銷訂單金額_美元,05,中國大陸及香港,09302,3470,百萬美元
外銷訂單金額_美元,05,中國大陸及香港,09303,3918,百萬美元
外銷訂單金額_美元,05,中國大陸及香港,09304,4067,百萬美元
外銷訂單金額_美元,05,中國大陸及香港,09305,4356,百萬美元
外銷訂單金額_美元,05,中國大陸及香港,09306,4055,百萬美元
外銷訂單金額_美元,05,中國大陸及香港,09307,4298,百萬美元
外銷訂單金額_美元,05,中國大陸及香港,09308,4193,百萬美元
外銷訂單金額_美元,05,中國大陸及香港,09309,4303,百萬美元
外銷訂單金額_美元,05,中國大陸及香港,09310,4562,百萬美元
外銷訂單金額_美元,05,中國大陸及香港,09311,4499,百萬美元
外銷訂單金額_美元,05,中國大陸及香港,09312,4385,百萬美元
外銷訂單金額_美元,05,中國大陸及香港,09401,4527,百萬美元
外銷訂單金額_美元,05,中國大陸及香港,09402,3491,百萬美元
外銷訂單金額_美元,05,中國大陸及香港,09403,5052,百萬美元
外銷訂單金額_美元,05,中國大陸及香港,09404,4956,百萬美元
外銷訂單金額_美元,05,中國大陸及香港,09405,4698,百萬美元
外銷訂單金額_美元,05,中國大陸及香港,09406,4880,百萬美元
外銷訂單金額_美元,05,中國大陸及香港,09407,4796,百萬美元
外銷訂單金額_美元,05,中國大陸及香港,09408,5461,百萬美元
外銷訂單金額_美元,05,中國大陸及香港,09409,5776,百萬美元
外銷訂單金額_美元,05,中國大陸及香港,09410,5562,百萬美元
外銷訂單金額_美元,05,中國大陸及香港,09411,5725,百萬美元
外銷訂單金額_美元,05,中國大陸及香港,09412,5613,百萬美元
外銷訂單金額_美元,05,中國大陸及香港,09501,4967,百萬美元
外銷訂單金額_美元,05,中國大陸及香港,09502,4801,百萬美元
外銷訂單金額_美元,05,中國大陸及香港,09503,5908,百萬美元
外銷訂單金額_美元,05,中國大陸及香港,09504,6254,百萬美元
外銷訂單金額_美元,05,中國大陸及香港,09505,6387,百萬美元
外銷訂單金額_美元,05,中國大陸及香港,09506,6396,百萬美元
外銷訂單金額_美元,05,中國大陸及香港,09507,6308,百萬美元
外銷訂單金額_美元,05,中國大陸及香港,09508,7021,百萬美元
外銷訂單金額_美元,05,中國大陸及香港,09509,7036,百萬美元
外銷訂單金額_美元,05,中國大陸及香港,09510,6806,百萬美元
外銷訂單金額_美元,05,中國大陸及香港,09511,6907,百萬美元
外銷訂單金額_美元,05,中國大陸及香港,09512,6673,百萬美元
外銷訂單金額_美元,05,中國大陸及香港,09601,6631,百萬美元
外銷訂單金額_美元,05,中國大陸及香港,09602,5170,百萬美元
外銷訂單金額_美元,05,中國大陸及香港,09603,7148,百萬美元
外銷訂單金額_美元,05,中國大陸及香港,09604,7258,百萬美元
外銷訂單金額_美元,05,中國大陸及香港,09605,7452,百萬美元
外銷訂單金額_美元,05,中國大陸及香港,09606,7395,百萬美元
外銷訂單金額_美元,05,中國大陸及香港,09607,7865,百萬美元
外銷訂單金額_美元,05,中國大陸及香港,09608,8740,百萬美元
外銷訂單金額_美元,05,中國大陸及香港,09609,8462,百萬美元
外銷訂單金額_美元,05,中國大陸及香港,09610,8735,百萬美元
外銷訂單金額_美元,05,中國大陸及香港,09611,8325,百萬美元
外銷訂單金額_美元,05,中國大陸及香港,09612,8243,百萬美元
外銷訂單金額_美元,05,中國大陸及香港,09701,8070,百萬美元
外銷訂單金額_美元,05,中國大陸及香港,09702,6518,百萬美元
外銷訂單金額_美元,05,中國大陸及香港,09703,8700,百萬美元
外銷訂單金額_美元,05,中國大陸及香港,09704,8146,百萬美元
外銷訂單金額_美元,05,中國大陸及香港,09705,8594,百萬美元
外銷訂單金額_美元,05,中國大陸及香港,09706,8701,百萬美元
外銷訂單金額_美元,05,中國大陸及香港,09707,8001,百萬美元
外銷訂單金額_美元,05,中國大陸及香港,09708,7966,百萬美元
外銷訂單金額_美元,05,中國大陸及香港,09709,7549,百萬美元
外銷訂單金額_美元,05,中國大陸及香港,09710,6740,百萬美元
外銷訂單金額_美元,05,中國大陸及香港,09711,4547,百萬美元
外銷訂單金額_美元,05,中國大陸及香港,09712,4358,百萬美元
外銷訂單金額_美元,05,中國大陸及香港,09801,3655,百萬美元
外銷訂單金額_美元,05,中國大陸及香港,09802,4804,百萬美元
外銷訂單金額_美元,05,中國大陸及香港,09803,6144,百萬美元
外銷訂單金額_美元,05,中國大陸及香港,09804,6981,百萬美元
外銷訂單金額_美元,05,中國大陸及香港,09805,7077,百萬美元
外銷訂單金額_美元,05,中國大陸及香港,09806,7788,百萬美元
外銷訂單金額_美元,05,中國大陸及香港,09807,8179,百萬美元
外銷訂單金額_美元,05,中國大陸及香港,09808,8545,百萬美元
外銷訂單金額_美元,05,中國大陸及香港,09809,8262,百萬美元
外銷訂單金額_美元,05,中國大陸及香港,09810,8061,百萬美元
外銷訂單金額_美元,05,中國大陸及香港,09811,7881,百萬美元
外銷訂單金額_美元,05,中國大陸及香港,09812,8393,百萬美元
外銷訂單金額_美元,05,中國大陸及香港,09901,8589,百萬美元
外銷訂單金額_美元,05,中國大陸及香港,09902,7175,百萬美元
外銷訂單金額_美元,05,中國大陸及香港,09903,9810,百萬美元
外銷訂單金額_美元,05,中國大陸及香港,09904,9822,百萬美元
外銷訂單金額_美元,05,中國大陸及香港,09905,9507,百萬美元
外銷訂單金額_美元,05,中國大陸及香港,09906,8998,百萬美元
外銷訂單金額_美元,05,中國大陸及香港,09907,9066,百萬美元
外銷訂單金額_美元,05,中國大陸及香港,09908,9300,百萬美元
外銷訂單金額_美元,05,中國大陸及香港,09909,9207,百萬美元
外銷訂單金額_美元,05,中國大陸及香港,09910,8547,百萬美元
外銷訂單金額_美元,05,中國大陸及香港,09911,9186,百萬美元
外銷訂單金額_美元,05,中國大陸及香港,09912,9873,百萬美元
外銷訂單金額_美元,05,中國大陸及香港,10001,9209,百萬美元
外銷訂單金額_美元,05,中國大陸及香港,10002,7369,百萬美元
外銷訂單金額_美元,05,中國大陸及香港,10003,10221,百萬美元
外銷訂單金額_美元,05,中國大陸及香港,10004,10045,百萬美元
外銷訂單金額_美元,05,中國大陸及香港,10005,9846,百萬美元
外銷訂單金額_美元,05,中國大陸及香港,10006,9428,百萬美元
外銷訂單金額_美元,05,中國大陸及香港,10007,9656,百萬美元
外銷訂單金額_美元,05,中國大陸及香港,10008,9620,百萬美元
外銷訂單金額_美元,05,中國大陸及香港,10009,9729,百萬美元
外銷訂單金額_美元,05,中國大陸及香港,10010,9275,百萬美元
外銷訂單金額_美元,05,中國大陸及香港,10011,9199,百萬美元
外銷訂單金額_美元,05,中國大陸及香港,10012,9264,百萬美元
外銷訂單金額_美元,05,中國大陸及香港,10101,7291,百萬美元
外銷訂單金額_美元,05,中國大陸及香港,10102,8771,百萬美元
外銷訂單金額_美元,05,中國大陸及香港,10103,9965,百萬美元
外銷訂單金額_美元,05,中國大陸及香港,10104,9261,百萬美元
外銷訂單金額_美元,05,中國大陸及香港,10105,9421,百萬美元
外銷訂單金額_美元,05,中國大陸及香港,10106,9086,百萬美元
外銷訂單金額_美元,05,中國大陸及香港,10107,9124,百萬美元
外銷訂單金額_美元,05,中國大陸及香港,10108,9864,百萬美元
外銷訂單金額_美元,05,中國大陸及香港,10109,10198,百萬美元
外銷訂單金額_美元,05,中國大陸及香港,10110,9386,百萬美元
外銷訂單金額_美元,05,中國大陸及香港,10111,10086,百萬美元
外銷訂單金額_美元,05,中國大陸及香港,10112,9489,百萬美元
外銷訂單金額_美元,05,中國大陸及香港,10201,9387,百萬美元
外銷訂單金額_美元,05,中國大陸及香港,10202,6834,百萬美元
外銷訂單金額_美元,05,中國大陸及香港,10203,9778,百萬美元
外銷訂單金額_美元,05,中國大陸及香港,10204,9837,百萬美元
外銷訂單金額_美元,05,中國大陸及香港,10205,9750,百萬美元
外銷訂單金額_美元,05,中國大陸及香港,10206,8915,百萬美元
外銷訂單金額_美元,05,中國大陸及香港,10207,9308,百萬美元
外銷訂單金額_美元,05,中國大陸及香港,10208,9874,百萬美元
外銷訂單金額_美元,05,中國大陸及香港,10209,9572,百萬美元
外銷訂單金額_美元,05,中國大陸及香港,10210,9689,百萬美元
外銷訂單金額_美元,05,中國大陸及香港,10211,9959,百萬美元
外銷訂單金額_美元,05,中國大陸及香港,10212,10141,百萬美元
外銷訂單金額_美元,05,中國大陸及香港,10301,9017,百萬美元
外銷訂單金額_美元,05,中國大陸及香港,10302,7683,百萬美元
外銷訂單金額_美元,05,中國大陸及香港,10303,10076,百萬美元
外銷訂單金額_美元,05,中國大陸及香港,10304,10223,百萬美元
外銷訂單金額_美元,05,中國大陸及香港,10305,10155,百萬美元
外銷訂單金額_美元,05,中國大陸及香港,10306,10211,百萬美元
外銷訂單金額_美元,05,中國大陸及香港,10307,10166,百萬美元
外銷訂單金額_美元,05,中國大陸及香港,10308,10163,百萬美元
外銷訂單金額_美元,05,中國大陸及香港,10309,10398,百萬美元
外銷訂單金額_美元,05,中國大陸及香港,10310,9978,百萬美元
外銷訂單金額_美元,05,中國大陸及香港,10311,9625,百萬美元
外銷訂單金額_美元,05,中國大陸及香港,10312,10025,百萬美元
外銷訂單金額_美元,05,中國大陸及香港,10401,9368,百萬美元
外銷訂單金額_美元,05,中國大陸及香港,10402,7057,百萬美元
外銷訂單金額_美元,05,中國大陸及香港,10403,9693,百萬美元
外銷訂單金額_美元,05,中國大陸及香港,10404,9172,百萬美元
外銷訂單金額_美元,05,中國大陸及香港,10405,8982,百萬美元
外銷訂單金額_美元,05,中國大陸及香港,10406,9039,百萬美元
外銷訂單金額_美元,05,中國大陸及香港,10407,8728,百萬美元
外銷訂單金額_美元,05,中國大陸及香港,10408,8661,百萬美元
外銷訂單金額_美元,05,中國大陸及香港,10409,9380,百萬美元
外銷訂單金額_美元,05,中國大陸及香港,10410,8916,百萬美元
外銷訂單金額_美元,05,中國大陸及香港,10411,9153,百萬美元
外銷訂單金額_美元,05,中國大陸及香港,10412,9139,百萬美元
外銷訂單金額_美元,05,中國大陸及香港,10501,8256,百萬美元
外銷訂單金額_美元,05,中國大陸及香港,10502,6205,百萬美元
外銷訂單金額_美元,05,中國大陸及香港,10503,8966,百萬美元
外銷訂單金額_美元,05,中國大陸及香港,10504,8173,百萬美元
外銷訂單金額_美元,05,中國大陸及香港,10505,8406,百萬美元
外銷訂單金額_美元,05,中國大陸及香港,10506,8822,百萬美元
外銷訂單金額_美元,05,中國大陸及香港,10507,8790,百萬美元
外銷訂單金額_美元,05,中國大陸及香港,10508,9771,百萬美元
外銷訂單金額_美元,05,中國大陸及香港,10509,9730,百萬美元
外銷訂單金額_美元,05,中國大陸及香港,10510,9572,百萬美元
外銷訂單金額_美元,05,中國大陸及香港,10511,10254,百萬美元
外銷訂單金額_美元,05,中國大陸及香港,10512,10166,百萬美元
外銷訂單金額_美元,05,中國大陸及香港,10601,8710,百萬美元
外銷訂單金額_美元,05,中國大陸及香港,10602,8718,百萬美元
外銷訂單金額_美元,05,中國大陸及香港,10603,10751,百萬美元
外銷訂單金額_美元,05,中國大陸及香港,10604,9298,百萬美元
外銷訂單金額_美元,05,中國大陸及香港,10605,9629,百萬美元
外銷訂單金額_美元,05,中國大陸及香港,10606,10349,百萬美元
外銷訂單金額_美元,05,中國大陸及香港,10607,9733,百萬美元
外銷訂單金額_美元,05,中國大陸及香港,10608,10901,百萬美元
外銷訂單金額_美元,05,中國大陸及香港,10609,11154,百萬美元
外銷訂單金額_美元,05,中國大陸及香港,10610,10832,百萬美元
外銷訂單金額_美元,05,中國大陸及香港,10611,11563,百萬美元
外銷訂單金額_美元,05,中國大陸及香港,10612,10969,百萬美元
外銷訂單金額_美元,05,中國大陸及香港,10701,11412,百萬美元
外銷訂單金額_美元,05,中國大陸及香港,10702,8561,百萬美元
外銷訂單金額_美元,05,中國大陸及香港,10703,11477,百萬美元
外銷訂單金額_美元,05,中國大陸及香港,10704,10560,百萬美元
外銷訂單金額_美元,05,中國大陸及香港,10705,11481,百萬美元
外銷訂單金額_美元,05,中國大陸及香港,10706,10946,百萬美元
外銷訂單金額_美元,05,中國大陸及香港,10707,10947,百萬美元
外銷訂單金額_美元,05,中國大陸及香港,10708,11697,百萬美元
外銷訂單金額_美元,05,中國大陸及香港,10709,11299,百萬美元
外銷訂單金額_美元,05,中國大陸及香港,10710,11475,百萬美元
外銷訂單金額_美元,05,中國大陸及香港,10711,10537,百萬美元
外銷訂單金額_美元,05,中國大陸及香港,10712,9837,百萬美元
外銷訂單金額_美元,05,中國大陸及香港,10801,9809,百萬美元
外銷訂單金額_美元,05,中國大陸及香港,10802,7343,百萬美元
外銷訂單金額_美元,05,中國大陸及香港,10803,9909,百萬美元
外銷訂單金額_美元,05,中國大陸及香港,10804,9518,百萬美元
外銷訂單金額_美元,05,中國大陸及香港,10805,9895,百萬美元
外銷訂單金額_美元,05,中國大陸及香港,10806,9352,百萬美元
外銷訂單金額_美元,05,中國大陸及香港,10807,10266,百萬美元
外銷訂單金額_美元,05,中國大陸及香港,10808,10656,百萬美元
外銷訂單金額_美元,05,中國大陸及香港,10809,10963,百萬美元
外銷訂單金額_美元,05,中國大陸及香港,10810,10639,百萬美元
外銷訂單金額_美元,05,中國大陸及香港,10811,10412,百萬美元
外銷訂單金額_美元,05,中國大陸及香港,10812,10395,百萬美元
外銷訂單金額_美元,05,中國大陸及香港,10901,8726,百萬美元
外銷訂單金額_美元,05,中國大陸及香港,10902,7360,百萬美元
外銷訂單金額_美元,05,中國大陸及香港,10903,10660,百萬美元
外銷訂單金額_美元,05,中國大陸及香港,10904,10403,百萬美元
外銷訂單金額_美元,05,中國大陸及香港,10905,10172,百萬美元
外銷訂單金額_美元,05,中國大陸及香港,10906,10569,百萬美元
外銷訂單金額_美元,05,中國大陸及香港,10907,11996,百萬美元
外銷訂單金額_美元,05,中國大陸及香港,10908,12895,百萬美元
外銷訂單金額_美元,05,中國大陸及香港,10909,14367,百萬美元
外銷訂單金額_美元,05,中國大陸及香港,10910,11788,百萬美元
外銷訂單金額_美元,05,中國大陸及香港,10911,12845,百萬美元
外銷訂單金額_美元,05,中國大陸及香港,10912,16045,百萬美元
外銷訂單金額_美元,05,中國大陸及香港,11001,14117,百萬美元
外銷訂單金額_美元,05,中國大陸及香港,11002,10937,百萬美元
外銷訂單金額_美元,05,中國大陸及香港,11003,14302,百萬美元
外銷訂單金額_美元,05,中國大陸及香港,11004,14625,百萬美元
外銷訂單金額_美元,05,中國大陸及香港,11005,14248,百萬美元
外銷訂單金額_美元,05,中國大陸及香港,11006,14465,百萬美元
外銷訂單金額_美元,05,中國大陸及香港,11007,14432,百萬美元
外銷訂單金額_美元,05,中國大陸及香港,11008,14974,百萬美元
外銷訂單金額_美元,05,中國大陸及香港,11009,16060,百萬美元
外銷訂單金額_美元,05,中國大陸及香港,11010,14387,百萬美元
外銷訂單金額_美元,05,中國大陸及香港,11011,16147,百萬美元
外銷訂單金額_美元,05,中國大陸及香港,11012,16809,百萬美元
外銷訂單金額_美元,05,中國大陸及香港,11101,15361,百萬美元
外銷訂單金額_美元,05,中國大陸及香港,11102,12850,百萬美元
外銷訂單金額_美元,05,中國大陸及香港,11103,15598,百萬美元
外銷訂單金額_美元,05,中國大陸及香港,11104,12160,百萬美元
外銷訂單金額_美元,05,中國大陸及香港,11105,12335,百萬美元
外銷訂單金額_美元,05,中國大陸及香港,11106,12364,百萬美元
外銷訂單金額_美元,05,中國大陸及香港,11107,11167,百萬美元
外銷訂單金額_美元,05,中國大陸及香港,11108,11152,百萬美元
外銷訂單金額_美元,05,中國大陸及香港,11109,11574,百萬美元
外銷訂單金額_美元,05,中國大陸及香港,11110,10533,百萬美元
外銷訂單金額_美元,05,中國大陸及香港,11111,10104,百萬美元
外銷訂單金額_美元,05,中國大陸及香港,11112,10466,百萬美元
外銷訂單金額_美元,05,中國大陸及香港,11201,8353,百萬美元
外銷訂單金額_美元,05,中國大陸及香港,11202,8319,百萬美元
外銷訂單金額_美元,05,中國大陸及香港,11203,10362,百萬美元
外銷訂單金額_美元,05,中國大陸及香港,11204,9233,百萬美元
外銷訂單金額_美元,05,中國大陸及香港,11205,9767,百萬美元
外銷訂單金額_美元,05,中國大陸及香港,11206,9933,百萬美元
外銷訂單金額_美元,05,中國大陸及香港,11207,10703,百萬美元
外銷訂單金額_美元,05,中國大陸及香港,11208,10922,百萬美元
外銷訂單金額_美元,05,中國大陸及香港,11209,11386,百萬美元
外銷訂單金額_美元,05,中國大陸及香港,11210,10652,百萬美元
外銷訂單金額_美元,05,中國大陸及香港,11211,10982,百萬美元
外銷訂單金額_美元,05,中國大陸及香港,11212,10092,百萬美元
外銷訂單金額_美元,05,中國大陸及香港,11301,10646,百萬美元
外銷訂單金額_美元,05,中國大陸及香港,11302,7836,百萬美元
外銷訂單金額_美元,05,中國大陸及香港,11303,11121,百萬美元
外銷訂單金額_美元,05,中國大陸及香港,11304,10701,百萬美元
外銷訂單金額_美元,05,中國大陸及香港,11305,10729,百萬美元
外銷訂單金額_美元,05,中國大陸及香港,11306,10263,百萬美元
外銷訂單金額_美元,05,中國大陸及香港,11307,10672,百萬美元
外銷訂單金額_美元,05,中國大陸及香港,11308,11187,百萬美元
外銷訂單金額_美元,05,中國大陸及香港,11309,10964,百萬美元
外銷訂單金額_美元,05,中國大陸及香港,11310,10632,百萬美元
外銷訂單金額_美元,05,中國大陸及香港,11311,10595,百萬美元
外銷訂單金額_美元,05,中國大陸及香港,11312,11456,百萬美元
外銷訂單金額_美元,05,中國大陸及香港,11401,8895,百萬美元
外銷訂單金額_美元,05,中國大陸及香港,11402,10523,百萬美元
外銷訂單金額_美元,05,中國大陸及香港,11403,10895,百萬美元
外銷訂單金額_美元,05,中國大陸及香港,11404,11837,百萬美元
外銷訂單金額_美元,05,中國大陸及香港,11405,10984,百萬美元
外銷訂單金額_美元,05,中國大陸及香港,11406,12434,百萬美元
外銷訂單金額_美元,05,中國大陸及香港,11407,11565,百萬美元
外銷訂單金額_美元,05,中國大陸及香港,11408,11100,百萬美元
外銷訂單金額_美元,05,中國大陸及香港,11409,12263,百萬美元
外銷訂單金額_美元,05,中國大陸及香港,11410,11672,百萬美元
外銷訂單金額_美元,05,中國大陸及香港,11411,12459,百萬美元
外銷訂單金額_美元,05,中國大陸及香港,11412,13176,百萬美元
外銷訂單金額_美元,05,中國大陸及香港,11501,14133,百萬美元
外銷訂單金額_美元,05,中國大陸及香港,11502,10506,百萬美元
外銷訂單金額_美元,05,中國大陸及香港,11503,15876,百萬美元
外銷訂單金額_美元,05,中國大陸及香港,11504,15267,百萬美元
外銷訂單金額_美元,05,中國大陸及香港,11505,15102,百萬美元
外銷訂單金額_美元,05,中國大陸及香港,11506,17061,百萬美元
外銷訂單金額_美元,05,中國大陸及香港,11507,17020,百萬美元
外銷訂單金額_美元,16,東協,07301,51,百萬美元
外銷訂單金額_美元,16,東協,07302,44,百萬美元
外銷訂單金額_美元,16,東協,07303,45,百萬美元
外銷訂單金額_美元,16,東協,07304,83,百萬美元
外銷訂單金額_美元,16,東協,07305,45,百萬美元
外銷訂單金額_美元,16,東協,07306,44,百萬美元
外銷訂單金額_美元,16,東協,07307,46,百萬美元
外銷訂單金額_美元,16,東協,07308,90,百萬美元
外銷訂單金額_美元,16,東協,07309,70,百萬美元
外銷訂單金額_美元,16,東協,07310,65,百萬美元
外銷訂單金額_美元,16,東協,07311,61,百萬美元
外銷訂單金額_美元,16,東協,07312,62,百萬美元
外銷訂單金額_美元,16,東協,07401,77,百萬美元
外銷訂單金額_美元,16,東協,07402,32,百萬美元
外銷訂單金額_美元,16,東協,07403,128,百萬美元
外銷訂單金額_美元,16,東協,07404,64,百萬美元
外銷訂單金額_美元,16,東協,07405,127,百萬美元
外銷訂單金額_美元,16,東協,07406,71,百萬美元
外銷訂單金額_美元,16,東協,07407,43,百萬美元
外銷訂單金額_美元,16,東協,07408,50,百萬美元
外銷訂單金額_美元,16,東協,07409,58,百萬美元
外銷訂單金額_美元,16,東協,07410,37,百萬美元
外銷訂單金額_美元,16,東協,07411,42,百萬美元
外銷訂單金額_美元,16,東協,07412,54,百萬美元
外銷訂單金額_美元,16,東協,07501,63,百萬美元
外銷訂單金額_美元,16,東協,07502,52,百萬美元
外銷訂單金額_美元,16,東協,07503,58,百萬美元
外銷訂單金額_美元,16,東協,07504,62,百萬美元
外銷訂單金額_美元,16,東協,07505,61,百萬美元
外銷訂單金額_美元,16,東協,07506,58,百萬美元
外銷訂單金額_美元,16,東協,07507,54,百萬美元
外銷訂單金額_美元,16,東協,07508,61,百萬美元
外銷訂單金額_美元,16,東協,07509,60,百萬美元
外銷訂單金額_美元,16,東協,07510,65,百萬美元
外銷訂單金額_美元,16,東協,07511,49,百萬美元
外銷訂單金額_美元,16,東協,07512,75,百萬美元
外銷訂單金額_美元,16,東協,07601,72,百萬美元
外銷訂單金額_美元,16,東協,07602,75,百萬美元
外銷訂單金額_美元,16,東協,07603,95,百萬美元
外銷訂單金額_美元,16,東協,07604,93,百萬美元
外銷訂單金額_美元,16,東協,07605,83,百萬美元
外銷訂單金額_美元,16,東協,07606,87,百萬美元
外銷訂單金額_美元,16,東協,07607,92,百萬美元
外銷訂單金額_美元,16,東協,07608,88,百萬美元
外銷訂單金額_美元,16,東協,07609,80,百萬美元
外銷訂單金額_美元,16,東協,07610,100,百萬美元
外銷訂單金額_美元,16,東協,07611,111,百萬美元
外銷訂單金額_美元,16,東協,07612,107,百萬美元
外銷訂單金額_美元,16,東協,07701,96,百萬美元
外銷訂單金額_美元,16,東協,07702,95,百萬美元
外銷訂單金額_美元,16,東協,07703,125,百萬美元
外銷訂單金額_美元,16,東協,07704,121,百萬美元
外銷訂單金額_美元,16,東協,07705,133,百萬美元
外銷訂單金額_美元,16,東協,07706,138,百萬美元
外銷訂單金額_美元,16,東協,07707,119,百萬美元
外銷訂單金額_美元,16,東協,07708,133,百萬美元
外銷訂單金額_美元,16,東協,07709,109,百萬美元
外銷訂單金額_美元,16,東協,07710,156,百萬美元
外銷訂單金額_美元,16,東協,07711,137,百萬美元
外銷訂單金額_美元,16,東協,07712,133,百萬美元
外銷訂單金額_美元,16,東協,07801,167,百萬美元
外銷訂單金額_美元,16,東協,07802,127,百萬美元
外銷訂單金額_美元,16,東協,07803,179,百萬美元
外銷訂單金額_美元,16,東協,07804,127,百萬美元
外銷訂單金額_美元,16,東協,07805,131,百萬美元
外銷訂單金額_美元,16,東協,07806,182,百萬美元
外銷訂單金額_美元,16,東協,07807,179,百萬美元
外銷訂單金額_美元,16,東協,07808,174,百萬美元
外銷訂單金額_美元,16,東協,07809,162,百萬美元
外銷訂單金額_美元,16,東協,07810,140,百萬美元
外銷訂單金額_美元,16,東協,07811,159,百萬美元
外銷訂單金額_美元,16,東協,07812,160,百萬美元
外銷訂單金額_美元,16,東協,07901,162,百萬美元
外銷訂單金額_美元,16,東協,07902,133,百萬美元
外銷訂單金額_美元,16,東協,07903,153,百萬美元
外銷訂單金額_美元,16,東協,07904,200,百萬美元
外銷訂單金額_美元,16,東協,07905,140,百萬美元
外銷訂單金額_美元,16,東協,07906,180,百萬美元
外銷訂單金額_美元,16,東協,07907,178,百萬美元
外銷訂單金額_美元,16,東協,07908,193,百萬美元
外銷訂單金額_美元,16,東協,07909,159,百萬美元
外銷訂單金額_美元,16,東協,07910,172,百萬美元
外銷訂單金額_美元,16,東協,07911,180,百萬美元
外銷訂單金額_美元,16,東協,07912,169,百萬美元
外銷訂單金額_美元,16,東協,08001,193,百萬美元
外銷訂單金額_美元,16,東協,08002,165,百萬美元
外銷訂單金額_美元,16,東協,08003,194,百萬美元
外銷訂單金額_美元,16,東協,08004,206,百萬美元
外銷訂單金額_美元,16,東協,08005,203,百萬美元
外銷訂單金額_美元,16,東協,08006,152,百萬美元
外銷訂單金額_美元,16,東協,08007,166,百萬美元
外銷訂單金額_美元,16,東協,08008,144,百萬美元
外銷訂單金額_美元,16,東協,08009,143,百萬美元
外銷訂單金額_美元,16,東協,08010,127,百萬美元
外銷訂單金額_美元,16,東協,08011,135,百萬美元
外銷訂單金額_美元,16,東協,08012,156,百萬美元
外銷訂單金額_美元,16,東協,08101,144,百萬美元
外銷訂單金額_美元,16,東協,08102,123,百萬美元
外銷訂單金額_美元,16,東協,08103,211,百萬美元
外銷訂單金額_美元,16,東協,08104,215,百萬美元
外銷訂單金額_美元,16,東協,08105,204,百萬美元
外銷訂單金額_美元,16,東協,08106,185,百萬美元
外銷訂單金額_美元,16,東協,08107,223,百萬美元
外銷訂單金額_美元,16,東協,08108,186,百萬美元
外銷訂單金額_美元,16,東協,08109,172,百萬美元
外銷訂單金額_美元,16,東協,08110,183,百萬美元
外銷訂單金額_美元,16,東協,08111,183,百萬美元
外銷訂單金額_美元,16,東協,08112,229,百萬美元
外銷訂單金額_美元,16,東協,08201,170,百萬美元
外銷訂單金額_美元,16,東協,08202,186,百萬美元
外銷訂單金額_美元,16,東協,08203,222,百萬美元
外銷訂單金額_美元,16,東協,08204,230,百萬美元
外銷訂單金額_美元,16,東協,08205,259,百萬美元
外銷訂單金額_美元,16,東協,08206,189,百萬美元
外銷訂單金額_美元,16,東協,08207,204,百萬美元
外銷訂單金額_美元,16,東協,08208,248,百萬美元
外銷訂單金額_美元,16,東協,08209,233,百萬美元
外銷訂單金額_美元,16,東協,08210,250,百萬美元
外銷訂單金額_美元,16,東協,08211,205,百萬美元
外銷訂單金額_美元,16,東協,08212,238,百萬美元
外銷訂單金額_美元,16,東協,08301,216,百萬美元
外銷訂單金額_美元,16,東協,08302,201,百萬美元
外銷訂單金額_美元,16,東協,08303,274,百萬美元
外銷訂單金額_美元,16,東協,08304,262,百萬美元
外銷訂單金額_美元,16,東協,08305,287,百萬美元
外銷訂單金額_美元,16,東協,08306,276,百萬美元
外銷訂單金額_美元,16,東協,08307,315,百萬美元
外銷訂單金額_美元,16,東協,08308,259,百萬美元
外銷訂單金額_美元,16,東協,08309,274,百萬美元
外銷訂單金額_美元,16,東協,08310,262,百萬美元
外銷訂單金額_美元,16,東協,08311,269,百萬美元
外銷訂單金額_美元,16,東協,08312,298,百萬美元
外銷訂單金額_美元,16,東協,08401,252,百萬美元
外銷訂單金額_美元,16,東協,08402,258,百萬美元
外銷訂單金額_美元,16,東協,08403,433,百萬美元
外銷訂單金額_美元,16,東協,08404,342,百萬美元
外銷訂單金額_美元,16,東協,08405,360,百萬美元
外銷訂單金額_美元,16,東協,08406,373,百萬美元
外銷訂單金額_美元,16,東協,08407,348,百萬美元
外銷訂單金額_美元,16,東協,08408,339,百萬美元
外銷訂單金額_美元,16,東協,08409,409,百萬美元
外銷訂單金額_美元,16,東協,08410,501,百萬美元
外銷訂單金額_美元,16,東協,08411,440,百萬美元
外銷訂單金額_美元,16,東協,08412,380,百萬美元
外銷訂單金額_美元,16,東協,08501,404,百萬美元
外銷訂單金額_美元,16,東協,08502,381,百萬美元
外銷訂單金額_美元,16,東協,08503,431,百萬美元
外銷訂單金額_美元,16,東協,08504,420,百萬美元
外銷訂單金額_美元,16,東協,08505,432,百萬美元
外銷訂單金額_美元,16,東協,08506,372,百萬美元
外銷訂單金額_美元,16,東協,08507,364,百萬美元
外銷訂單金額_美元,16,東協,08508,420,百萬美元
外銷訂單金額_美元,16,東協,08509,395,百萬美元
外銷訂單金額_美元,16,東協,08510,375,百萬美元
外銷訂單金額_美元,16,東協,08511,379,百萬美元
外銷訂單金額_美元,16,東協,08512,373,百萬美元
外銷訂單金額_美元,16,東協,08601,368,百萬美元
外銷訂單金額_美元,16,東協,08602,328,百萬美元
外銷訂單金額_美元,16,東協,08603,428,百萬美元
外銷訂單金額_美元,16,東協,08604,419,百萬美元
外銷訂單金額_美元,16,東協,08605,477,百萬美元
外銷訂單金額_美元,16,東協,08606,443,百萬美元
外銷訂單金額_美元,16,東協,08607,479,百萬美元
外銷訂單金額_美元,16,東協,08608,417,百萬美元
外銷訂單金額_美元,16,東協,08609,441,百萬美元
外銷訂單金額_美元,16,東協,08610,431,百萬美元
外銷訂單金額_美元,16,東協,08611,504,百萬美元
外銷訂單金額_美元,16,東協,08612,398,百萬美元
外銷訂單金額_美元,16,東協,08701,302,百萬美元
外銷訂單金額_美元,16,東協,08702,284,百萬美元
外銷訂單金額_美元,16,東協,08703,318,百萬美元
外銷訂單金額_美元,16,東協,08704,316,百萬美元
外銷訂單金額_美元,16,東協,08705,350,百萬美元
外銷訂單金額_美元,16,東協,08706,345,百萬美元
外銷訂單金額_美元,16,東協,08707,273,百萬美元
外銷訂單金額_美元,16,東協,08708,310,百萬美元
外銷訂單金額_美元,16,東協,08709,347,百萬美元
外銷訂單金額_美元,16,東協,08710,291,百萬美元
外銷訂單金額_美元,16,東協,08711,274,百萬美元
外銷訂單金額_美元,16,東協,08712,311,百萬美元
外銷訂單金額_美元,16,東協,08801,318,百萬美元
外銷訂單金額_美元,16,東協,08802,301,百萬美元
外銷訂單金額_美元,16,東協,08803,404,百萬美元
外銷訂單金額_美元,16,東協,08804,406,百萬美元
外銷訂單金額_美元,16,東協,08805,382,百萬美元
外銷訂單金額_美元,16,東協,08806,367,百萬美元
外銷訂單金額_美元,16,東協,08807,340,百萬美元
外銷訂單金額_美元,16,東協,08808,384,百萬美元
外銷訂單金額_美元,16,東協,08809,346,百萬美元
外銷訂單金額_美元,16,東協,08810,327,百萬美元
外銷訂單金額_美元,16,東協,08811,360,百萬美元
外銷訂單金額_美元,16,東協,08812,335,百萬美元
外銷訂單金額_美元,16,東協,08901,345,百萬美元
外銷訂單金額_美元,16,東協,08902,333,百萬美元
外銷訂單金額_美元,16,東協,08903,333,百萬美元
外銷訂單金額_美元,16,東協,08904,413,百萬美元
外銷訂單金額_美元,16,東協,08905,430,百萬美元
外銷訂單金額_美元,16,東協,08906,415,百萬美元
外銷訂單金額_美元,16,東協,08907,438,百萬美元
外銷訂單金額_美元,16,東協,08908,465,百萬美元
外銷訂單金額_美元,16,東協,08909,537,百萬美元
外銷訂單金額_美元,16,東協,08910,485,百萬美元
外銷訂單金額_美元,16,東協,08911,508,百萬美元
外銷訂單金額_美元,16,東協,08912,399,百萬美元
外銷訂單金額_美元,16,東協,09001,348,百萬美元
外銷訂單金額_美元,16,東協,09002,372,百萬美元
外銷訂單金額_美元,16,東協,09003,426,百萬美元
外銷訂單金額_美元,16,東協,09004,345,百萬美元
外銷訂單金額_美元,16,東協,09005,415,百萬美元
外銷訂單金額_美元,16,東協,09006,378,百萬美元
外銷訂單金額_美元,16,東協,09007,383,百萬美元
外銷訂單金額_美元,16,東協,09008,361,百萬美元
外銷訂單金額_美元,16,東協,09009,307,百萬美元
外銷訂單金額_美元,16,東協,09010,343,百萬美元
外銷訂單金額_美元,16,東協,09011,346,百萬美元
外銷訂單金額_美元,16,東協,09012,343,百萬美元
外銷訂單金額_美元,16,東協,09101,334,百萬美元
外銷訂單金額_美元,16,東協,09102,319,百萬美元
外銷訂單金額_美元,16,東協,09103,370,百萬美元
外銷訂單金額_美元,16,東協,09104,379,百萬美元
外銷訂單金額_美元,16,東協,09105,378,百萬美元
外銷訂單金額_美元,16,東協,09106,382,百萬美元
外銷訂單金額_美元,16,東協,09107,422,百萬美元
外銷訂單金額_美元,16,東協,09108,383,百萬美元
外銷訂單金額_美元,16,東協,09109,398,百萬美元
外銷訂單金額_美元,16,東協,09110,384,百萬美元
外銷訂單金額_美元,16,東協,09111,356,百萬美元
外銷訂單金額_美元,16,東協,09112,404,百萬美元
外銷訂單金額_美元,16,東協,09201,397,百萬美元
外銷訂單金額_美元,16,東協,09202,324,百萬美元
外銷訂單金額_美元,16,東協,09203,373,百萬美元
外銷訂單金額_美元,16,東協,09204,366,百萬美元
外銷訂單金額_美元,16,東協,09205,610,百萬美元
外銷訂單金額_美元,16,東協,09206,421,百萬美元
外銷訂單金額_美元,16,東協,09207,486,百萬美元
外銷訂單金額_美元,16,東協,09208,320,百萬美元
外銷訂單金額_美元,16,東協,09209,307,百萬美元
外銷訂單金額_美元,16,東協,09210,324,百萬美元
外銷訂單金額_美元,16,東協,09211,368,百萬美元
外銷訂單金額_美元,16,東協,09212,391,百萬美元
外銷訂單金額_美元,16,東協,09301,404,百萬美元
外銷訂單金額_美元,16,東協,09302,442,百萬美元
外銷訂單金額_美元,16,東協,09303,451,百萬美元
外銷訂單金額_美元,16,東協,09304,522,百萬美元
外銷訂單金額_美元,16,東協,09305,395,百萬美元
外銷訂單金額_美元,16,東協,09306,492,百萬美元
外銷訂單金額_美元,16,東協,09307,869,百萬美元
外銷訂單金額_美元,16,東協,09308,509,百萬美元
外銷訂單金額_美元,16,東協,09309,573,百萬美元
外銷訂單金額_美元,16,東協,09310,514,百萬美元
外銷訂單金額_美元,16,東協,09311,433,百萬美元
外銷訂單金額_美元,16,東協,09312,423,百萬美元
外銷訂單金額_美元,16,東協,09401,459,百萬美元
外銷訂單金額_美元,16,東協,09402,334,百萬美元
外銷訂單金額_美元,16,東協,09403,582,百萬美元
外銷訂單金額_美元,16,東協,09404,611,百萬美元
外銷訂單金額_美元,16,東協,09405,544,百萬美元
外銷訂單金額_美元,16,東協,09406,676,百萬美元
外銷訂單金額_美元,16,東協,09407,718,百萬美元
外銷訂單金額_美元,16,東協,09408,844,百萬美元
外銷訂單金額_美元,16,東協,09409,854,百萬美元
外銷訂單金額_美元,16,東協,09410,995,百萬美元
外銷訂單金額_美元,16,東協,09411,785,百萬美元
外銷訂單金額_美元,16,東協,09412,764,百萬美元
外銷訂單金額_美元,16,東協,09501,668,百萬美元
外銷訂單金額_美元,16,東協,09502,698,百萬美元
外銷訂單金額_美元,16,東協,09503,841,百萬美元
外銷訂單金額_美元,16,東協,09504,717,百萬美元
外銷訂單金額_美元,16,東協,09505,814,百萬美元
外銷訂單金額_美元,16,東協,09506,819,百萬美元
外銷訂單金額_美元,16,東協,09507,702,百萬美元
外銷訂單金額_美元,16,東協,09508,660,百萬美元
外銷訂單金額_美元,16,東協,09509,650,百萬美元
外銷訂單金額_美元,16,東協,09510,710,百萬美元
外銷訂單金額_美元,16,東協,09511,653,百萬美元
外銷訂單金額_美元,16,東協,09512,595,百萬美元
外銷訂單金額_美元,16,東協,09601,728,百萬美元
外銷訂單金額_美元,16,東協,09602,501,百萬美元
外銷訂單金額_美元,16,東協,09603,557,百萬美元
外銷訂單金額_美元,16,東協,09604,631,百萬美元
外銷訂單金額_美元,16,東協,09605,694,百萬美元
外銷訂單金額_美元,16,東協,09606,1038,百萬美元
外銷訂單金額_美元,16,東協,09607,847,百萬美元
外銷訂單金額_美元,16,東協,09608,787,百萬美元
外銷訂單金額_美元,16,東協,09609,725,百萬美元
外銷訂單金額_美元,16,東協,09610,789,百萬美元
外銷訂單金額_美元,16,東協,09611,747,百萬美元
外銷訂單金額_美元,16,東協,09612,913,百萬美元
外銷訂單金額_美元,16,東協,09701,785,百萬美元
外銷訂單金額_美元,16,東協,09702,553,百萬美元
外銷訂單金額_美元,16,東協,09703,664,百萬美元
外銷訂單金額_美元,16,東協,09704,2367,百萬美元
外銷訂單金額_美元,16,東協,09705,2565,百萬美元
外銷訂單金額_美元,16,東協,09706,2639,百萬美元
外銷訂單金額_美元,16,東協,09707,2945,百萬美元
外銷訂單金額_美元,16,東協,09708,2915,百萬美元
外銷訂單金額_美元,16,東協,09709,2525,百萬美元
外銷訂單金額_美元,16,東協,09710,2596,百萬美元
外銷訂單金額_美元,16,東協,09711,1798,百萬美元
外銷訂單金額_美元,16,東協,09712,1615,百萬美元
外銷訂單金額_美元,16,東協,09801,1477,百萬美元
外銷訂單金額_美元,16,東協,09802,1696,百萬美元
外銷訂單金額_美元,16,東協,09803,2001,百萬美元
外銷訂單金額_美元,16,東協,09804,2184,百萬美元
外銷訂單金額_美元,16,東協,09805,2390,百萬美元
外銷訂單金額_美元,16,東協,09806,2671,百萬美元
外銷訂單金額_美元,16,東協,09807,2853,百萬美元
外銷訂單金額_美元,16,東協,09808,2804,百萬美元
外銷訂單金額_美元,16,東協,09809,2748,百萬美元
外銷訂單金額_美元,16,東協,09810,3017,百萬美元
外銷訂單金額_美元,16,東協,09811,2931,百萬美元
外銷訂單金額_美元,16,東協,09812,3145,百萬美元
外銷訂單金額_美元,16,東協,09901,2946,百萬美元
外銷訂單金額_美元,16,東協,09902,2581,百萬美元
外銷訂單金額_美元,16,東協,09903,3237,百萬美元
外銷訂單金額_美元,16,東協,09904,3210,百萬美元
外銷訂單金額_美元,16,東協,09905,3135,百萬美元
外銷訂單金額_美元,16,東協,09906,3328,百萬美元
外銷訂單金額_美元,16,東協,09907,3341,百萬美元
外銷訂單金額_美元,16,東協,09908,3247,百萬美元
外銷訂單金額_美元,16,東協,09909,3438,百萬美元
外銷訂單金額_美元,16,東協,09910,3615,百萬美元
外銷訂單金額_美元,16,東協,09911,3357,百萬美元
外銷訂單金額_美元,16,東協,09912,3518,百萬美元
外銷訂單金額_美元,16,東協,10001,3490,百萬美元
外銷訂單金額_美元,16,東協,10002,2956,百萬美元
外銷訂單金額_美元,16,東協,10003,3720,百萬美元
外銷訂單金額_美元,16,東協,10004,3759,百萬美元
外銷訂單金額_美元,16,東協,10005,4249,百萬美元
外銷訂單金額_美元,16,東協,10006,3980,百萬美元
外銷訂單金額_美元,16,東協,10007,3974,百萬美元
外銷訂單金額_美元,16,東協,10008,3671,百萬美元
外銷訂單金額_美元,16,東協,10009,3612,百萬美元
外銷訂單金額_美元,16,東協,10010,3758,百萬美元
外銷訂單金額_美元,16,東協,10011,3766,百萬美元
外銷訂單金額_美元,16,東協,10012,3535,百萬美元
外銷訂單金額_美元,16,東協,10101,3415,百萬美元
外銷訂單金額_美元,16,東協,10102,3684,百萬美元
外銷訂單金額_美元,16,東協,10103,4052,百萬美元
外銷訂單金額_美元,16,東協,10104,4042,百萬美元
外銷訂單金額_美元,16,東協,10105,3883,百萬美元
外銷訂單金額_美元,16,東協,10106,3979,百萬美元
外銷訂單金額_美元,16,東協,10107,4080,百萬美元
外銷訂單金額_美元,16,東協,10108,4119,百萬美元
外銷訂單金額_美元,16,東協,10109,4109,百萬美元
外銷訂單金額_美元,16,東協,10110,4297,百萬美元
外銷訂單金額_美元,16,東協,10111,4394,百萬美元
外銷訂單金額_美元,16,東協,10112,4113,百萬美元
外銷訂單金額_美元,16,東協,10201,4220,百萬美元
外銷訂單金額_美元,16,東協,10202,3432,百萬美元
外銷訂單金額_美元,16,東協,10203,4061,百萬美元
外銷訂單金額_美元,16,東協,10204,3964,百萬美元
外銷訂單金額_美元,16,東協,10205,4298,百萬美元
外銷訂單金額_美元,16,東協,10206,4176,百萬美元
外銷訂單金額_美元,16,東協,10207,4228,百萬美元
外銷訂單金額_美元,16,東協,10208,4130,百萬美元
外銷訂單金額_美元,16,東協,10209,4052,百萬美元
外銷訂單金額_美元,16,東協,10210,4071,百萬美元
外銷訂單金額_美元,16,東協,10211,4267,百萬美元
外銷訂單金額_美元,16,東協,10212,4310,百萬美元
外銷訂單金額_美元,16,東協,10301,3926,百萬美元
外銷訂單金額_美元,16,東協,10302,3665,百萬美元
外銷訂單金額_美元,16,東協,10303,4581,百萬美元
外銷訂單金額_美元,16,東協,10304,4547,百萬美元
外銷訂單金額_美元,16,東協,10305,4622,百萬美元
外銷訂單金額_美元,16,東協,10306,4746,百萬美元
外銷訂單金額_美元,16,東協,10307,4887,百萬美元
外銷訂單金額_美元,16,東協,10308,4704,百萬美元
外銷訂單金額_美元,16,東協,10309,4539,百萬美元
外銷訂單金額_美元,16,東協,10310,4902,百萬美元
外銷訂單金額_美元,16,東協,10311,4700,百萬美元
外銷訂單金額_美元,16,東協,10312,4557,百萬美元
外銷訂單金額_美元,16,東協,10401,4174,百萬美元
外銷訂單金額_美元,16,東協,10402,3489,百萬美元
外銷訂單金額_美元,16,東協,10403,4335,百萬美元
外銷訂單金額_美元,16,東協,10404,4189,百萬美元
外銷訂單金額_美元,16,東協,10405,4379,百萬美元
外銷訂單金額_美元,16,東協,10406,4617,百萬美元
外銷訂單金額_美元,16,東協,10407,4043,百萬美元
外銷訂單金額_美元,16,東協,10408,4412,百萬美元
外銷訂單金額_美元,16,東協,10409,4294,百萬美元
外銷訂單金額_美元,16,東協,10410,4395,百萬美元
外銷訂單金額_美元,16,東協,10411,4425,百萬美元
外銷訂單金額_美元,16,東協,10412,4279,百萬美元
外銷訂單金額_美元,16,東協,10501,3935,百萬美元
外銷訂單金額_美元,16,東協,10502,3504,百萬美元
外銷訂單金額_美元,16,東協,10503,4736,百萬美元
外銷訂單金額_美元,16,東協,10504,4385,百萬美元
外銷訂單金額_美元,16,東協,10505,4405,百萬美元
外銷訂單金額_美元,16,東協,10506,4345,百萬美元
外銷訂單金額_美元,16,東協,10507,4257,百萬美元
外銷訂單金額_美元,16,東協,10508,4521,百萬美元
外銷訂單金額_美元,16,東協,10509,4366,百萬美元
外銷訂單金額_美元,16,東協,10510,4717,百萬美元
外銷訂單金額_美元,16,東協,10511,4523,百萬美元
外銷訂單金額_美元,16,東協,10512,4213,百萬美元
外銷訂單金額_美元,16,東協,10601,3658,百萬美元
外銷訂單金額_美元,16,東協,10602,3645,百萬美元
外銷訂單金額_美元,16,東協,10603,4301,百萬美元
外銷訂單金額_美元,16,東協,10604,3722,百萬美元
外銷訂單金額_美元,16,東協,10605,4021,百萬美元
外銷訂單金額_美元,16,東協,10606,4263,百萬美元
外銷訂單金額_美元,16,東協,10607,4145,百萬美元
外銷訂單金額_美元,16,東協,10608,4520,百萬美元
外銷訂單金額_美元,16,東協,10609,4297,百萬美元
外銷訂單金額_美元,16,東協,10610,4070,百萬美元
外銷訂單金額_美元,16,東協,10611,4404,百萬美元
外銷訂單金額_美元,16,東協,10612,4498,百萬美元
外銷訂單金額_美元,16,東協,10701,4246,百萬美元
外銷訂單金額_美元,16,東協,10702,3371,百萬美元
外銷訂單金額_美元,16,東協,10703,4202,百萬美元
外銷訂單金額_美元,16,東協,10704,3904,百萬美元
外銷訂單金額_美元,16,東協,10705,4350,百萬美元
外銷訂單金額_美元,16,東協,10706,4256,百萬美元
外銷訂單金額_美元,16,東協,10707,4137,百萬美元
外銷訂單金額_美元,16,東協,10708,4219,百萬美元
外銷訂單金額_美元,16,東協,10709,4251,百萬美元
外銷訂單金額_美元,16,東協,10710,4065,百萬美元
外銷訂單金額_美元,16,東協,10711,4120,百萬美元
外銷訂單金額_美元,16,東協,10712,3519,百萬美元
外銷訂單金額_美元,16,東協,10801,3682,百萬美元
外銷訂單金額_美元,16,東協,10802,2935,百萬美元
外銷訂單金額_美元,16,東協,10803,3761,百萬美元
外銷訂單金額_美元,16,東協,10804,3487,百萬美元
外銷訂單金額_美元,16,東協,10805,3715,百萬美元
外銷訂單金額_美元,16,東協,10806,3730,百萬美元
外銷訂單金額_美元,16,東協,10807,3824,百萬美元
外銷訂單金額_美元,16,東協,10808,3941,百萬美元
外銷訂單金額_美元,16,東協,10809,4033,百萬美元
外銷訂單金額_美元,16,東協,10810,3848,百萬美元
外銷訂單金額_美元,16,東協,10811,3750,百萬美元
外銷訂單金額_美元,16,東協,10812,3683,百萬美元
外銷訂單金額_美元,16,東協,10901,3224,百萬美元
外銷訂單金額_美元,16,東協,10902,3112,百萬美元
外銷訂單金額_美元,16,東協,10903,3741,百萬美元
外銷訂單金額_美元,16,東協,10904,3356,百萬美元
外銷訂單金額_美元,16,東協,10905,3499,百萬美元
外銷訂單金額_美元,16,東協,10906,3794,百萬美元
外銷訂單金額_美元,16,東協,10907,4029,百萬美元
外銷訂單金額_美元,16,東協,10908,4159,百萬美元
外銷訂單金額_美元,16,東協,10909,4389,百萬美元
外銷訂單金額_美元,16,東協,10910,4087,百萬美元
外銷訂單金額_美元,16,東協,10911,4610,百萬美元
外銷訂單金額_美元,16,東協,10912,4838,百萬美元
外銷訂單金額_美元,16,東協,11001,4521,百萬美元
外銷訂單金額_美元,16,東協,11002,4126,百萬美元
外銷訂單金額_美元,16,東協,11003,5386,百萬美元
外銷訂單金額_美元,16,東協,11004,5270,百萬美元
外銷訂單金額_美元,16,東協,11005,5171,百萬美元
外銷訂單金額_美元,16,東協,11006,5485,百萬美元
外銷訂單金額_美元,16,東協,11007,5389,百萬美元
外銷訂單金額_美元,16,東協,11008,5319,百萬美元
外銷訂單金額_美元,16,東協,11009,5397,百萬美元
外銷訂單金額_美元,16,東協,11010,5636,百萬美元
外銷訂單金額_美元,16,東協,11011,6193,百萬美元
外銷訂單金額_美元,16,東協,11012,6479,百萬美元
外銷訂單金額_美元,16,東協,11101,5928,百萬美元
外銷訂單金額_美元,16,東協,11102,5692,百萬美元
外銷訂單金額_美元,16,東協,11103,6892,百萬美元
外銷訂單金額_美元,16,東協,11104,6532,百萬美元
外銷訂單金額_美元,16,東協,11105,6955,百萬美元
外銷訂單金額_美元,16,東協,11106,7136,百萬美元
外銷訂單金額_美元,16,東協,11107,6691,百萬美元
外銷訂單金額_美元,16,東協,11108,7242,百萬美元
外銷訂單金額_美元,16,東協,11109,6130,百萬美元
外銷訂單金額_美元,16,東協,11110,5665,百萬美元
外銷訂單金額_美元,16,東協,11111,5150,百萬美元
外銷訂單金額_美元,16,東協,11112,5086,百萬美元
外銷訂單金額_美元,16,東協,11201,4291,百萬美元
外銷訂單金額_美元,16,東協,11202,4779,百萬美元
外銷訂單金額_美元,16,東協,11203,5981,百萬美元
外銷訂單金額_美元,16,東協,11204,6548,百萬美元
外銷訂單金額_美元,16,東協,11205,7640,百萬美元
外銷訂單金額_美元,16,東協,11206,6883,百萬美元
外銷訂單金額_美元,16,東協,11207,8876,百萬美元
外銷訂單金額_美元,16,東協,11208,6377,百萬美元
外銷訂單金額_美元,16,東協,11209,8308,百萬美元
外銷訂單金額_美元,16,東協,11210,10867,百萬美元
外銷訂單金額_美元,16,東協,11211,8599,百萬美元
外銷訂單金額_美元,16,東協,11212,6652,百萬美元
外銷訂單金額_美元,16,東協,11301,9129,百萬美元
外銷訂單金額_美元,16,東協,11302,6022,百萬美元
外銷訂單金額_美元,16,東協,11303,7040,百萬美元
外銷訂單金額_美元,16,東協,11304,7935,百萬美元
外銷訂單金額_美元,16,東協,11305,9091,百萬美元
外銷訂單金額_美元,16,東協,11306,6870,百萬美元
外銷訂單金額_美元,16,東協,11307,8307,百萬美元
外銷訂單金額_美元,16,東協,11308,7688,百萬美元
外銷訂單金額_美元,16,東協,11309,9410,百萬美元
外銷訂單金額_美元,16,東協,11310,10542,百萬美元
外銷訂單金額_美元,16,東協,11311,8524,百萬美元
外銷訂單金額_美元,16,東協,11312,8295,百萬美元
外銷訂單金額_美元,16,東協,11401,9484,百萬美元
外銷訂單金額_美元,16,東協,11402,9699,百萬美元
外銷訂單金額_美元,16,東協,11403,9214,百萬美元
外銷訂單金額_美元,16,東協,11404,11068,百萬美元
外銷訂單金額_美元,16,東協,11405,11931,百萬美元
外銷訂單金額_美元,16,東協,11406,10217,百萬美元
外銷訂單金額_美元,16,東協,11407,10247,百萬美元
外銷訂單金額_美元,16,東協,11408,10761,百萬美元
外銷訂單金額_美元,16,東協,11409,14782,百萬美元
外銷訂單金額_美元,16,東協,11410,14976,百萬美元
外銷訂單金額_美元,16,東協,11411,13620,百萬美元
外銷訂單金額_美元,16,東協,11412,13541,百萬美元
外銷訂單金額_美元,16,東協,11501,15839,百萬美元
外銷訂單金額_美元,16,東協,11502,12976,百萬美元
外銷訂單金額_美元,16,東協,11503,17909,百萬美元
外銷訂單金額_美元,16,東協,11504,17898,百萬美元
外銷訂單金額_美元,16,東協,11505,15703,百萬美元
外銷訂單金額_美元,16,東協,11506,15557,百萬美元
外銷訂單金額_美元,16,東協,11507,16513,百萬美元
外銷訂單金額_美元,17,歐洲,07301,253,百萬美元
外銷訂單金額_美元,17,歐洲,07302,236,百萬美元
外銷訂單金額_美元,17,歐洲,07303,278,百萬美元
外銷訂單金額_美元,17,歐洲,07304,247,百萬美元
外銷訂單金額_美元,17,歐洲,07305,255,百萬美元
外銷訂單金額_美元,17,歐洲,07306,264,百萬美元
外銷訂單金額_美元,17,歐洲,07307,271,百萬美元
外銷訂單金額_美元,17,歐洲,07308,332,百萬美元
外銷訂單金額_美元,17,歐洲,07309,205,百萬美元
外銷訂單金額_美元,17,歐洲,07310,259,百萬美元
外銷訂單金額_美元,17,歐洲,07311,267,百萬美元
外銷訂單金額_美元,17,歐洲,07312,265,百萬美元
外銷訂單金額_美元,17,歐洲,07401,268,百萬美元
外銷訂單金額_美元,17,歐洲,07402,222,百萬美元
外銷訂單金額_美元,17,歐洲,07403,263,百萬美元
外銷訂單金額_美元,17,歐洲,07404,251,百萬美元
外銷訂單金額_美元,17,歐洲,07405,268,百萬美元
外銷訂單金額_美元,17,歐洲,07406,240,百萬美元
外銷訂單金額_美元,17,歐洲,07407,258,百萬美元
外銷訂單金額_美元,17,歐洲,07408,263,百萬美元
外銷訂單金額_美元,17,歐洲,07409,273,百萬美元
外銷訂單金額_美元,17,歐洲,07410,319,百萬美元
外銷訂單金額_美元,17,歐洲,07411,293,百萬美元
外銷訂單金額_美元,17,歐洲,07412,307,百萬美元
外銷訂單金額_美元,17,歐洲,07501,346,百萬美元
外銷訂單金額_美元,17,歐洲,07502,271,百萬美元
外銷訂單金額_美元,17,歐洲,07503,421,百萬美元
外銷訂單金額_美元,17,歐洲,07504,366,百萬美元
外銷訂單金額_美元,17,歐洲,07505,409,百萬美元
外銷訂單金額_美元,17,歐洲,07506,383,百萬美元
外銷訂單金額_美元,17,歐洲,07507,430,百萬美元
外銷訂單金額_美元,17,歐洲,07508,431,百萬美元
外銷訂單金額_美元,17,歐洲,07509,421,百萬美元
外銷訂單金額_美元,17,歐洲,07510,516,百萬美元
外銷訂單金額_美元,17,歐洲,07511,467,百萬美元
外銷訂單金額_美元,17,歐洲,07512,525,百萬美元
外銷訂單金額_美元,17,歐洲,07601,518,百萬美元
外銷訂單金額_美元,17,歐洲,07602,523,百萬美元
外銷訂單金額_美元,17,歐洲,07603,597,百萬美元
外銷訂單金額_美元,17,歐洲,07604,630,百萬美元
外銷訂單金額_美元,17,歐洲,07605,624,百萬美元
外銷訂單金額_美元,17,歐洲,07606,608,百萬美元
外銷訂單金額_美元,17,歐洲,07607,640,百萬美元
外銷訂單金額_美元,17,歐洲,07608,630,百萬美元
外銷訂單金額_美元,17,歐洲,07609,647,百萬美元
外銷訂單金額_美元,17,歐洲,07610,633,百萬美元
外銷訂單金額_美元,17,歐洲,07611,738,百萬美元
外銷訂單金額_美元,17,歐洲,07612,687,百萬美元
外銷訂單金額_美元,17,歐洲,07701,701,百萬美元
外銷訂單金額_美元,17,歐洲,07702,650,百萬美元
外銷訂單金額_美元,17,歐洲,07703,821,百萬美元
外銷訂單金額_美元,17,歐洲,07704,854,百萬美元
外銷訂單金額_美元,17,歐洲,07705,850,百萬美元
外銷訂單金額_美元,17,歐洲,07706,777,百萬美元
外銷訂單金額_美元,17,歐洲,07707,756,百萬美元
外銷訂單金額_美元,17,歐洲,07708,751,百萬美元
外銷訂單金額_美元,17,歐洲,07709,764,百萬美元
外銷訂單金額_美元,17,歐洲,07710,786,百萬美元
外銷訂單金額_美元,17,歐洲,07711,825,百萬美元
外銷訂單金額_美元,17,歐洲,07712,886,百萬美元
外銷訂單金額_美元,17,歐洲,07801,759,百萬美元
外銷訂單金額_美元,17,歐洲,07802,695,百萬美元
外銷訂單金額_美元,17,歐洲,07803,874,百萬美元
外銷訂單金額_美元,17,歐洲,07804,814,百萬美元
外銷訂單金額_美元,17,歐洲,07805,790,百萬美元
外銷訂單金額_美元,17,歐洲,07806,819,百萬美元
外銷訂單金額_美元,17,歐洲,07807,995,百萬美元
外銷訂單金額_美元,17,歐洲,07808,767,百萬美元
外銷訂單金額_美元,17,歐洲,07809,861,百萬美元
外銷訂單金額_美元,17,歐洲,07810,859,百萬美元
外銷訂單金額_美元,17,歐洲,07811,1018,百萬美元
外銷訂單金額_美元,17,歐洲,07812,828,百萬美元
外銷訂單金額_美元,17,歐洲,07901,900,百萬美元
外銷訂單金額_美元,17,歐洲,07902,829,百萬美元
外銷訂單金額_美元,17,歐洲,07903,965,百萬美元
外銷訂單金額_美元,17,歐洲,07904,1118,百萬美元
外銷訂單金額_美元,17,歐洲,07905,868,百萬美元
外銷訂單金額_美元,17,歐洲,07906,866,百萬美元
外銷訂單金額_美元,17,歐洲,07907,1064,百萬美元
外銷訂單金額_美元,17,歐洲,07908,843,百萬美元
外銷訂單金額_美元,17,歐洲,07909,980,百萬美元
外銷訂單金額_美元,17,歐洲,07910,1075,百萬美元
外銷訂單金額_美元,17,歐洲,07911,1057,百萬美元
外銷訂單金額_美元,17,歐洲,07912,1037,百萬美元
外銷訂單金額_美元,17,歐洲,08001,1038,百萬美元
外銷訂單金額_美元,17,歐洲,08002,1187,百萬美元
外銷訂單金額_美元,17,歐洲,08003,1135,百萬美元
外銷訂單金額_美元,17,歐洲,08004,1191,百萬美元
外銷訂單金額_美元,17,歐洲,08005,1016,百萬美元
外銷訂單金額_美元,17,歐洲,08006,949,百萬美元
外銷訂單金額_美元,17,歐洲,08007,1083,百萬美元
外銷訂單金額_美元,17,歐洲,08008,1013,百萬美元
外銷訂單金額_美元,17,歐洲,08009,996,百萬美元
外銷訂單金額_美元,17,歐洲,08010,1035,百萬美元
外銷訂單金額_美元,17,歐洲,08011,1105,百萬美元
外銷訂單金額_美元,17,歐洲,08012,1180,百萬美元
外銷訂單金額_美元,17,歐洲,08101,1055,百萬美元
外銷訂單金額_美元,17,歐洲,08102,1009,百萬美元
外銷訂單金額_美元,17,歐洲,08103,1280,百萬美元
外銷訂單金額_美元,17,歐洲,08104,1156,百萬美元
外銷訂單金額_美元,17,歐洲,08105,1092,百萬美元
外銷訂單金額_美元,17,歐洲,08106,984,百萬美元
外銷訂單金額_美元,17,歐洲,08107,959,百萬美元
外銷訂單金額_美元,17,歐洲,08108,1010,百萬美元
外銷訂單金額_美元,17,歐洲,08109,1039,百萬美元
外銷訂單金額_美元,17,歐洲,08110,1122,百萬美元
外銷訂單金額_美元,17,歐洲,08111,1093,百萬美元
外銷訂單金額_美元,17,歐洲,08112,1064,百萬美元
外銷訂單金額_美元,17,歐洲,08201,945,百萬美元
外銷訂單金額_美元,17,歐洲,08202,1062,百萬美元
外銷訂單金額_美元,17,歐洲,08203,1183,百萬美元
外銷訂單金額_美元,17,歐洲,08204,1207,百萬美元
外銷訂單金額_美元,17,歐洲,08205,1045,百萬美元
外銷訂單金額_美元,17,歐洲,08206,898,百萬美元
外銷訂單金額_美元,17,歐洲,08207,951,百萬美元
外銷訂單金額_美元,17,歐洲,08208,1061,百萬美元
外銷訂單金額_美元,17,歐洲,08209,1021,百萬美元
外銷訂單金額_美元,17,歐洲,08210,1196,百萬美元
外銷訂單金額_美元,17,歐洲,08211,1095,百萬美元
外銷訂單金額_美元,17,歐洲,08212,1161,百萬美元
外銷訂單金額_美元,17,歐洲,08301,1097,百萬美元
外銷訂單金額_美元,17,歐洲,08302,957,百萬美元
外銷訂單金額_美元,17,歐洲,08303,1132,百萬美元
外銷訂單金額_美元,17,歐洲,08304,1093,百萬美元
外銷訂單金額_美元,17,歐洲,08305,1021,百萬美元
外銷訂單金額_美元,17,歐洲,08306,1066,百萬美元
外銷訂單金額_美元,17,歐洲,08307,1091,百萬美元
外銷訂單金額_美元,17,歐洲,08308,1025,百萬美元
外銷訂單金額_美元,17,歐洲,08309,1165,百萬美元
外銷訂單金額_美元,17,歐洲,08310,1274,百萬美元
外銷訂單金額_美元,17,歐洲,08311,1280,百萬美元
外銷訂單金額_美元,17,歐洲,08312,1329,百萬美元
外銷訂單金額_美元,17,歐洲,08401,1165,百萬美元
外銷訂單金額_美元,17,歐洲,08402,1107,百萬美元
外銷訂單金額_美元,17,歐洲,08403,1412,百萬美元
外銷訂單金額_美元,17,歐洲,08404,1266,百萬美元
外銷訂單金額_美元,17,歐洲,08405,1396,百萬美元
外銷訂單金額_美元,17,歐洲,08406,1279,百萬美元
外銷訂單金額_美元,17,歐洲,08407,1349,百萬美元
外銷訂單金額_美元,17,歐洲,08408,1336,百萬美元
外銷訂單金額_美元,17,歐洲,08409,1299,百萬美元
外銷訂單金額_美元,17,歐洲,08410,1458,百萬美元
外銷訂單金額_美元,17,歐洲,08411,1489,百萬美元
外銷訂單金額_美元,17,歐洲,08412,1429,百萬美元
外銷訂單金額_美元,17,歐洲,08501,1461,百萬美元
外銷訂單金額_美元,17,歐洲,08502,1388,百萬美元
外銷訂單金額_美元,17,歐洲,08503,1491,百萬美元
外銷訂單金額_美元,17,歐洲,08504,1452,百萬美元
外銷訂單金額_美元,17,歐洲,08505,1489,百萬美元
外銷訂單金額_美元,17,歐洲,08506,1409,百萬美元
外銷訂單金額_美元,17,歐洲,08507,1467,百萬美元
外銷訂單金額_美元,17,歐洲,08508,1454,百萬美元
外銷訂單金額_美元,17,歐洲,08509,1700,百萬美元
外銷訂單金額_美元,17,歐洲,08510,1710,百萬美元
外銷訂單金額_美元,17,歐洲,08511,1626,百萬美元
外銷訂單金額_美元,17,歐洲,08512,1720,百萬美元
外銷訂單金額_美元,17,歐洲,08601,1697,百萬美元
外銷訂單金額_美元,17,歐洲,08602,1450,百萬美元
外銷訂單金額_美元,17,歐洲,08603,1794,百萬美元
外銷訂單金額_美元,17,歐洲,08604,1593,百萬美元
外銷訂單金額_美元,17,歐洲,08605,1491,百萬美元
外銷訂單金額_美元,17,歐洲,08606,1535,百萬美元
外銷訂單金額_美元,17,歐洲,08607,1563,百萬美元
外銷訂單金額_美元,17,歐洲,08608,1567,百萬美元
外銷訂單金額_美元,17,歐洲,08609,1922,百萬美元
外銷訂單金額_美元,17,歐洲,08610,1780,百萬美元
外銷訂單金額_美元,17,歐洲,08611,1733,百萬美元
外銷訂單金額_美元,17,歐洲,08612,1972,百萬美元
外銷訂單金額_美元,17,歐洲,08701,1666,百萬美元
外銷訂單金額_美元,17,歐洲,08702,1858,百萬美元
外銷訂單金額_美元,17,歐洲,08703,1873,百萬美元
外銷訂單金額_美元,17,歐洲,08704,1764,百萬美元
外銷訂單金額_美元,17,歐洲,08705,1916,百萬美元
外銷訂單金額_美元,17,歐洲,08706,1835,百萬美元
外銷訂單金額_美元,17,歐洲,08707,1801,百萬美元
外銷訂單金額_美元,17,歐洲,08708,1963,百萬美元
外銷訂單金額_美元,17,歐洲,08709,2062,百萬美元
外銷訂單金額_美元,17,歐洲,08710,2063,百萬美元
外銷訂單金額_美元,17,歐洲,08711,1897,百萬美元
外銷訂單金額_美元,17,歐洲,08712,1979,百萬美元
外銷訂單金額_美元,17,歐洲,08801,1715,百萬美元
外銷訂單金額_美元,17,歐洲,08802,1629,百萬美元
外銷訂單金額_美元,17,歐洲,08803,1915,百萬美元
外銷訂單金額_美元,17,歐洲,08804,1867,百萬美元
外銷訂單金額_美元,17,歐洲,08805,1738,百萬美元
外銷訂單金額_美元,17,歐洲,08806,1748,百萬美元
外銷訂單金額_美元,17,歐洲,08807,1794,百萬美元
外銷訂單金額_美元,17,歐洲,08808,1953,百萬美元
外銷訂單金額_美元,17,歐洲,08809,2046,百萬美元
外銷訂單金額_美元,17,歐洲,08810,2181,百萬美元
外銷訂單金額_美元,17,歐洲,08811,2309,百萬美元
外銷訂單金額_美元,17,歐洲,08812,2297,百萬美元
外銷訂單金額_美元,17,歐洲,08901,1974,百萬美元
外銷訂單金額_美元,17,歐洲,08902,1748,百萬美元
外銷訂單金額_美元,17,歐洲,08903,2292,百萬美元
外銷訂單金額_美元,17,歐洲,08904,2244,百萬美元
外銷訂單金額_美元,17,歐洲,08905,2194,百萬美元
外銷訂單金額_美元,17,歐洲,08906,2219,百萬美元
外銷訂單金額_美元,17,歐洲,08907,2064,百萬美元
外銷訂單金額_美元,17,歐洲,08908,2219,百萬美元
外銷訂單金額_美元,17,歐洲,08909,2421,百萬美元
外銷訂單金額_美元,17,歐洲,08910,2424,百萬美元
外銷訂單金額_美元,17,歐洲,08911,2367,百萬美元
外銷訂單金額_美元,17,歐洲,08912,2183,百萬美元
外銷訂單金額_美元,17,歐洲,09001,1728,百萬美元
外銷訂單金額_美元,17,歐洲,09002,1897,百萬美元
外銷訂單金額_美元,17,歐洲,09003,2075,百萬美元
外銷訂單金額_美元,17,歐洲,09004,1772,百萬美元
外銷訂單金額_美元,17,歐洲,09005,1643,百萬美元
外銷訂單金額_美元,17,歐洲,09006,1547,百萬美元
外銷訂單金額_美元,17,歐洲,09007,1497,百萬美元
外銷訂單金額_美元,17,歐洲,09008,1679,百萬美元
外銷訂單金額_美元,17,歐洲,09009,1776,百萬美元
外銷訂單金額_美元,17,歐洲,09010,2165,百萬美元
外銷訂單金額_美元,17,歐洲,09011,2120,百萬美元
外銷訂單金額_美元,17,歐洲,09012,1984,百萬美元
外銷訂單金額_美元,17,歐洲,09101,1799,百萬美元
外銷訂單金額_美元,17,歐洲,09102,1634,百萬美元
外銷訂單金額_美元,17,歐洲,09103,1877,百萬美元
外銷訂單金額_美元,17,歐洲,09104,1833,百萬美元
外銷訂單金額_美元,17,歐洲,09105,1851,百萬美元
外銷訂單金額_美元,17,歐洲,09106,1673,百萬美元
外銷訂單金額_美元,17,歐洲,09107,1727,百萬美元
外銷訂單金額_美元,17,歐洲,09108,2055,百萬美元
外銷訂單金額_美元,17,歐洲,09109,2039,百萬美元
外銷訂單金額_美元,17,歐洲,09110,2271,百萬美元
外銷訂單金額_美元,17,歐洲,09111,2299,百萬美元
外銷訂單金額_美元,17,歐洲,09112,2083,百萬美元
外銷訂單金額_美元,17,歐洲,09201,2049,百萬美元
外銷訂單金額_美元,17,歐洲,09202,1771,百萬美元
外銷訂單金額_美元,17,歐洲,09203,2009,百萬美元
外銷訂單金額_美元,17,歐洲,09204,1960,百萬美元
外銷訂單金額_美元,17,歐洲,09205,1977,百萬美元
外銷訂單金額_美元,17,歐洲,09206,1883,百萬美元
外銷訂單金額_美元,17,歐洲,09207,1990,百萬美元
外銷訂單金額_美元,17,歐洲,09208,2113,百萬美元
外銷訂單金額_美元,17,歐洲,09209,2470,百萬美元
外銷訂單金額_美元,17,歐洲,09210,2677,百萬美元
外銷訂單金額_美元,17,歐洲,09211,2570,百萬美元
外銷訂單金額_美元,17,歐洲,09212,2629,百萬美元
外銷訂單金額_美元,17,歐洲,09301,2293,百萬美元
外銷訂單金額_美元,17,歐洲,09302,2507,百萬美元
外銷訂單金額_美元,17,歐洲,09303,2552,百萬美元
外銷訂單金額_美元,17,歐洲,09304,2868,百萬美元
外銷訂單金額_美元,17,歐洲,09305,2634,百萬美元
外銷訂單金額_美元,17,歐洲,09306,2575,百萬美元
外銷訂單金額_美元,17,歐洲,09307,2747,百萬美元
外銷訂單金額_美元,17,歐洲,09308,2747,百萬美元
外銷訂單金額_美元,17,歐洲,09309,3184,百萬美元
外銷訂單金額_美元,17,歐洲,09310,3333,百萬美元
外銷訂單金額_美元,17,歐洲,09311,3523,百萬美元
外銷訂單金額_美元,17,歐洲,09312,3161,百萬美元
外銷訂單金額_美元,17,歐洲,09401,3000,百萬美元
外銷訂單金額_美元,17,歐洲,09402,2901,百萬美元
外銷訂單金額_美元,17,歐洲,09403,3165,百萬美元
外銷訂單金額_美元,17,歐洲,09404,3321,百萬美元
外銷訂單金額_美元,17,歐洲,09405,3030,百萬美元
外銷訂單金額_美元,17,歐洲,09406,2921,百萬美元
外銷訂單金額_美元,17,歐洲,09407,3074,百萬美元
外銷訂單金額_美元,17,歐洲,09408,3396,百萬美元
外銷訂單金額_美元,17,歐洲,09409,3944,百萬美元
外銷訂單金額_美元,17,歐洲,09410,4429,百萬美元
外銷訂單金額_美元,17,歐洲,09411,4596,百萬美元
外銷訂單金額_美元,17,歐洲,09412,4102,百萬美元
外銷訂單金額_美元,17,歐洲,09501,3888,百萬美元
外銷訂單金額_美元,17,歐洲,09502,3674,百萬美元
外銷訂單金額_美元,17,歐洲,09503,4273,百萬美元
外銷訂單金額_美元,17,歐洲,09504,4089,百萬美元
外銷訂單金額_美元,17,歐洲,09505,3670,百萬美元
外銷訂單金額_美元,17,歐洲,09506,3788,百萬美元
外銷訂單金額_美元,17,歐洲,09507,3646,百萬美元
外銷訂單金額_美元,17,歐洲,09508,4020,百萬美元
外銷訂單金額_美元,17,歐洲,09509,4459,百萬美元
外銷訂單金額_美元,17,歐洲,09510,5303,百萬美元
外銷訂單金額_美元,17,歐洲,09511,5277,百萬美元
外銷訂單金額_美元,17,歐洲,09512,5119,百萬美元
外銷訂單金額_美元,17,歐洲,09601,4853,百萬美元
外銷訂單金額_美元,17,歐洲,09602,4303,百萬美元
外銷訂單金額_美元,17,歐洲,09603,5304,百萬美元
外銷訂單金額_美元,17,歐洲,09604,4636,百萬美元
外銷訂單金額_美元,17,歐洲,09605,4698,百萬美元
外銷訂單金額_美元,17,歐洲,09606,4936,百萬美元
外銷訂單金額_美元,17,歐洲,09607,4829,百萬美元
外銷訂單金額_美元,17,歐洲,09608,5459,百萬美元
外銷訂單金額_美元,17,歐洲,09609,5737,百萬美元
外銷訂單金額_美元,17,歐洲,09610,6308,百萬美元
外銷訂單金額_美元,17,歐洲,09611,6165,百萬美元
外銷訂單金額_美元,17,歐洲,09612,5591,百萬美元
外銷訂單金額_美元,17,歐洲,09701,5314,百萬美元
外銷訂單金額_美元,17,歐洲,09702,4936,百萬美元
外銷訂單金額_美元,17,歐洲,09703,5841,百萬美元
外銷訂單金額_美元,17,歐洲,09704,5531,百萬美元
外銷訂單金額_美元,17,歐洲,09705,5437,百萬美元
外銷訂單金額_美元,17,歐洲,09706,5413,百萬美元
外銷訂單金額_美元,17,歐洲,09707,5577,百萬美元
外銷訂單金額_美元,17,歐洲,09708,6081,百萬美元
外銷訂單金額_美元,17,歐洲,09709,6594,百萬美元
外銷訂單金額_美元,17,歐洲,09710,6636,百萬美元
外銷訂單金額_美元,17,歐洲,09711,5212,百萬美元
外銷訂單金額_美元,17,歐洲,09712,4043,百萬美元
外銷訂單金額_美元,17,歐洲,09801,3681,百萬美元
外銷訂單金額_美元,17,歐洲,09802,3958,百萬美元
外銷訂單金額_美元,17,歐洲,09803,4504,百萬美元
外銷訂單金額_美元,17,歐洲,09804,4374,百萬美元
外銷訂單金額_美元,17,歐洲,09805,3914,百萬美元
外銷訂單金額_美元,17,歐洲,09806,4456,百萬美元
外銷訂單金額_美元,17,歐洲,09807,4763,百萬美元
外銷訂單金額_美元,17,歐洲,09808,4771,百萬美元
外銷訂單金額_美元,17,歐洲,09809,5708,百萬美元
外銷訂單金額_美元,17,歐洲,09810,5961,百萬美元
外銷訂單金額_美元,17,歐洲,09811,5979,百萬美元
外銷訂單金額_美元,17,歐洲,09812,5435,百萬美元
外銷訂單金額_美元,17,歐洲,09901,5165,百萬美元
外銷訂單金額_美元,17,歐洲,09902,4833,百萬美元
外銷訂單金額_美元,17,歐洲,09903,5962,百萬美元
外銷訂單金額_美元,17,歐洲,09904,5304,百萬美元
外銷訂單金額_美元,17,歐洲,09905,5565,百萬美元
外銷訂單金額_美元,17,歐洲,09906,5603,百萬美元
外銷訂單金額_美元,17,歐洲,09907,5318,百萬美元
外銷訂單金額_美元,17,歐洲,09908,6000,百萬美元
外銷訂單金額_美元,17,歐洲,09909,6969,百萬美元
外銷訂單金額_美元,17,歐洲,09910,7062,百萬美元
外銷訂單金額_美元,17,歐洲,09911,7032,百萬美元
外銷訂單金額_美元,17,歐洲,09912,6870,百萬美元
外銷訂單金額_美元,17,歐洲,10001,6002,百萬美元
外銷訂單金額_美元,17,歐洲,10002,5087,百萬美元
外銷訂單金額_美元,17,歐洲,10003,7526,百萬美元
外銷訂單金額_美元,17,歐洲,10004,6539,百萬美元
外銷訂單金額_美元,17,歐洲,10005,6894,百萬美元
外銷訂單金額_美元,17,歐洲,10006,6677,百萬美元
外銷訂單金額_美元,17,歐洲,10007,6510,百萬美元
外銷訂單金額_美元,17,歐洲,10008,6485,百萬美元
外銷訂單金額_美元,17,歐洲,10009,6815,百萬美元
外銷訂單金額_美元,17,歐洲,10010,7006,百萬美元
外銷訂單金額_美元,17,歐洲,10011,7104,百萬美元
外銷訂單金額_美元,17,歐洲,10012,6853,百萬美元
外銷訂單金額_美元,17,歐洲,10101,5932,百萬美元
外銷訂單金額_美元,17,歐洲,10102,6020,百萬美元
外銷訂單金額_美元,17,歐洲,10103,6830,百萬美元
外銷訂單金額_美元,17,歐洲,10104,6488,百萬美元
外銷訂單金額_美元,17,歐洲,10105,6332,百萬美元
外銷訂單金額_美元,17,歐洲,10106,6651,百萬美元
外銷訂單金額_美元,17,歐洲,10107,6202,百萬美元
外銷訂單金額_美元,17,歐洲,10108,5941,百萬美元
外銷訂單金額_美元,17,歐洲,10109,6436,百萬美元
外銷訂單金額_美元,17,歐洲,10110,6812,百萬美元
外銷訂單金額_美元,17,歐洲,10111,7782,百萬美元
外銷訂單金額_美元,17,歐洲,10112,8573,百萬美元
外銷訂單金額_美元,17,歐洲,10201,7176,百萬美元
外銷訂單金額_美元,17,歐洲,10202,5486,百萬美元
外銷訂單金額_美元,17,歐洲,10203,6209,百萬美元
外銷訂單金額_美元,17,歐洲,10204,6054,百萬美元
外銷訂單金額_美元,17,歐洲,10205,5901,百萬美元
外銷訂單金額_美元,17,歐洲,10206,5957,百萬美元
外銷訂單金額_美元,17,歐洲,10207,6123,百萬美元
外銷訂單金額_美元,17,歐洲,10208,6003,百萬美元
外銷訂單金額_美元,17,歐洲,10209,7437,百萬美元
外銷訂單金額_美元,17,歐洲,10210,7328,百萬美元
外銷訂單金額_美元,17,歐洲,10211,8546,百萬美元
外銷訂單金額_美元,17,歐洲,10212,9512,百萬美元
外銷訂單金額_美元,17,歐洲,10301,7319,百萬美元
外銷訂單金額_美元,17,歐洲,10302,5512,百萬美元
外銷訂單金額_美元,17,歐洲,10303,6763,百萬美元
外銷訂單金額_美元,17,歐洲,10304,6471,百萬美元
外銷訂單金額_美元,17,歐洲,10305,6154,百萬美元
外銷訂單金額_美元,17,歐洲,10306,6864,百萬美元
外銷訂單金額_美元,17,歐洲,10307,6320,百萬美元
外銷訂單金額_美元,17,歐洲,10308,6331,百萬美元
外銷訂單金額_美元,17,歐洲,10309,9118,百萬美元
外銷訂單金額_美元,17,歐洲,10310,9521,百萬美元
外銷訂單金額_美元,17,歐洲,10311,10193,百萬美元
外銷訂單金額_美元,17,歐洲,10312,10436,百萬美元
外銷訂單金額_美元,17,歐洲,10401,8549,百萬美元
外銷訂單金額_美元,17,歐洲,10402,5967,百萬美元
外銷訂單金額_美元,17,歐洲,10403,7380,百萬美元
外銷訂單金額_美元,17,歐洲,10404,6847,百萬美元
外銷訂單金額_美元,17,歐洲,10405,6048,百萬美元
外銷訂單金額_美元,17,歐洲,10406,6091,百萬美元
外銷訂單金額_美元,17,歐洲,10407,6111,百萬美元
外銷訂單金額_美元,17,歐洲,10408,5563,百萬美元
外銷訂單金額_美元,17,歐洲,10409,9279,百萬美元
外銷訂單金額_美元,17,歐洲,10410,9319,百萬美元
外銷訂單金額_美元,17,歐洲,10411,9436,百萬美元
外銷訂單金額_美元,17,歐洲,10412,7992,百萬美元
外銷訂單金額_美元,17,歐洲,10501,7013,百萬美元
外銷訂單金額_美元,17,歐洲,10502,5904,百萬美元
外銷訂單金額_美元,17,歐洲,10503,7076,百萬美元
外銷訂單金額_美元,17,歐洲,10504,5823,百萬美元
外銷訂單金額_美元,17,歐洲,10505,5751,百萬美元
外銷訂單金額_美元,17,歐洲,10506,6289,百萬美元
外銷訂單金額_美元,17,歐洲,10507,5881,百萬美元
外銷訂單金額_美元,17,歐洲,10508,5875,百萬美元
外銷訂單金額_美元,17,歐洲,10509,9448,百萬美元
外銷訂單金額_美元,17,歐洲,10510,9488,百萬美元
外銷訂單金額_美元,17,歐洲,10511,9770,百萬美元
外銷訂單金額_美元,17,歐洲,10512,8621,百萬美元
外銷訂單金額_美元,17,歐洲,10601,7596,百萬美元
外銷訂單金額_美元,17,歐洲,10602,6668,百萬美元
外銷訂單金額_美元,17,歐洲,10603,7348,百萬美元
外銷訂單金額_美元,17,歐洲,10604,6930,百萬美元
外銷訂單金額_美元,17,歐洲,10605,6632,百萬美元
外銷訂單金額_美元,17,歐洲,10606,7159,百萬美元
外銷訂單金額_美元,17,歐洲,10607,7247,百萬美元
外銷訂單金額_美元,17,歐洲,10608,7129,百萬美元
外銷訂單金額_美元,17,歐洲,10609,9726,百萬美元
外銷訂單金額_美元,17,歐洲,10610,10801,百萬美元
外銷訂單金額_美元,17,歐洲,10611,11748,百萬美元
外銷訂單金額_美元,17,歐洲,10612,12007,百萬美元
外銷訂單金額_美元,17,歐洲,10701,8755,百萬美元
外銷訂單金額_美元,17,歐洲,10702,6593,百萬美元
外銷訂單金額_美元,17,歐洲,10703,7489,百萬美元
外銷訂單金額_美元,17,歐洲,10704,7271,百萬美元
外銷訂單金額_美元,17,歐洲,10705,6969,百萬美元
外銷訂單金額_美元,17,歐洲,10706,7123,百萬美元
外銷訂單金額_美元,17,歐洲,10707,7680,百萬美元
外銷訂單金額_美元,17,歐洲,10708,7208,百萬美元
外銷訂單金額_美元,17,歐洲,10709,10986,百萬美元
外銷訂單金額_美元,17,歐洲,10710,10897,百萬美元
外銷訂單金額_美元,17,歐洲,10711,11076,百萬美元
外銷訂單金額_美元,17,歐洲,10712,8637,百萬美元
外銷訂單金額_美元,17,歐洲,10801,8633,百萬美元
外銷訂單金額_美元,17,歐洲,10802,5357,百萬美元
外銷訂單金額_美元,17,歐洲,10803,7310,百萬美元
外銷訂單金額_美元,17,歐洲,10804,7670,百萬美元
外銷訂單金額_美元,17,歐洲,10805,7013,百萬美元
外銷訂單金額_美元,17,歐洲,10806,6746,百萬美元
外銷訂單金額_美元,17,歐洲,10807,7541,百萬美元
外銷訂單金額_美元,17,歐洲,10808,6705,百萬美元
外銷訂單金額_美元,17,歐洲,10809,10037,百萬美元
外銷訂單金額_美元,17,歐洲,10810,11458,百萬美元
外銷訂單金額_美元,17,歐洲,10811,9582,百萬美元
外銷訂單金額_美元,17,歐洲,10812,10005,百萬美元
外銷訂單金額_美元,17,歐洲,10901,7440,百萬美元
外銷訂單金額_美元,17,歐洲,10902,4989,百萬美元
外銷訂單金額_美元,17,歐洲,10903,7683,百萬美元
外銷訂單金額_美元,17,歐洲,10904,8249,百萬美元
外銷訂單金額_美元,17,歐洲,10905,7876,百萬美元
外銷訂單金額_美元,17,歐洲,10906,7473,百萬美元
外銷訂單金額_美元,17,歐洲,10907,8917,百萬美元
外銷訂單金額_美元,17,歐洲,10908,8126,百萬美元
外銷訂單金額_美元,17,歐洲,10909,8815,百萬美元
外銷訂單金額_美元,17,歐洲,10910,11445,百萬美元
外銷訂單金額_美元,17,歐洲,10911,14388,百萬美元
外銷訂單金額_美元,17,歐洲,10912,13507,百萬美元
外銷訂單金額_美元,17,歐洲,11001,11442,百萬美元
外銷訂單金額_美元,17,歐洲,11002,8649,百萬美元
外銷訂單金額_美元,17,歐洲,11003,10013,百萬美元
外銷訂單金額_美元,17,歐洲,11004,11378,百萬美元
外銷訂單金額_美元,17,歐洲,11005,9523,百萬美元
外銷訂單金額_美元,17,歐洲,11006,9284,百萬美元
外銷訂單金額_美元,17,歐洲,11007,10188,百萬美元
外銷訂單金額_美元,17,歐洲,11008,8426,百萬美元
外銷訂單金額_美元,17,歐洲,11009,13496,百萬美元
外銷訂單金額_美元,17,歐洲,11010,13521,百萬美元
外銷訂單金額_美元,17,歐洲,11011,14101,百萬美元
外銷訂單金額_美元,17,歐洲,11012,14609,百萬美元
外銷訂單金額_美元,17,歐洲,11101,11314,百萬美元
外銷訂單金額_美元,17,歐洲,11102,10578,百萬美元
外銷訂單金額_美元,17,歐洲,11103,12034,百萬美元
外銷訂單金額_美元,17,歐洲,11104,9447,百萬美元
外銷訂單金額_美元,17,歐洲,11105,10438,百萬美元
外銷訂單金額_美元,17,歐洲,11106,11042,百萬美元
外銷訂單金額_美元,17,歐洲,11107,9672,百萬美元
外銷訂單金額_美元,17,歐洲,11108,9668,百萬美元
外銷訂單金額_美元,17,歐洲,11109,14797,百萬美元
外銷訂單金額_美元,17,歐洲,11110,14115,百萬美元
外銷訂單金額_美元,17,歐洲,11111,10397,百萬美元
外銷訂單金額_美元,17,歐洲,11112,11130,百萬美元
外銷訂單金額_美元,17,歐洲,11201,13381,百萬美元
外銷訂單金額_美元,17,歐洲,11202,9187,百萬美元
外銷訂單金額_美元,17,歐洲,11203,7968,百萬美元
外銷訂單金額_美元,17,歐洲,11204,6933,百萬美元
外銷訂單金額_美元,17,歐洲,11205,6790,百萬美元
外銷訂單金額_美元,17,歐洲,11206,6157,百萬美元
外銷訂單金額_美元,17,歐洲,11207,6569,百萬美元
外銷訂單金額_美元,17,歐洲,11208,6419,百萬美元
外銷訂單金額_美元,17,歐洲,11209,7918,百萬美元
外銷訂單金額_美元,17,歐洲,11210,7649,百萬美元
外銷訂單金額_美元,17,歐洲,11211,8203,百萬美元
外銷訂單金額_美元,17,歐洲,11212,6742,百萬美元
外銷訂單金額_美元,17,歐洲,11301,6689,百萬美元
外銷訂單金額_美元,17,歐洲,11302,5912,百萬美元
外銷訂單金額_美元,17,歐洲,11303,7470,百萬美元
外銷訂單金額_美元,17,歐洲,11304,6919,百萬美元
外銷訂單金額_美元,17,歐洲,11305,6791,百萬美元
外銷訂單金額_美元,17,歐洲,11306,6544,百萬美元
外銷訂單金額_美元,17,歐洲,11307,6970,百萬美元
外銷訂單金額_美元,17,歐洲,11308,6954,百萬美元
外銷訂單金額_美元,17,歐洲,11309,7583,百萬美元
外銷訂單金額_美元,17,歐洲,11310,7858,百萬美元
外銷訂單金額_美元,17,歐洲,11311,7553,百萬美元
外銷訂單金額_美元,17,歐洲,11312,7382,百萬美元
外銷訂單金額_美元,17,歐洲,11401,5981,百萬美元
外銷訂單金額_美元,17,歐洲,11402,7229,百萬美元
外銷訂單金額_美元,17,歐洲,11403,7078,百萬美元
外銷訂單金額_美元,17,歐洲,11404,7977,百萬美元
外銷訂單金額_美元,17,歐洲,11405,7205,百萬美元
外銷訂單金額_美元,17,歐洲,11406,7021,百萬美元
外銷訂單金額_美元,17,歐洲,11407,7844,百萬美元
外銷訂單金額_美元,17,歐洲,11408,6931,百萬美元
外銷訂單金額_美元,17,歐洲,11409,8861,百萬美元
外銷訂單金額_美元,17,歐洲,11410,8927,百萬美元
外銷訂單金額_美元,17,歐洲,11411,9519,百萬美元
外銷訂單金額_美元,17,歐洲,11412,10852,百萬美元
外銷訂單金額_美元,17,歐洲,11501,9334,百萬美元
外銷訂單金額_美元,17,歐洲,11502,6821,百萬美元
外銷訂單金額_美元,17,歐洲,11503,10280,百萬美元
外銷訂單金額_美元,17,歐洲,11504,9713,百萬美元
外銷訂單金額_美元,17,歐洲,11505,10712,百萬美元
外銷訂單金額_美元,17,歐洲,11506,10804,百萬美元
外銷訂單金額_美元,17,歐洲,11507,10440,百萬美元
外銷訂單金額_美元,18,其他地區,07301,572,百萬美元
外銷訂單金額_美元,18,其他地區,07302,579,百萬美元
外銷訂單金額_美元,18,其他地區,07303,592,百萬美元
外銷訂單金額_美元,18,其他地區,07304,635,百萬美元
外銷訂單金額_美元,18,其他地區,07305,607,百萬美元
外銷訂單金額_美元,18,其他地區,07306,675,百萬美元
外銷訂單金額_美元,18,其他地區,07307,674,百萬美元
外銷訂單金額_美元,18,其他地區,07308,647,百萬美元
外銷訂單金額_美元,18,其他地區,07309,627,百萬美元
外銷訂單金額_美元,18,其他地區,07310,521,百萬美元
外銷訂單金額_美元,18,其他地區,07311,512,百萬美元
外銷訂單金額_美元,18,其他地區,07312,448,百萬美元
外銷訂單金額_美元,18,其他地區,07401,492,百萬美元
外銷訂單金額_美元,18,其他地區,07402,450,百萬美元
外銷訂單金額_美元,18,其他地區,07403,506,百萬美元
外銷訂單金額_美元,18,其他地區,07404,474,百萬美元
外銷訂單金額_美元,18,其他地區,07405,543,百萬美元
外銷訂單金額_美元,18,其他地區,07406,486,百萬美元
外銷訂單金額_美元,18,其他地區,07407,470,百萬美元
外銷訂單金額_美元,18,其他地區,07408,507,百萬美元
外銷訂單金額_美元,18,其他地區,07409,444,百萬美元
外銷訂單金額_美元,18,其他地區,07410,519,百萬美元
外銷訂單金額_美元,18,其他地區,07411,485,百萬美元
外銷訂單金額_美元,18,其他地區,07412,525,百萬美元
外銷訂單金額_美元,18,其他地區,07501,598,百萬美元
外銷訂單金額_美元,18,其他地區,07502,441,百萬美元
外銷訂單金額_美元,18,其他地區,07503,602,百萬美元
外銷訂單金額_美元,18,其他地區,07504,558,百萬美元
外銷訂單金額_美元,18,其他地區,07505,577,百萬美元
外銷訂單金額_美元,18,其他地區,07506,570,百萬美元
外銷訂單金額_美元,18,其他地區,07507,636,百萬美元
外銷訂單金額_美元,18,其他地區,07508,623,百萬美元
外銷訂單金額_美元,18,其他地區,07509,610,百萬美元
外銷訂單金額_美元,18,其他地區,07510,703,百萬美元
外銷訂單金額_美元,18,其他地區,07511,642,百萬美元
外銷訂單金額_美元,18,其他地區,07512,661,百萬美元
外銷訂單金額_美元,18,其他地區,07601,646,百萬美元
外銷訂單金額_美元,18,其他地區,07602,631,百萬美元
外銷訂單金額_美元,18,其他地區,07603,743,百萬美元
外銷訂單金額_美元,18,其他地區,07604,782,百萬美元
外銷訂單金額_美元,18,其他地區,07605,774,百萬美元
外銷訂單金額_美元,18,其他地區,07606,851,百萬美元
外銷訂單金額_美元,18,其他地區,07607,892,百萬美元
外銷訂單金額_美元,18,其他地區,07608,841,百萬美元
外銷訂單金額_美元,18,其他地區,07609,772,百萬美元
外銷訂單金額_美元,18,其他地區,07610,788,百萬美元
外銷訂單金額_美元,18,其他地區,07611,746,百萬美元
外銷訂單金額_美元,18,其他地區,07612,948,百萬美元
外銷訂單金額_美元,18,其他地區,07701,813,百萬美元
外銷訂單金額_美元,18,其他地區,07702,795,百萬美元
外銷訂單金額_美元,18,其他地區,07703,914,百萬美元
外銷訂單金額_美元,18,其他地區,07704,925,百萬美元
外銷訂單金額_美元,18,其他地區,07705,923,百萬美元
外銷訂單金額_美元,18,其他地區,07706,912,百萬美元
外銷訂單金額_美元,18,其他地區,07707,917,百萬美元
外銷訂單金額_美元,18,其他地區,07708,885,百萬美元
外銷訂單金額_美元,18,其他地區,07709,877,百萬美元
外銷訂單金額_美元,18,其他地區,07710,935,百萬美元
外銷訂單金額_美元,18,其他地區,07711,947,百萬美元
外銷訂單金額_美元,18,其他地區,07712,918,百萬美元
外銷訂單金額_美元,18,其他地區,07801,922,百萬美元
外銷訂單金額_美元,18,其他地區,07802,767,百萬美元
外銷訂單金額_美元,18,其他地區,07803,1257,百萬美元
外銷訂單金額_美元,18,其他地區,07804,1196,百萬美元
外銷訂單金額_美元,18,其他地區,07805,1046,百萬美元
外銷訂單金額_美元,18,其他地區,07806,1168,百萬美元
外銷訂單金額_美元,18,其他地區,07807,1015,百萬美元
外銷訂單金額_美元,18,其他地區,07808,1035,百萬美元
外銷訂單金額_美元,18,其他地區,07809,1060,百萬美元
外銷訂單金額_美元,18,其他地區,07810,973,百萬美元
外銷訂單金額_美元,18,其他地區,07811,1027,百萬美元
外銷訂單金額_美元,18,其他地區,07812,974,百萬美元
外銷訂單金額_美元,18,其他地區,07901,854,百萬美元
外銷訂單金額_美元,18,其他地區,07902,959,百萬美元
外銷訂單金額_美元,18,其他地區,07903,1194,百萬美元
外銷訂單金額_美元,18,其他地區,07904,1061,百萬美元
外銷訂單金額_美元,18,其他地區,07905,1236,百萬美元
外銷訂單金額_美元,18,其他地區,07906,1104,百萬美元
外銷訂單金額_美元,18,其他地區,07907,1145,百萬美元
外銷訂單金額_美元,18,其他地區,07908,1060,百萬美元
外銷訂單金額_美元,18,其他地區,07909,1030,百萬美元
外銷訂單金額_美元,18,其他地區,07910,1240,百萬美元
外銷訂單金額_美元,18,其他地區,07911,1363,百萬美元
外銷訂單金額_美元,18,其他地區,07912,1058,百萬美元
外銷訂單金額_美元,18,其他地區,08001,1169,百萬美元
外銷訂單金額_美元,18,其他地區,08002,1116,百萬美元
外銷訂單金額_美元,18,其他地區,08003,1444,百萬美元
外銷訂單金額_美元,18,其他地區,08004,1255,百萬美元
外銷訂單金額_美元,18,其他地區,08005,1297,百萬美元
外銷訂單金額_美元,18,其他地區,08006,1194,百萬美元
外銷訂單金額_美元,18,其他地區,08007,1205,百萬美元
外銷訂單金額_美元,18,其他地區,08008,1314,百萬美元
外銷訂單金額_美元,18,其他地區,08009,1193,百萬美元
外銷訂單金額_美元,18,其他地區,08010,1160,百萬美元
外銷訂單金額_美元,18,其他地區,08011,1164,百萬美元
外銷訂單金額_美元,18,其他地區,08012,1121,百萬美元
外銷訂單金額_美元,18,其他地區,08101,1194,百萬美元
外銷訂單金額_美元,18,其他地區,08102,1002,百萬美元
外銷訂單金額_美元,18,其他地區,08103,1300,百萬美元
外銷訂單金額_美元,18,其他地區,08104,1483,百萬美元
外銷訂單金額_美元,18,其他地區,08105,1458,百萬美元
外銷訂單金額_美元,18,其他地區,08106,1319,百萬美元
外銷訂單金額_美元,18,其他地區,08107,1347,百萬美元
外銷訂單金額_美元,18,其他地區,08108,1315,百萬美元
外銷訂單金額_美元,18,其他地區,08109,1411,百萬美元
外銷訂單金額_美元,18,其他地區,08110,1562,百萬美元
外銷訂單金額_美元,18,其他地區,08111,1462,百萬美元
外銷訂單金額_美元,18,其他地區,08112,1567,百萬美元
外銷訂單金額_美元,18,其他地區,08201,1318,百萬美元
外銷訂單金額_美元,18,其他地區,08202,1430,百萬美元
外銷訂單金額_美元,18,其他地區,08203,1461,百萬美元
外銷訂單金額_美元,18,其他地區,08204,1450,百萬美元
外銷訂單金額_美元,18,其他地區,08205,1512,百萬美元
外銷訂單金額_美元,18,其他地區,08206,1337,百萬美元
外銷訂單金額_美元,18,其他地區,08207,1387,百萬美元
外銷訂單金額_美元,18,其他地區,08208,1420,百萬美元
外銷訂單金額_美元,18,其他地區,08209,1416,百萬美元
外銷訂單金額_美元,18,其他地區,08210,1397,百萬美元
外銷訂單金額_美元,18,其他地區,08211,1421,百萬美元
外銷訂單金額_美元,18,其他地區,08212,1456,百萬美元
外銷訂單金額_美元,18,其他地區,08301,1394,百萬美元
外銷訂單金額_美元,18,其他地區,08302,1347,百萬美元
外銷訂單金額_美元,18,其他地區,08303,1610,百萬美元
外銷訂單金額_美元,18,其他地區,08304,1561,百萬美元
外銷訂單金額_美元,18,其他地區,08305,1539,百萬美元
外銷訂單金額_美元,18,其他地區,08306,1578,百萬美元
外銷訂單金額_美元,18,其他地區,08307,1597,百萬美元
外銷訂單金額_美元,18,其他地區,08308,1615,百萬美元
外銷訂單金額_美元,18,其他地區,08309,1713,百萬美元
外銷訂單金額_美元,18,其他地區,08310,1759,百萬美元
外銷訂單金額_美元,18,其他地區,08311,1713,百萬美元
外銷訂單金額_美元,18,其他地區,08312,1948,百萬美元
外銷訂單金額_美元,18,其他地區,08401,1729,百萬美元
外銷訂單金額_美元,18,其他地區,08402,1600,百萬美元
外銷訂單金額_美元,18,其他地區,08403,2108,百萬美元
外銷訂單金額_美元,18,其他地區,08404,2042,百萬美元
外銷訂單金額_美元,18,其他地區,08405,1997,百萬美元
外銷訂單金額_美元,18,其他地區,08406,1842,百萬美元
外銷訂單金額_美元,18,其他地區,08407,2001,百萬美元
外銷訂單金額_美元,18,其他地區,08408,2002,百萬美元
外銷訂單金額_美元,18,其他地區,08409,1879,百萬美元
外銷訂單金額_美元,18,其他地區,08410,1807,百萬美元
外銷訂單金額_美元,18,其他地區,08411,1955,百萬美元
外銷訂單金額_美元,18,其他地區,08412,2006,百萬美元
外銷訂單金額_美元,18,其他地區,08501,1881,百萬美元
外銷訂單金額_美元,18,其他地區,08502,1766,百萬美元
外銷訂單金額_美元,18,其他地區,08503,1841,百萬美元
外銷訂單金額_美元,18,其他地區,08504,1943,百萬美元
外銷訂單金額_美元,18,其他地區,08505,1903,百萬美元
外銷訂單金額_美元,18,其他地區,08506,1907,百萬美元
外銷訂單金額_美元,18,其他地區,08507,1902,百萬美元
外銷訂單金額_美元,18,其他地區,08508,1988,百萬美元
外銷訂單金額_美元,18,其他地區,08509,1895,百萬美元
外銷訂單金額_美元,18,其他地區,08510,2030,百萬美元
外銷訂單金額_美元,18,其他地區,08511,1915,百萬美元
外銷訂單金額_美元,18,其他地區,08512,2023,百萬美元
外銷訂單金額_美元,18,其他地區,08601,2092,百萬美元
外銷訂單金額_美元,18,其他地區,08602,1707,百萬美元
外銷訂單金額_美元,18,其他地區,08603,2158,百萬美元
外銷訂單金額_美元,18,其他地區,08604,2134,百萬美元
外銷訂單金額_美元,18,其他地區,08605,2140,百萬美元
外銷訂單金額_美元,18,其他地區,08606,2192,百萬美元
外銷訂單金額_美元,18,其他地區,08607,2172,百萬美元
外銷訂單金額_美元,18,其他地區,08608,2141,百萬美元
外銷訂單金額_美元,18,其他地區,08609,2158,百萬美元
外銷訂單金額_美元,18,其他地區,08610,2194,百萬美元
外銷訂單金額_美元,18,其他地區,08611,1939,百萬美元
外銷訂單金額_美元,18,其他地區,08612,1951,百萬美元
外銷訂單金額_美元,18,其他地區,08701,1550,百萬美元
外銷訂單金額_美元,18,其他地區,08702,1688,百萬美元
外銷訂單金額_美元,18,其他地區,08703,1879,百萬美元
外銷訂單金額_美元,18,其他地區,08704,1826,百萬美元
外銷訂單金額_美元,18,其他地區,08705,1761,百萬美元
外銷訂單金額_美元,18,其他地區,08706,1801,百萬美元
外銷訂單金額_美元,18,其他地區,08707,1796,百萬美元
外銷訂單金額_美元,18,其他地區,08708,1907,百萬美元
外銷訂單金額_美元,18,其他地區,08709,1760,百萬美元
外銷訂單金額_美元,18,其他地區,08710,1798,百萬美元
外銷訂單金額_美元,18,其他地區,08711,1708,百萬美元
外銷訂單金額_美元,18,其他地區,08712,1773,百萬美元
外銷訂單金額_美元,18,其他地區,08801,1682,百萬美元
外銷訂單金額_美元,18,其他地區,08802,1524,百萬美元
外銷訂單金額_美元,18,其他地區,08803,1914,百萬美元
外銷訂單金額_美元,18,其他地區,08804,1854,百萬美元
外銷訂單金額_美元,18,其他地區,08805,1852,百萬美元
外銷訂單金額_美元,18,其他地區,08806,1889,百萬美元
外銷訂單金額_美元,18,其他地區,08807,1959,百萬美元
外銷訂單金額_美元,18,其他地區,08808,2063,百萬美元
外銷訂單金額_美元,18,其他地區,08809,1937,百萬美元
外銷訂單金額_美元,18,其他地區,08810,2164,百萬美元
外銷訂單金額_美元,18,其他地區,08811,1995,百萬美元
外銷訂單金額_美元,18,其他地區,08812,1926,百萬美元
外銷訂單金額_美元,18,其他地區,08901,1942,百萬美元
外銷訂單金額_美元,18,其他地區,08902,1714,百萬美元
外銷訂單金額_美元,18,其他地區,08903,2381,百萬美元
外銷訂單金額_美元,18,其他地區,08904,2256,百萬美元
外銷訂單金額_美元,18,其他地區,08905,2572,百萬美元
外銷訂單金額_美元,18,其他地區,08906,2584,百萬美元
外銷訂單金額_美元,18,其他地區,08907,2417,百萬美元
外銷訂單金額_美元,18,其他地區,08908,2454,百萬美元
外銷訂單金額_美元,18,其他地區,08909,2541,百萬美元
外銷訂單金額_美元,18,其他地區,08910,2445,百萬美元
外銷訂單金額_美元,18,其他地區,08911,2363,百萬美元
外銷訂單金額_美元,18,其他地區,08912,2145,百萬美元
外銷訂單金額_美元,18,其他地區,09001,1915,百萬美元
外銷訂單金額_美元,18,其他地區,09002,2025,百萬美元
外銷訂單金額_美元,18,其他地區,09003,2328,百萬美元
外銷訂單金額_美元,18,其他地區,09004,2428,百萬美元
外銷訂單金額_美元,18,其他地區,09005,2357,百萬美元
外銷訂單金額_美元,18,其他地區,09006,2232,百萬美元
外銷訂單金額_美元,18,其他地區,09007,2216,百萬美元
外銷訂單金額_美元,18,其他地區,09008,2309,百萬美元
外銷訂單金額_美元,18,其他地區,09009,2087,百萬美元
外銷訂單金額_美元,18,其他地區,09010,2464,百萬美元
外銷訂單金額_美元,18,其他地區,09011,2256,百萬美元
外銷訂單金額_美元,18,其他地區,09012,2416,百萬美元
外銷訂單金額_美元,18,其他地區,09101,2346,百萬美元
外銷訂單金額_美元,18,其他地區,09102,2043,百萬美元
外銷訂單金額_美元,18,其他地區,09103,2407,百萬美元
外銷訂單金額_美元,18,其他地區,09104,2643,百萬美元
外銷訂單金額_美元,18,其他地區,09105,2780,百萬美元
外銷訂單金額_美元,18,其他地區,09106,2586,百萬美元
外銷訂單金額_美元,18,其他地區,09107,2790,百萬美元
外銷訂單金額_美元,18,其他地區,09108,2567,百萬美元
外銷訂單金額_美元,18,其他地區,09109,2586,百萬美元
外銷訂單金額_美元,18,其他地區,09110,2761,百萬美元
外銷訂單金額_美元,18,其他地區,09111,2666,百萬美元
外銷訂單金額_美元,18,其他地區,09112,2480,百萬美元
外銷訂單金額_美元,18,其他地區,09201,2866,百萬美元
外銷訂單金額_美元,18,其他地區,09202,2340,百萬美元
外銷訂單金額_美元,18,其他地區,09203,3026,百萬美元
外銷訂單金額_美元,18,其他地區,09204,2643,百萬美元
外銷訂單金額_美元,18,其他地區,09205,2781,百萬美元
外銷訂單金額_美元,18,其他地區,09206,2826,百萬美元
外銷訂單金額_美元,18,其他地區,09207,2905,百萬美元
外銷訂單金額_美元,18,其他地區,09208,2870,百萬美元
外銷訂單金額_美元,18,其他地區,09209,3080,百萬美元
外銷訂單金額_美元,18,其他地區,09210,3094,百萬美元
外銷訂單金額_美元,18,其他地區,09211,3053,百萬美元
外銷訂單金額_美元,18,其他地區,09212,3179,百萬美元
外銷訂單金額_美元,18,其他地區,09301,3187,百萬美元
外銷訂單金額_美元,18,其他地區,09302,3196,百萬美元
外銷訂單金額_美元,18,其他地區,09303,4152,百萬美元
外銷訂單金額_美元,18,其他地區,09304,3914,百萬美元
外銷訂單金額_美元,18,其他地區,09305,3335,百萬美元
外銷訂單金額_美元,18,其他地區,09306,3422,百萬美元
外銷訂單金額_美元,18,其他地區,09307,3349,百萬美元
外銷訂單金額_美元,18,其他地區,09308,3501,百萬美元
外銷訂單金額_美元,18,其他地區,09309,3797,百萬美元
外銷訂單金額_美元,18,其他地區,09310,3707,百萬美元
外銷訂單金額_美元,18,其他地區,09311,3595,百萬美元
外銷訂單金額_美元,18,其他地區,09312,3630,百萬美元
外銷訂單金額_美元,18,其他地區,09401,3490,百萬美元
外銷訂單金額_美元,18,其他地區,09402,3004,百萬美元
外銷訂單金額_美元,18,其他地區,09403,4338,百萬美元
外銷訂單金額_美元,18,其他地區,09404,4227,百萬美元
外銷訂單金額_美元,18,其他地區,09405,3685,百萬美元
外銷訂單金額_美元,18,其他地區,09406,4115,百萬美元
外銷訂單金額_美元,18,其他地區,09407,3802,百萬美元
外銷訂單金額_美元,18,其他地區,09408,4050,百萬美元
外銷訂單金額_美元,18,其他地區,09409,4106,百萬美元
外銷訂單金額_美元,18,其他地區,09410,4242,百萬美元
外銷訂單金額_美元,18,其他地區,09411,4205,百萬美元
外銷訂單金額_美元,18,其他地區,09412,4037,百萬美元
外銷訂單金額_美元,18,其他地區,09501,3841,百萬美元
外銷訂單金額_美元,18,其他地區,09502,3516,百萬美元
外銷訂單金額_美元,18,其他地區,09503,4473,百萬美元
外銷訂單金額_美元,18,其他地區,09504,4326,百萬美元
外銷訂單金額_美元,18,其他地區,09505,5225,百萬美元
外銷訂單金額_美元,18,其他地區,09506,4587,百萬美元
外銷訂單金額_美元,18,其他地區,09507,4502,百萬美元
外銷訂單金額_美元,18,其他地區,09508,4914,百萬美元
外銷訂單金額_美元,18,其他地區,09509,4617,百萬美元
外銷訂單金額_美元,18,其他地區,09510,4650,百萬美元
外銷訂單金額_美元,18,其他地區,09511,4677,百萬美元
外銷訂單金額_美元,18,其他地區,09512,4602,百萬美元
外銷訂單金額_美元,18,其他地區,09601,4679,百萬美元
外銷訂單金額_美元,18,其他地區,09602,3874,百萬美元
外銷訂單金額_美元,18,其他地區,09603,5256,百萬美元
外銷訂單金額_美元,18,其他地區,09604,5275,百萬美元
外銷訂單金額_美元,18,其他地區,09605,5424,百萬美元
外銷訂單金額_美元,18,其他地區,09606,5319,百萬美元
外銷訂單金額_美元,18,其他地區,09607,6225,百萬美元
外銷訂單金額_美元,18,其他地區,09608,5619,百萬美元
外銷訂單金額_美元,18,其他地區,09609,5500,百萬美元
外銷訂單金額_美元,18,其他地區,09610,5718,百萬美元
外銷訂單金額_美元,18,其他地區,09611,5919,百萬美元
外銷訂單金額_美元,18,其他地區,09612,5651,百萬美元
外銷訂單金額_美元,18,其他地區,09701,6071,百萬美元
外銷訂單金額_美元,18,其他地區,09702,4954,百萬美元
外銷訂單金額_美元,18,其他地區,09703,5941,百萬美元
外銷訂單金額_美元,18,其他地區,09704,5082,百萬美元
外銷訂單金額_美元,18,其他地區,09705,4750,百萬美元
外銷訂單金額_美元,18,其他地區,09706,4478,百萬美元
外銷訂單金額_美元,18,其他地區,09707,4612,百萬美元
外銷訂單金額_美元,18,其他地區,09708,4528,百萬美元
外銷訂單金額_美元,18,其他地區,09709,4282,百萬美元
外銷訂單金額_美元,18,其他地區,09710,3846,百萬美元
外銷訂單金額_美元,18,其他地區,09711,2783,百萬美元
外銷訂單金額_美元,18,其他地區,09712,2849,百萬美元
外銷訂單金額_美元,18,其他地區,09801,2447,百萬美元
外銷訂單金額_美元,18,其他地區,09802,3016,百萬美元
外銷訂單金額_美元,18,其他地區,09803,3610,百萬美元
外銷訂單金額_美元,18,其他地區,09804,3383,百萬美元
外銷訂單金額_美元,18,其他地區,09805,3300,百萬美元
外銷訂單金額_美元,18,其他地區,09806,3389,百萬美元
外銷訂單金額_美元,18,其他地區,09807,3592,百萬美元
外銷訂單金額_美元,18,其他地區,09808,3526,百萬美元
外銷訂單金額_美元,18,其他地區,09809,3939,百萬美元
外銷訂單金額_美元,18,其他地區,09810,3826,百萬美元
外銷訂單金額_美元,18,其他地區,09811,3769,百萬美元
外銷訂單金額_美元,18,其他地區,09812,3918,百萬美元
外銷訂單金額_美元,18,其他地區,09901,3692,百萬美元
外銷訂單金額_美元,18,其他地區,09902,3743,百萬美元
外銷訂單金額_美元,18,其他地區,09903,4752,百萬美元
外銷訂單金額_美元,18,其他地區,09904,4750,百萬美元
外銷訂單金額_美元,18,其他地區,09905,4593,百萬美元
外銷訂單金額_美元,18,其他地區,09906,4459,百萬美元
外銷訂單金額_美元,18,其他地區,09907,4597,百萬美元
外銷訂單金額_美元,18,其他地區,09908,4558,百萬美元
外銷訂單金額_美元,18,其他地區,09909,4420,百萬美元
外銷訂單金額_美元,18,其他地區,09910,4319,百萬美元
外銷訂單金額_美元,18,其他地區,09911,4320,百萬美元
外銷訂單金額_美元,18,其他地區,09912,4472,百萬美元
外銷訂單金額_美元,18,其他地區,10001,4434,百萬美元
外銷訂單金額_美元,18,其他地區,10002,3812,百萬美元
外銷訂單金額_美元,18,其他地區,10003,5192,百萬美元
外銷訂單金額_美元,18,其他地區,10004,4915,百萬美元
外銷訂單金額_美元,18,其他地區,10005,4807,百萬美元
外銷訂單金額_美元,18,其他地區,10006,4875,百萬美元
外銷訂單金額_美元,18,其他地區,10007,5064,百萬美元
外銷訂單金額_美元,18,其他地區,10008,4863,百萬美元
外銷訂單金額_美元,18,其他地區,10009,4697,百萬美元
外銷訂單金額_美元,18,其他地區,10010,4610,百萬美元
外銷訂單金額_美元,18,其他地區,10011,4465,百萬美元
外銷訂單金額_美元,18,其他地區,10012,4317,百萬美元
外銷訂單金額_美元,18,其他地區,10101,3948,百萬美元
外銷訂單金額_美元,18,其他地區,10102,4349,百萬美元
外銷訂單金額_美元,18,其他地區,10103,5023,百萬美元
外銷訂單金額_美元,18,其他地區,10104,4528,百萬美元
外銷訂單金額_美元,18,其他地區,10105,4659,百萬美元
外銷訂單金額_美元,18,其他地區,10106,4652,百萬美元
外銷訂單金額_美元,18,其他地區,10107,4222,百萬美元
外銷訂單金額_美元,18,其他地區,10108,4508,百萬美元
外銷訂單金額_美元,18,其他地區,10109,4346,百萬美元
外銷訂單金額_美元,18,其他地區,10110,4526,百萬美元
外銷訂單金額_美元,18,其他地區,10111,4388,百萬美元
外銷訂單金額_美元,18,其他地區,10112,4138,百萬美元
外銷訂單金額_美元,18,其他地區,10201,4189,百萬美元
外銷訂單金額_美元,18,其他地區,10202,3660,百萬美元
外銷訂單金額_美元,18,其他地區,10203,4528,百萬美元
外銷訂單金額_美元,18,其他地區,10204,4328,百萬美元
外銷訂單金額_美元,18,其他地區,10205,4514,百萬美元
外銷訂單金額_美元,18,其他地區,10206,4248,百萬美元
外銷訂單金額_美元,18,其他地區,10207,4268,百萬美元
外銷訂單金額_美元,18,其他地區,10208,4343,百萬美元
外銷訂單金額_美元,18,其他地區,10209,4193,百萬美元
外銷訂單金額_美元,18,其他地區,10210,4335,百萬美元
外銷訂單金額_美元,18,其他地區,10211,4405,百萬美元
外銷訂單金額_美元,18,其他地區,10212,4340,百萬美元
外銷訂單金額_美元,18,其他地區,10301,4081,百萬美元
外銷訂單金額_美元,18,其他地區,10302,3672,百萬美元
外銷訂單金額_美元,18,其他地區,10303,4658,百萬美元
外銷訂單金額_美元,18,其他地區,10304,4804,百萬美元
外銷訂單金額_美元,18,其他地區,10305,4589,百萬美元
外銷訂單金額_美元,18,其他地區,10306,4486,百萬美元
外銷訂單金額_美元,18,其他地區,10307,4430,百萬美元
外銷訂單金額_美元,18,其他地區,10308,4378,百萬美元
外銷訂單金額_美元,18,其他地區,10309,4572,百萬美元
外銷訂單金額_美元,18,其他地區,10310,4674,百萬美元
外銷訂單金額_美元,18,其他地區,10311,4198,百萬美元
外銷訂單金額_美元,18,其他地區,10312,4233,百萬美元
外銷訂單金額_美元,18,其他地區,10401,3783,百萬美元
外銷訂單金額_美元,18,其他地區,10402,3434,百萬美元
外銷訂單金額_美元,18,其他地區,10403,4505,百萬美元
外銷訂單金額_美元,18,其他地區,10404,4013,百萬美元
外銷訂單金額_美元,18,其他地區,10405,4163,百萬美元
外銷訂單金額_美元,18,其他地區,10406,4344,百萬美元
外銷訂單金額_美元,18,其他地區,10407,4297,百萬美元
外銷訂單金額_美元,18,其他地區,10408,4250,百萬美元
外銷訂單金額_美元,18,其他地區,10409,4198,百萬美元
外銷訂單金額_美元,18,其他地區,10410,4219,百萬美元
外銷訂單金額_美元,18,其他地區,10411,3810,百萬美元
外銷訂單金額_美元,18,其他地區,10412,4207,百萬美元
外銷訂單金額_美元,18,其他地區,10501,3426,百萬美元
外銷訂單金額_美元,18,其他地區,10502,2998,百萬美元
外銷訂單金額_美元,18,其他地區,10503,4228,百萬美元
外銷訂單金額_美元,18,其他地區,10504,3522,百萬美元
外銷訂單金額_美元,18,其他地區,10505,3988,百萬美元
外銷訂單金額_美元,18,其他地區,10506,4042,百萬美元
外銷訂單金額_美元,18,其他地區,10507,3737,百萬美元
外銷訂單金額_美元,18,其他地區,10508,4435,百萬美元
外銷訂單金額_美元,18,其他地區,10509,4167,百萬美元
外銷訂單金額_美元,18,其他地區,10510,3712,百萬美元
外銷訂單金額_美元,18,其他地區,10511,3961,百萬美元
外銷訂單金額_美元,18,其他地區,10512,4153,百萬美元
外銷訂單金額_美元,18,其他地區,10601,3888,百萬美元
外銷訂單金額_美元,18,其他地區,10602,3717,百萬美元
外銷訂單金額_美元,18,其他地區,10603,5291,百萬美元
外銷訂單金額_美元,18,其他地區,10604,3699,百萬美元
外銷訂單金額_美元,18,其他地區,10605,4046,百萬美元
外銷訂單金額_美元,18,其他地區,10606,4640,百萬美元
外銷訂單金額_美元,18,其他地區,10607,4257,百萬美元
外銷訂單金額_美元,18,其他地區,10608,4677,百萬美元
外銷訂單金額_美元,18,其他地區,10609,4577,百萬美元
外銷訂單金額_美元,18,其他地區,10610,4349,百萬美元
外銷訂單金額_美元,18,其他地區,10611,4618,百萬美元
外銷訂單金額_美元,18,其他地區,10612,5271,百萬美元
外銷訂單金額_美元,18,其他地區,10701,4528,百萬美元
外銷訂單金額_美元,18,其他地區,10702,3697,百萬美元
外銷訂單金額_美元,18,其他地區,10703,4911,百萬美元
外銷訂單金額_美元,18,其他地區,10704,4357,百萬美元
外銷訂單金額_美元,18,其他地區,10705,4805,百萬美元
外銷訂單金額_美元,18,其他地區,10706,4477,百萬美元
外銷訂單金額_美元,18,其他地區,10707,4738,百萬美元
外銷訂單金額_美元,18,其他地區,10708,5263,百萬美元
外銷訂單金額_美元,18,其他地區,10709,4905,百萬美元
外銷訂單金額_美元,18,其他地區,10710,4900,百萬美元
外銷訂單金額_美元,18,其他地區,10711,4851,百萬美元
外銷訂單金額_美元,18,其他地區,10712,4858,百萬美元
外銷訂單金額_美元,18,其他地區,10801,4960,百萬美元
外銷訂單金額_美元,18,其他地區,10802,3535,百萬美元
外銷訂單金額_美元,18,其他地區,10803,4643,百萬美元
外銷訂單金額_美元,18,其他地區,10804,4582,百萬美元
外銷訂單金額_美元,18,其他地區,10805,4907,百萬美元
外銷訂單金額_美元,18,其他地區,10806,4655,百萬美元
外銷訂單金額_美元,18,其他地區,10807,4807,百萬美元
外銷訂單金額_美元,18,其他地區,10808,4686,百萬美元
外銷訂單金額_美元,18,其他地區,10809,4467,百萬美元
外銷訂單金額_美元,18,其他地區,10810,4572,百萬美元
外銷訂單金額_美元,18,其他地區,10811,4599,百萬美元
外銷訂單金額_美元,18,其他地區,10812,4670,百萬美元
外銷訂單金額_美元,18,其他地區,10901,4163,百萬美元
外銷訂單金額_美元,18,其他地區,10902,3610,百萬美元
外銷訂單金額_美元,18,其他地區,10903,4335,百萬美元
外銷訂單金額_美元,18,其他地區,10904,3530,百萬美元
外銷訂單金額_美元,18,其他地區,10905,3402,百萬美元
外銷訂單金額_美元,18,其他地區,10906,3687,百萬美元
外銷訂單金額_美元,18,其他地區,10907,4164,百萬美元
外銷訂單金額_美元,18,其他地區,10908,4129,百萬美元
外銷訂單金額_美元,18,其他地區,10909,4689,百萬美元
外銷訂單金額_美元,18,其他地區,10910,4620,百萬美元
外銷訂單金額_美元,18,其他地區,10911,4933,百萬美元
外銷訂單金額_美元,18,其他地區,10912,5274,百萬美元
外銷訂單金額_美元,18,其他地區,11001,4968,百萬美元
外銷訂單金額_美元,18,其他地區,11002,4506,百萬美元
外銷訂單金額_美元,18,其他地區,11003,5562,百萬美元
外銷訂單金額_美元,18,其他地區,11004,5206,百萬美元
外銷訂單金額_美元,18,其他地區,11005,5221,百萬美元
外銷訂單金額_美元,18,其他地區,11006,5235,百萬美元
外銷訂單金額_美元,18,其他地區,11007,5888,百萬美元
外銷訂單金額_美元,18,其他地區,11008,5571,百萬美元
外銷訂單金額_美元,18,其他地區,11009,5813,百萬美元
外銷訂單金額_美元,18,其他地區,11010,5795,百萬美元
外銷訂單金額_美元,18,其他地區,11011,6197,百萬美元
外銷訂單金額_美元,18,其他地區,11012,6345,百萬美元
外銷訂單金額_美元,18,其他地區,11101,5852,百萬美元
外銷訂單金額_美元,18,其他地區,11102,5027,百萬美元
外銷訂單金額_美元,18,其他地區,11103,6758,百萬美元
外銷訂單金額_美元,18,其他地區,11104,5758,百萬美元
外銷訂單金額_美元,18,其他地區,11105,6283,百萬美元
外銷訂單金額_美元,18,其他地區,11106,6767,百萬美元
外銷訂單金額_美元,18,其他地區,11107,6275,百萬美元
外銷訂單金額_美元,18,其他地區,11108,6091,百萬美元
外銷訂單金額_美元,18,其他地區,11109,5655,百萬美元
外銷訂單金額_美元,18,其他地區,11110,4921,百萬美元
外銷訂單金額_美元,18,其他地區,11111,4826,百萬美元
外銷訂單金額_美元,18,其他地區,11112,4797,百萬美元
外銷訂單金額_美元,18,其他地區,11201,3926,百萬美元
外銷訂單金額_美元,18,其他地區,11202,4248,百萬美元
外銷訂單金額_美元,18,其他地區,11203,4935,百萬美元
外銷訂單金額_美元,18,其他地區,11204,4091,百萬美元
外銷訂單金額_美元,18,其他地區,11205,4324,百萬美元
外銷訂單金額_美元,18,其他地區,11206,4546,百萬美元
外銷訂單金額_美元,18,其他地區,11207,4554,百萬美元
外銷訂單金額_美元,18,其他地區,11208,4872,百萬美元
外銷訂單金額_美元,18,其他地區,11209,4880,百萬美元
外銷訂單金額_美元,18,其他地區,11210,4221,百萬美元
外銷訂單金額_美元,18,其他地區,11211,4404,百萬美元
外銷訂單金額_美元,18,其他地區,11212,4322,百萬美元
外銷訂單金額_美元,18,其他地區,11301,4458,百萬美元
外銷訂單金額_美元,18,其他地區,11302,3757,百萬美元
外銷訂單金額_美元,18,其他地區,11303,4902,百萬美元
外銷訂單金額_美元,18,其他地區,11304,4480,百萬美元
外銷訂單金額_美元,18,其他地區,11305,5012,百萬美元
外銷訂單金額_美元,18,其他地區,11306,4872,百萬美元
外銷訂單金額_美元,18,其他地區,11307,4891,百萬美元
外銷訂單金額_美元,18,其他地區,11308,5166,百萬美元
外銷訂單金額_美元,18,其他地區,11309,5295,百萬美元
外銷訂單金額_美元,18,其他地區,11310,4656,百萬美元
外銷訂單金額_美元,18,其他地區,11311,4850,百萬美元
外銷訂單金額_美元,18,其他地區,11312,4902,百萬美元
外銷訂單金額_美元,18,其他地區,11401,4522,百萬美元
外銷訂單金額_美元,18,其他地區,11402,4500,百萬美元
外銷訂單金額_美元,18,其他地區,11403,5329,百萬美元
外銷訂單金額_美元,18,其他地區,11404,5140,百萬美元
外銷訂單金額_美元,18,其他地區,11405,5543,百萬美元
外銷訂單金額_美元,18,其他地區,11406,5734,百萬美元
外銷訂單金額_美元,18,其他地區,11407,5832,百萬美元
外銷訂單金額_美元,18,其他地區,11408,5851,百萬美元
外銷訂單金額_美元,18,其他地區,11409,5977,百萬美元
外銷訂單金額_美元,18,其他地區,11410,5482,百萬美元
外銷訂單金額_美元,18,其他地區,11411,5962,百萬美元
外銷訂單金額_美元,18,其他地區,11412,6865,百萬美元
外銷訂單金額_美元,18,其他地區,11501,6612,百萬美元
外銷訂單金額_美元,18,其他地區,11502,5729,百萬美元
外銷訂單金額_美元,18,其他地區,11503,8765,百萬美元
外銷訂單金額_美元,18,其他地區,11504,7926,百萬美元
外銷訂單金額_美元,18,其他地區,11505,7808,百萬美元
外銷訂單金額_美元,18,其他地區,11506,8650,百萬美元
外銷訂單金額_美元,18,其他地區,11507,8482,百萬美元
