stock_id,stock_name,market,specific_categories,bucket_id,status
00400A,主動國泰動能高息,twse,ETF,,umbrella_or_nonstock
00401A,主動摩根台灣鑫收,twse,ETF,,umbrella_or_nonstock
00402A,主動安聯美國科技,twse,ETF,,umbrella_or_nonstock
00403A,主動統一升級50,twse,ETF,,umbrella_or_nonstock
00404A,主動聯博動能50,twse,ETF,,umbrella_or_nonstock
00405A,主動富邦台灣龍耀,twse,ETF,,umbrella_or_nonstock
00406A,主動中信台灣收益,twse,ETF,,umbrella_or_nonstock
00407A,主動凱基台灣,twse,ETF,,umbrella_or_nonstock
00408A,主動第一金優股息,twse,ETF,,umbrella_or_nonstock
00410A,主動永豐科技趨勢,twse,ETF,,umbrella_or_nonstock
0050,元大台灣50,twse,ETF,,umbrella_or_nonstock
0051,元大中型100,twse,ETF,,umbrella_or_nonstock
0052,富邦科技,twse,ETF,,umbrella_or_nonstock
0053,元大電子,twse,ETF,,umbrella_or_nonstock
0054,元大台商50,twse,ETF,,umbrella_or_nonstock
0055,元大MSCI金融,twse,ETF,,umbrella_or_nonstock
0056,元大高股息,twse,ETF,,umbrella_or_nonstock
0057,富邦摩台,twse,ETF,,umbrella_or_nonstock
0058,富邦發達,twse,ETF,,umbrella_or_nonstock
0059,富邦金融,twse,ETF,,umbrella_or_nonstock
0060,新台灣,twse,ETF,,umbrella_or_nonstock
0061,元大寶滬深,twse,ETF,,umbrella_or_nonstock
006201,元大富櫃50,tpex,上櫃ETF|上櫃指數股票型基金(ETF),,umbrella_or_nonstock
006203,元大MSCI台灣,twse,ETF,,umbrella_or_nonstock
006204,永豐臺灣加權,twse,ETF,,umbrella_or_nonstock
006205,富邦上証,twse,ETF,,umbrella_or_nonstock
006206,元大上證50,twse,ETF,,umbrella_or_nonstock
006207,復華滬深,twse,ETF,,umbrella_or_nonstock
006208,富邦台50,twse,ETF,,umbrella_or_nonstock
00625K,富邦上証+R,twse,ETF,,umbrella_or_nonstock
00631L,元大台灣50正2,twse,ETF,,umbrella_or_nonstock
00632R,元大台灣50反1,twse,ETF,,umbrella_or_nonstock
00633L,富邦上証正2,twse,ETF,,umbrella_or_nonstock
00634R,富邦上証反1,twse,ETF,,umbrella_or_nonstock
00635U,期元大S&P黃金,twse,ETF,,umbrella_or_nonstock
00636,國泰中國A50,twse,ETF,,umbrella_or_nonstock
00636K,國泰中國A50+U,twse,ETF,,umbrella_or_nonstock
00637L,元大滬深300正2,twse,ETF,,umbrella_or_nonstock
00638R,元大滬深300反1,twse,ETF,,umbrella_or_nonstock
00639,富邦深100,twse,ETF,,umbrella_or_nonstock
00640L,富邦日本正2,twse,ETF,,umbrella_or_nonstock
00641R,富邦日本反1,twse,ETF,,umbrella_or_nonstock
00642U,期元大S&P石油,twse,ETF,,umbrella_or_nonstock
00643,群益深証中小,twse,ETF,,umbrella_or_nonstock
00643K,群益深証中小+R,twse,ETF,,umbrella_or_nonstock
00645,富邦日本,twse,ETF,,umbrella_or_nonstock
00646,元大S&P500,twse,ETF,,umbrella_or_nonstock
00647L,元大S&P500正2,twse,ETF,,umbrella_or_nonstock
00648R,元大S&P500反1,twse,ETF,,umbrella_or_nonstock
00649,FH香港,twse,ETF,,umbrella_or_nonstock
00650L,復華香港正2,twse,ETF,,umbrella_or_nonstock
00651R,復華香港反1,twse,ETF,,umbrella_or_nonstock
00652,富邦印度,twse,ETF,,umbrella_or_nonstock
00653L,富邦印度正2,twse,ETF,,umbrella_or_nonstock
00654R,富邦印度反1,twse,ETF,,umbrella_or_nonstock
00655L,國泰中國A50正2,twse,ETF,,umbrella_or_nonstock
00656R,國泰中國A50反1,twse,ETF,,umbrella_or_nonstock
00657,國泰日經225,twse,ETF,,umbrella_or_nonstock
00657K,國泰日經225+U,twse,ETF,,umbrella_or_nonstock
00658L,國泰日本正2,twse,ETF,,umbrella_or_nonstock
00659R,國泰日本反1,twse,ETF,,umbrella_or_nonstock
00660,元大歐洲50,twse,ETF,,umbrella_or_nonstock
00661,元大日經225,twse,ETF,,umbrella_or_nonstock
00662,富邦NASDAQ,twse,ETF,,umbrella_or_nonstock
00663L,國泰臺灣加權正2,twse,ETF,,umbrella_or_nonstock
00664R,國泰臺灣加權反1,twse,ETF,,umbrella_or_nonstock
00665L,富邦恒生國企正2,twse,ETF,,umbrella_or_nonstock
00666R,富邦恒生國企反1,twse,ETF,,umbrella_or_nonstock
00667,元大韓國,twse,ETF,,umbrella_or_nonstock
00668,國泰美國道瓊,twse,ETF,,umbrella_or_nonstock
00668K,國泰美國道瓊+U,twse,ETF,,umbrella_or_nonstock
00669R,國泰美國道瓊反1,twse,ETF,,umbrella_or_nonstock
00670L,富邦NASDAQ正2,twse,ETF,,umbrella_or_nonstock
00671R,富邦NASDAQ反1,twse,ETF,,umbrella_or_nonstock
00672L,元大S&P原油正2,twse,ETF,,umbrella_or_nonstock
00673R,期元大S&P原油反1,twse,ETF,,umbrella_or_nonstock
00674R,期元大S&P黃金反1,twse,ETF,,umbrella_or_nonstock
00675L,富邦臺灣加權正2,twse,ETF,,umbrella_or_nonstock
00676R,富邦臺灣加權反1,twse,ETF,,umbrella_or_nonstock
00677U,期富邦VIX,twse,ETF,,umbrella_or_nonstock
00678,群益那斯達克生技,twse,ETF,,umbrella_or_nonstock
00679B,元大美債20年,tpex,上櫃ETF|上櫃指數股票型基金(ETF),,umbrella_or_nonstock
00680L,元大美債20正2,twse,ETF,,umbrella_or_nonstock
00681R,元大美債20反1,twse,ETF,,umbrella_or_nonstock
00682U,期元大美元指數,twse,ETF,,umbrella_or_nonstock
00683L,期元大美元指正2,twse,ETF,,umbrella_or_nonstock
00684R,期元大美元指反1,twse,ETF,,umbrella_or_nonstock
00685L,群益臺灣加權正2,twse,ETF,,umbrella_or_nonstock
00686R,群益臺灣加權反1,twse,ETF,,umbrella_or_nonstock
00687B,國泰20年美債,tpex,上櫃ETF|上櫃指數股票型基金(ETF),,umbrella_or_nonstock
00687C,國泰20年美債+櫃U,tpex,上櫃ETF,,umbrella_or_nonstock
00688L,國泰20年美債正2,twse,ETF,,umbrella_or_nonstock
00689R,國泰20年美債反1,twse,ETF,,umbrella_or_nonstock
00690,兆豐藍籌30,twse,ETF,,umbrella_or_nonstock
00691R,兆豐藍籌30反1,twse,ETF,,umbrella_or_nonstock
00692,富邦公司治理,twse,ETF,,umbrella_or_nonstock
00693U,期街口S&P黃豆,twse,ETF,,umbrella_or_nonstock
00694B,富邦美債1-3,tpex,上櫃ETF|上櫃指數股票型基金(ETF),,umbrella_or_nonstock
00695B,富邦美債7-10,tpex,上櫃ETF|上櫃指數股票型基金(ETF),,umbrella_or_nonstock
00696B,富邦美債20年,tpex,上櫃ETF|上櫃指數股票型基金(ETF),,umbrella_or_nonstock
00697B,元大美債7-10,tpex,上櫃ETF|上櫃指數股票型基金(ETF),,umbrella_or_nonstock
00698L,元大美債7-10正2,twse,ETF,,umbrella_or_nonstock
00699R,元大美債7-10反1,twse,ETF,,umbrella_or_nonstock
00700,富邦恒生國企,twse,ETF,,umbrella_or_nonstock
00701,國泰股利精選30,twse,ETF,,umbrella_or_nonstock
00702,國泰標普低波高息,twse,ETF,,umbrella_or_nonstock
00703,台新MSCI中國,twse,ETF,,umbrella_or_nonstock
00704L,台新MSCI台灣正2,twse,ETF,,umbrella_or_nonstock
00705R,台新MSCI台灣反1,twse,ETF,,umbrella_or_nonstock
00706L,期元大S&P日圓正2,twse,ETF,,umbrella_or_nonstock
00707R,期元大S&P日圓反1,twse,ETF,,umbrella_or_nonstock
00708L,期元大S&P黃金正2,twse,ETF,,umbrella_or_nonstock
00709,富邦歐洲,twse,ETF,,umbrella_or_nonstock
00710B,復華彭博非投等債,twse,ETF,,umbrella_or_nonstock
00711B,復華彭博新興債,twse,ETF,,umbrella_or_nonstock
00712,復華富時不動產,twse,ETF,,umbrella_or_nonstock
00713,元大台灣高息低波,twse,ETF,,umbrella_or_nonstock
00714,群益道瓊美國地產,twse,ETF,,umbrella_or_nonstock
00715L,期街口布蘭特正2,twse,ETF,,umbrella_or_nonstock
00716R,華頓S&P布蘭特反1,twse,ETF,,umbrella_or_nonstock
00717,富邦美國特別股,twse,ETF,,umbrella_or_nonstock
00718B,富邦中國政策債,tpex,上櫃ETF|上櫃指數股票型基金(ETF),,umbrella_or_nonstock
00719B,元大美債1-3,tpex,上櫃ETF|上櫃指數股票型基金(ETF),,umbrella_or_nonstock
00720B,元大投資級公司債,tpex,上櫃ETF|上櫃指數股票型基金(ETF),,umbrella_or_nonstock
00721B,元大中國債3-5,tpex,上櫃指數股票型基金(ETF),,umbrella_or_nonstock
00722B,群益投資級電信債,tpex,上櫃ETF|上櫃指數股票型基金(ETF),,umbrella_or_nonstock
00723B,群益投資級科技債,tpex,上櫃ETF|上櫃指數股票型基金(ETF),,umbrella_or_nonstock
00724B,群益投資級金融債,tpex,上櫃ETF|上櫃指數股票型基金(ETF),,umbrella_or_nonstock
00725B,國泰投資級公司債,tpex,上櫃ETF|上櫃指數股票型基金(ETF),,umbrella_or_nonstock
00726B,國泰新興投等債,tpex,上櫃ETF|上櫃指數股票型基金(ETF),,umbrella_or_nonstock
00727B,國泰優選非投等債,tpex,上櫃ETF|上櫃指數股票型基金(ETF),,umbrella_or_nonstock
00728,第一金工業30,twse,ETF,,umbrella_or_nonstock
00729R,第一金工業30反1,twse,ETF,,umbrella_or_nonstock
00730,富邦臺灣優質高息,twse,ETF,,umbrella_or_nonstock
00731,復華富時高息低波,twse,ETF,,umbrella_or_nonstock
00732,國泰RMB短期報酬,twse,ETF,,umbrella_or_nonstock
00733,富邦臺灣中小,twse,ETF,,umbrella_or_nonstock
00734B,台新JPM新興債,tpex,上櫃ETF|上櫃指數股票型基金(ETF),,umbrella_or_nonstock
00735,國泰臺韓科技,twse,ETF,,umbrella_or_nonstock
00736,國泰新興市場,twse,ETF,,umbrella_or_nonstock
00737,國泰AI機器人,twse,ETF,,umbrella_or_nonstock
00738U,期元大道瓊白銀,twse,ETF,,umbrella_or_nonstock
00739,元大MSCI A股,twse,ETF,,umbrella_or_nonstock
00740B,富邦全球投等債,tpex,上櫃ETF|上櫃指數股票型基金(ETF),,umbrella_or_nonstock
00741B,富邦全球非投等債,tpex,上櫃ETF|上櫃指數股票型基金(ETF),,umbrella_or_nonstock
00742,新光內需收益,twse,ETF,,umbrella_or_nonstock
00743,國泰中國A150,twse,ETF,,umbrella_or_nonstock
00744B,國泰中國政金債5+,tpex,上櫃指數股票型基金(ETF),,umbrella_or_nonstock
00745B,富邦中政債0-1,tpex,上櫃指數股票型基金(ETF),,umbrella_or_nonstock
00746B,富邦A級公司債,tpex,上櫃ETF|上櫃指數股票型基金(ETF),,umbrella_or_nonstock
00747B,FH中國政策債,tpex,上櫃指數股票型基金(ETF),,umbrella_or_nonstock
00748B,凱基中國債3-10,tpex,上櫃指數股票型基金(ETF),,umbrella_or_nonstock
00749B,凱基新興債10+,tpex,上櫃ETF|上櫃指數股票型基金(ETF),,umbrella_or_nonstock
00750B,凱基科技債10+,tpex,上櫃ETF|上櫃指數股票型基金(ETF),,umbrella_or_nonstock
00751B,元大AAA至A公司債,tpex,上櫃ETF|上櫃指數股票型基金(ETF),,umbrella_or_nonstock
00752,中信中國50,twse,ETF,,umbrella_or_nonstock
00753L,中信中國50正2,twse,ETF,,umbrella_or_nonstock
00754B,群益AAA-AA公司債,tpex,上櫃ETF|上櫃指數股票型基金(ETF),,umbrella_or_nonstock
00755B,群益投資級公用債,tpex,上櫃ETF|上櫃指數股票型基金(ETF),,umbrella_or_nonstock
00756B,群益投等新興公債,tpex,上櫃ETF|上櫃指數股票型基金(ETF),,umbrella_or_nonstock
00757,統一FANG+,twse,ETF,,umbrella_or_nonstock
00758B,復華能源債,tpex,上櫃ETF|上櫃指數股票型基金(ETF),,umbrella_or_nonstock
00759B,復華製藥債,tpex,上櫃ETF|上櫃指數股票型基金(ETF),,umbrella_or_nonstock
00760B,復華新興企業債,tpex,上櫃ETF|上櫃指數股票型基金(ETF),,umbrella_or_nonstock
00761B,國泰A級公司債,tpex,上櫃ETF|上櫃指數股票型基金(ETF),,umbrella_or_nonstock
00762,元大全球AI,twse,ETF,,umbrella_or_nonstock
00763U,期街口道瓊銅,twse,ETF,,umbrella_or_nonstock
00764B,群益25年美債,tpex,上櫃ETF|上櫃指數股票型基金(ETF),,umbrella_or_nonstock
00765B,群益中國政金債,tpex,上櫃指數股票型基金(ETF),,umbrella_or_nonstock
00766L,台新MSCI中國正2,twse,ETF,,umbrella_or_nonstock
00767,FH美國金融股,twse,ETF,,umbrella_or_nonstock
00768B,復華20年美債,tpex,上櫃ETF|上櫃指數股票型基金(ETF),,umbrella_or_nonstock
00770,國泰北美科技,twse,ETF,,umbrella_or_nonstock
00771,元大US高息特別股,twse,ETF,,umbrella_or_nonstock
00772B,中信高評級公司債,tpex,上櫃ETF|上櫃指數股票型基金(ETF),,umbrella_or_nonstock
00773B,中信優先金融債,tpex,上櫃ETF|上櫃指數股票型基金(ETF),,umbrella_or_nonstock
00774B,新光中國政金綠債,twse,ETF,,umbrella_or_nonstock
00774C,新光中政金綠債+R,twse,ETF,,umbrella_or_nonstock
00775B,台新投等債15+,twse,ETF,,umbrella_or_nonstock
00776,新光ICE美國權值,twse,ETF,,umbrella_or_nonstock
00777B,凱基AAA至A公司債,tpex,上櫃ETF|上櫃指數股票型基金(ETF),,umbrella_or_nonstock
00778B,凱基金融債20+,tpex,上櫃ETF|上櫃指數股票型基金(ETF),,umbrella_or_nonstock
00779B,凱基美債25+,tpex,上櫃ETF|上櫃指數股票型基金(ETF),,umbrella_or_nonstock
00780B,國泰A級金融債,tpex,上櫃ETF|上櫃指數股票型基金(ETF),,umbrella_or_nonstock
00781B,國泰A級科技債,tpex,上櫃ETF|上櫃指數股票型基金(ETF),,umbrella_or_nonstock
00782B,國泰A級公用債,tpex,上櫃ETF|上櫃指數股票型基金(ETF),,umbrella_or_nonstock
00783,富邦中証500,twse,ETF,,umbrella_or_nonstock
00784B,富邦中國投等債,tpex,上櫃ETF|上櫃指數股票型基金(ETF),,umbrella_or_nonstock
00785B,富邦金融投等債,tpex,上櫃ETF|上櫃指數股票型基金(ETF),,umbrella_or_nonstock
00786B,元大10年IG銀行債,tpex,上櫃ETF|上櫃指數股票型基金(ETF),,umbrella_or_nonstock
00787B,元大10年IG醫療債,tpex,上櫃ETF|上櫃指數股票型基金(ETF),,umbrella_or_nonstock
00788B,元大10年IG電能債,tpex,上櫃ETF|上櫃指數股票型基金(ETF),,umbrella_or_nonstock
00789B,復華公司債A3,tpex,上櫃ETF|上櫃指數股票型基金(ETF),,umbrella_or_nonstock
00790B,復華次順位金融債,tpex,上櫃ETF|上櫃指數股票型基金(ETF),,umbrella_or_nonstock
00791B,復華信用債1-5,tpex,上櫃ETF|上櫃指數股票型基金(ETF),,umbrella_or_nonstock
00792B,群益A級公司債,tpex,上櫃ETF|上櫃指數股票型基金(ETF),,umbrella_or_nonstock
00793B,群益AAA-A醫療債,tpex,上櫃ETF|上櫃指數股票型基金(ETF),,umbrella_or_nonstock
00794B,群益7+中國政金債,tpex,上櫃ETF|上櫃指數股票型基金(ETF),,umbrella_or_nonstock
00795B,中信美國公債20年,tpex,上櫃ETF|上櫃指數股票型基金(ETF),,umbrella_or_nonstock
00796B,中信中國債7-10,tpex,上櫃指數股票型基金(ETF),,umbrella_or_nonstock
00798B,國泰中企A級債7+,tpex,上櫃指數股票型基金(ETF),,umbrella_or_nonstock
00799B,國泰A級醫療債,tpex,上櫃ETF|上櫃指數股票型基金(ETF),,umbrella_or_nonstock
0080,恒中國,twse,ETF,,umbrella_or_nonstock
0081,恒香港,twse,ETF,,umbrella_or_nonstock
008201,BP上證50,twse,ETF,,umbrella_or_nonstock
00830,國泰費城半導體,twse,ETF,,umbrella_or_nonstock
00831B,新光美債1-3,tpex,上櫃指數股票型基金(ETF),,umbrella_or_nonstock
00832B,新光美債20+,tpex,上櫃指數股票型基金(ETF),,umbrella_or_nonstock
00833B,第一金美債20+,tpex,上櫃指數股票型基金(ETF),,umbrella_or_nonstock
00834B,第一金金融債10+,tpex,上櫃ETF|上櫃指數股票型基金(ETF),,umbrella_or_nonstock
00835B,第一金科技債10+,tpex,上櫃指數股票型基金(ETF),,umbrella_or_nonstock
00836B,永豐10年A公司債,tpex,上櫃ETF|上櫃指數股票型基金(ETF),,umbrella_or_nonstock
00837B,永豐15年金融債,tpex,上櫃指數股票型基金(ETF),,umbrella_or_nonstock
00838B,永豐7-10年中國債,tpex,上櫃指數股票型基金(ETF),,umbrella_or_nonstock
00839B,凱基醫療保健債,tpex,上櫃指數股票型基金(ETF),,umbrella_or_nonstock
00840B,凱基IG精選15+,tpex,上櫃ETF|上櫃指數股票型基金(ETF),,umbrella_or_nonstock
00841B,凱基AAA-AA公司債,tpex,上櫃ETF|上櫃指數股票型基金(ETF),,umbrella_or_nonstock
00842B,台新美元銀行債,tpex,上櫃ETF|上櫃指數股票型基金(ETF),,umbrella_or_nonstock
00843B,台新中國政策債,tpex,上櫃指數股票型基金(ETF),,umbrella_or_nonstock
00844B,新光15年IG金融債,tpex,上櫃ETF|上櫃指數股票型基金(ETF),,umbrella_or_nonstock
00845B,富邦新興投等債,tpex,上櫃ETF|上櫃指數股票型基金(ETF),,umbrella_or_nonstock
00846B,富邦歐洲銀行債,tpex,上櫃ETF|上櫃指數股票型基金(ETF),,umbrella_or_nonstock
00847B,中信美國市政債,tpex,上櫃ETF|上櫃指數股票型基金(ETF),,umbrella_or_nonstock
00848B,中信新興亞洲債,tpex,上櫃ETF|上櫃指數股票型基金(ETF),,umbrella_or_nonstock
00849B,中信EM主權債0-5,tpex,上櫃ETF|上櫃指數股票型基金(ETF),,umbrella_or_nonstock
00850,元大臺灣ESG永續,twse,ETF,,umbrella_or_nonstock
00851,台新全球AI,twse,ETF,,umbrella_or_nonstock
00852L,國泰美國道瓊正2,twse,ETF,,umbrella_or_nonstock
00853B,統一美債10年Aa-A,tpex,上櫃ETF|上櫃指數股票型基金(ETF),,umbrella_or_nonstock
00854B,富邦全球保險債,tpex,上櫃指數股票型基金(ETF),,umbrella_or_nonstock
00855B,富邦全球能源債,tpex,上櫃指數股票型基金(ETF),,umbrella_or_nonstock
00856B,永豐1-3年美公債,tpex,上櫃ETF|上櫃指數股票型基金(ETF),,umbrella_or_nonstock
00857B,永豐20年美公債,tpex,上櫃ETF|上櫃指數股票型基金(ETF),,umbrella_or_nonstock
00858,永豐美國500大,tpex,上櫃ETF|上櫃指數股票型基金(ETF),,umbrella_or_nonstock
00859B,群益0-1年美債,tpex,上櫃ETF|上櫃指數股票型基金(ETF),,umbrella_or_nonstock
00860B,群益1-5Y投資級債,tpex,上櫃ETF|上櫃指數股票型基金(ETF),,umbrella_or_nonstock
00861,元大全球未來通訊,twse,ETF,,umbrella_or_nonstock
00862B,中信投資級公司債,tpex,上櫃ETF|上櫃指數股票型基金(ETF),,umbrella_or_nonstock
00863B,中信全球電信債,tpex,上櫃ETF|上櫃指數股票型基金(ETF),,umbrella_or_nonstock
00864B,中信美國公債0-1,tpex,上櫃ETF|上櫃指數股票型基金(ETF),,umbrella_or_nonstock
00865B,國泰US短期公債,twse,ETF,,umbrella_or_nonstock
00866,新光Shiller CAPE,twse,ETF,,umbrella_or_nonstock
00867B,新光A-BBB電信債,tpex,上櫃ETF|上櫃指數股票型基金(ETF),,umbrella_or_nonstock
00868B,FT1-3年美公債,tpex,上櫃指數股票型基金(ETF),,umbrella_or_nonstock
00869B,FT10-25年公司債,tpex,上櫃指數股票型基金(ETF),,umbrella_or_nonstock
00870B,元大15年EM主權債,tpex,上櫃ETF|上櫃指數股票型基金(ETF),,umbrella_or_nonstock
00871B,元大中國政金債,tpex,上櫃指數股票型基金(ETF),,umbrella_or_nonstock
00872B,凱基美債1-3,tpex,上櫃指數股票型基金(ETF),,umbrella_or_nonstock
00873B,凱基新興債1-5,tpex,上櫃指數股票型基金(ETF),,umbrella_or_nonstock
00874B,凱基BBB公司債15+,tpex,上櫃指數股票型基金(ETF),,umbrella_or_nonstock
00875,國泰網路資安,twse,ETF,,umbrella_or_nonstock
00876,元大全球5G,twse,ETF,,umbrella_or_nonstock
00877,復華中國5G,tpex,上櫃ETF|上櫃指數股票型基金(ETF),,umbrella_or_nonstock
00878,國泰永續高股息,twse,ETF,,umbrella_or_nonstock
00879B,第一金美債0-1,tpex,上櫃指數股票型基金(ETF),,umbrella_or_nonstock
00880B,第一金電信債15+,tpex,上櫃指數股票型基金(ETF),,umbrella_or_nonstock
00881,國泰台灣科技龍頭,twse,ETF,,umbrella_or_nonstock
00882,中信中國高股息,twse,ETF,,umbrella_or_nonstock
00883B,中信ESG投資級債,tpex,上櫃ETF|上櫃指數股票型基金(ETF),,umbrella_or_nonstock
00884B,中信低碳新興債,tpex,上櫃ETF|上櫃指數股票型基金(ETF),,umbrella_or_nonstock
00885,富邦越南,twse,ETF,,umbrella_or_nonstock
00886,永豐美國科技,tpex,上櫃ETF|上櫃指數股票型基金(ETF),,umbrella_or_nonstock
00887,永豐中國科技50大,tpex,上櫃ETF|上櫃指數股票型基金(ETF),,umbrella_or_nonstock
00888,永豐台灣ESG,tpex,上櫃ETF|上櫃指數股票型基金(ETF),,umbrella_or_nonstock
00889B,凱基ESG新興債15+,tpex,上櫃指數股票型基金(ETF),,umbrella_or_nonstock
00890B,凱基ESG BBB債15+,tpex,上櫃ETF|上櫃指數股票型基金(ETF),,umbrella_or_nonstock
00891,中信關鍵半導體,twse,ETF,,umbrella_or_nonstock
00892,富邦台灣半導體,twse,ETF,,umbrella_or_nonstock
00893,國泰智能電動車,twse,ETF,,umbrella_or_nonstock
00894,中信小資高價30,twse,ETF,,umbrella_or_nonstock
00895,富邦未來車,twse,ETF,,umbrella_or_nonstock
00896,中信綠能及電動車,twse,ETF,,umbrella_or_nonstock
00897,富邦基因免疫生技,twse,ETF,,umbrella_or_nonstock
00898,國泰基因免疫革命,twse,ETF,,umbrella_or_nonstock
00899,FT潔淨能源,twse,ETF,,umbrella_or_nonstock
00900,富邦特選高股息30,twse,ETF,,umbrella_or_nonstock
00901,永豐智能車供應鏈,twse,ETF,,umbrella_or_nonstock
00902,中信電池及儲能,twse,ETF,,umbrella_or_nonstock
00903,富邦元宇宙,twse,ETF,,umbrella_or_nonstock
00904,台新臺灣半導體30,twse,ETF,,umbrella_or_nonstock
00905,FT臺灣Smart,twse,ETF,,umbrella_or_nonstock
00906,大華元宇宙科技50,twse,ETF,,umbrella_or_nonstock
00907,永豐優息存股,twse,ETF,,umbrella_or_nonstock
00908,富邦入息REITs+,twse,ETF,,umbrella_or_nonstock
00909,國泰數位支付服務,twse,ETF,,umbrella_or_nonstock
00910,第一金太空衛星,twse,ETF,,umbrella_or_nonstock
00911,兆豐洲際半導體,twse,ETF,,umbrella_or_nonstock
00912,中信臺灣智慧50,twse,ETF,,umbrella_or_nonstock
00913,兆豐台灣晶圓製造,twse,ETF,,umbrella_or_nonstock
00915,凱基優選高股息30,twse,ETF,,umbrella_or_nonstock
00916,國泰全球品牌50,twse,ETF,,umbrella_or_nonstock
00917,中信特選金融,twse,ETF,,umbrella_or_nonstock
00918,大華優利高填息30,twse,ETF,,umbrella_or_nonstock
00919,群益台灣精選高息,twse,ETF,,umbrella_or_nonstock
00920,富邦ESG綠色電力,twse,ETF,,umbrella_or_nonstock
00921,兆豐龍頭等權重,twse,ETF,,umbrella_or_nonstock
00922,國泰台灣領袖50,twse,ETF,,umbrella_or_nonstock
00923,群益台ESG低碳50,twse,ETF,,umbrella_or_nonstock
00924,復華S&P500成長,twse,ETF,,umbrella_or_nonstock
00925,新光標普電動車,twse,ETF,,umbrella_or_nonstock
00926,凱基全球菁英55,twse,ETF,,umbrella_or_nonstock
00927,群益半導體收益,twse,ETF,,umbrella_or_nonstock
00928,中信上櫃ESG 30,tpex,上櫃ETF|上櫃指數股票型基金(ETF),,umbrella_or_nonstock
00929,復華台灣科技優息,twse,ETF,,umbrella_or_nonstock
00930,永豐ESG低碳高息,twse,ETF,,umbrella_or_nonstock
00931B,統一美債20年,tpex,上櫃ETF|上櫃指數股票型基金(ETF),,umbrella_or_nonstock
00932,兆豐永續高息等權,twse,ETF,,umbrella_or_nonstock
00933B,國泰10Y+金融債,tpex,上櫃ETF|上櫃指數股票型基金(ETF),,umbrella_or_nonstock
00934,中信成長高股息,twse,ETF,,umbrella_or_nonstock
00935,野村臺灣新科技50,twse,ETF,,umbrella_or_nonstock
00936,台新永續高息中小,twse,ETF,,umbrella_or_nonstock
00937B,群益ESG投等債20+,tpex,上櫃ETF|上櫃指數股票型基金(ETF),,umbrella_or_nonstock
00938,凱基優選30,twse,ETF,,umbrella_or_nonstock
00939,統一台灣高息動能,twse,ETF,,umbrella_or_nonstock
00940,元大台灣價值高息,twse,ETF,,umbrella_or_nonstock
00941,中信上游半導體,twse,ETF,,umbrella_or_nonstock
00942B,台新美A公司債20+,tpex,上櫃ETF|上櫃指數股票型基金(ETF),,umbrella_or_nonstock
00943,兆豐電子高息等權,twse,ETF,,umbrella_or_nonstock
00944,野村趨勢動能高息,twse,ETF,,umbrella_or_nonstock
00945B,凱基美國非投等債,twse,ETF,,umbrella_or_nonstock
00946,群益科技高息成長,twse,ETF,,umbrella_or_nonstock
00947,台新臺灣IC設計,twse,ETF,,umbrella_or_nonstock
00948B,中信優息投資級債,tpex,上櫃ETF|上櫃指數股票型基金(ETF),,umbrella_or_nonstock
00949,復華日本龍頭,twse,ETF,,umbrella_or_nonstock
00950B,凱基A級公司債,tpex,上櫃ETF|上櫃指數股票型基金(ETF),,umbrella_or_nonstock
00951,台新日本半導體,twse,ETF,,umbrella_or_nonstock
00952,凱基台灣AI50,twse,ETF,,umbrella_or_nonstock
00953B,群益優選非投等債,twse,ETF,,umbrella_or_nonstock
00954,中信日本半導體,twse,ETF,,umbrella_or_nonstock
00955,中信日本商社,tpex,上櫃ETF|上櫃指數股票型基金(ETF),,umbrella_or_nonstock
00956,中信日經高股息,twse,ETF,,umbrella_or_nonstock
00957B,兆豐US優選投等債,tpex,上櫃ETF|上櫃指數股票型基金(ETF),,umbrella_or_nonstock
00958B,永豐ESG銀行債15+,tpex,上櫃ETF|上櫃指數股票型基金(ETF),,umbrella_or_nonstock
00959B,大華投等美債15Y+,tpex,上櫃ETF|上櫃指數股票型基金(ETF),,umbrella_or_nonstock
00960,野村全球航運龍頭,twse,ETF,,umbrella_or_nonstock
00961,FT臺灣永續高息,twse,ETF,,umbrella_or_nonstock
00962,台新AI優息動能,twse,ETF,,umbrella_or_nonstock
00963,中信全球高股息,twse,ETF,,umbrella_or_nonstock
00964,中信亞太高股息,twse,ETF,,umbrella_or_nonstock
00965,元大航太防衛科技,twse,ETF,,umbrella_or_nonstock
00966B,統一ESG投等債15+,tpex,上櫃ETF|上櫃指數股票型基金(ETF),,umbrella_or_nonstock
00967B,元大優息美債,tpex,上櫃ETF|上櫃指數股票型基金(ETF),,umbrella_or_nonstock
00968B,元大優息投等債,tpex,上櫃ETF|上櫃指數股票型基金(ETF),,umbrella_or_nonstock
00969B,元大零息超長美債,tpex,上櫃ETF|上櫃指數股票型基金(ETF),,umbrella_or_nonstock
00970B,新光BBB投等債20+,tpex,上櫃ETF|上櫃指數股票型基金(ETF),,umbrella_or_nonstock
00971,野村美國研發龍頭,twse,ETF,,umbrella_or_nonstock
00972,野村日本動能高息,twse,ETF,,umbrella_or_nonstock
009800,中信NASDAQ,twse,ETF,,umbrella_or_nonstock
009801,中信美國創新科技,twse,ETF,,umbrella_or_nonstock
009802,富邦旗艦50,twse,ETF,,umbrella_or_nonstock
009803,玉山市值動能50,twse,ETF,,umbrella_or_nonstock
009804,聯邦台精彩50,twse,ETF,,umbrella_or_nonstock
009805,台新美國電力基建,twse,ETF,,umbrella_or_nonstock
009806,台新標普500,tpex,上櫃ETF,,umbrella_or_nonstock
009807,台新標普科技精選,tpex,上櫃ETF,,umbrella_or_nonstock
009808,華南永昌優選50,twse,ETF,,umbrella_or_nonstock
009809,富邦淨零ESG50,twse,ETF,,umbrella_or_nonstock
00980A,主動野村臺灣優選,twse,ETF,,umbrella_or_nonstock
00980B,台新特選IG債10+,tpex,上櫃ETF,,umbrella_or_nonstock
00980D,主動聯博投等入息,tpex,上櫃ETF,,umbrella_or_nonstock
00980T,平衡凱基美國TOP,tpex,上櫃ETF,,umbrella_or_nonstock
009810,玉山全球藍籌100,twse,ETF,,umbrella_or_nonstock
009811,統一美國50,twse,ETF,,umbrella_or_nonstock
009812,野村日本東證,twse,ETF,,umbrella_or_nonstock
009813,貝萊德標普卓越50,twse,ETF,,umbrella_or_nonstock
009814,富邦標普500,tpex,上櫃ETF,,umbrella_or_nonstock
009815,大華美國MAG7+,tpex,上櫃ETF,,umbrella_or_nonstock
009816,凱基台灣TOP50,twse,ETF,,umbrella_or_nonstock
009817,國泰日本不動產,twse,ETF,,umbrella_or_nonstock
009818,華南永昌NASDAQxT,twse,ETF,,umbrella_or_nonstock
009819,中信數據及電力,twse,ETF,,umbrella_or_nonstock
00981A,主動統一台股增長,twse,ETF,,umbrella_or_nonstock
00981B,第一金優選非投債,tpex,上櫃ETF,,umbrella_or_nonstock
00981D,主動中信非投等債,tpex,上櫃ETF,,umbrella_or_nonstock
00981T,平衡凱基雙核收息,twse,ETF,,umbrella_or_nonstock
009820,元大納斯達克精選,twse,ETF,,umbrella_or_nonstock
009821,野村稀土關鍵資源,twse,ETF,,umbrella_or_nonstock
009822,華南永昌未來金融,tpex,上櫃ETF,,umbrella_or_nonstock
009823,群益S&P500,tpex,上櫃ETF,,umbrella_or_nonstock
009824,群益美國科技巨頭,twse,ETF,,umbrella_or_nonstock
009825,聯邦美國金融創新,tpex,上櫃ETF,,umbrella_or_nonstock
009826,貝萊德世界股票,twse,ETF,,umbrella_or_nonstock
009829,大華韓國KOSPI50,twse,ETF,,umbrella_or_nonstock
00982A,主動群益台灣強棒,twse,ETF,,umbrella_or_nonstock
00982B,FT投資級債20+,tpex,上櫃ETF,,umbrella_or_nonstock
00982D,主動富邦動態入息,twse,ETF,,umbrella_or_nonstock
00982T,平衡兆豐台美動能,twse,ETF,,umbrella_or_nonstock
00983A,主動中信ARK創新,twse,ETF,,umbrella_or_nonstock
00983B,大華優利美公債20,tpex,上櫃ETF,,umbrella_or_nonstock
00983D,主動富邦複合收益,twse,ETF,,umbrella_or_nonstock
00984A,主動安聯台灣高息,twse,ETF,,umbrella_or_nonstock
00984B,大華優利美A債15,tpex,上櫃ETF,,umbrella_or_nonstock
00984D,主動聯博全球非投,twse,ETF,,umbrella_or_nonstock
00985A,主動野村台灣50,twse,ETF,,umbrella_or_nonstock
00985B,群益ESG投等債0-5,twse,ETF,,umbrella_or_nonstock
00985D,主動貝萊德優投等,tpex,上櫃ETF,,umbrella_or_nonstock
00986A,主動台新龍頭成長,twse,ETF,,umbrella_or_nonstock
00986B,FT金融債10+,tpex,上櫃ETF,,umbrella_or_nonstock
00986D,主動復華金融債息,tpex,上櫃ETF,,umbrella_or_nonstock
00987A,主動台新優勢成長,twse,ETF,,umbrella_or_nonstock
00987B,野村10+澳洲公債,tpex,上櫃ETF,,umbrella_or_nonstock
00988A,主動統一全球創新,twse,ETF,,umbrella_or_nonstock
00988B,玉山嚴選非投債,tpex,上櫃ETF,,umbrella_or_nonstock
00989A,主動摩根美國科技,twse,ETF,,umbrella_or_nonstock
00989B,台新美國非投等債,tpex,上櫃ETF,,umbrella_or_nonstock
00990A,主動元大AI新經濟,twse,ETF,,umbrella_or_nonstock
00990B,國泰收益非投等債,tpex,上櫃ETF,,umbrella_or_nonstock
00991A,主動復華未來50,twse,ETF,,umbrella_or_nonstock
00991B,貝萊德A級公司債,twse,ETF,,umbrella_or_nonstock
00992A,主動群益科技創新,twse,ETF,,umbrella_or_nonstock
00993A,主動安聯台灣,twse,ETF,,umbrella_or_nonstock
00994A,主動第一金台股優,twse,ETF,,umbrella_or_nonstock
00995A,主動中信台灣卓越,twse,ETF,,umbrella_or_nonstock
00996A,主動兆豐台灣豐收,twse,ETF,,umbrella_or_nonstock
00997A,主動群益美國增長,twse,ETF,,umbrella_or_nonstock
00998A,主動復華金融股息,tpex,上櫃ETF,,umbrella_or_nonstock
00999A,主動野村臺灣高息,twse,ETF,,umbrella_or_nonstock
01001T,土銀富邦R1,twse,受益證券,,umbrella_or_nonstock
01002T,土銀國泰R1,twse,受益證券,,umbrella_or_nonstock
01003T,兆豐新光R1,twse,受益證券,,umbrella_or_nonstock
01004T,土銀富邦R2,twse,受益證券,,umbrella_or_nonstock
01005T,三鼎,twse,受益證券,,umbrella_or_nonstock
01007T,兆豐國泰R2,twse,受益證券,,umbrella_or_nonstock
01008T,駿馬R1,twse,受益證券,,umbrella_or_nonstock
01009T,王道圓滿R1,twse,受益證券,,umbrella_or_nonstock
020000,富邦特選蘋果N,twse,ETN,,umbrella_or_nonstock
020001,富邦存股雙十N,tpex,指數投資證券(ETN),,umbrella_or_nonstock
020002,元富新中國N,twse,ETN,,umbrella_or_nonstock
020003,統一漲升股利150N,tpex,指數投資證券(ETN),,umbrella_or_nonstock
020004,兆豐電菁英30N,twse,ETN,,umbrella_or_nonstock
020005,永豐外資50N,twse,ETN,,umbrella_or_nonstock
020006,永昌中小300N,twse,ETN,,umbrella_or_nonstock
020007,凱基臺灣500N,twse,ETN,,umbrella_or_nonstock
020008,元大特股高息N,twse,ETN,,umbrella_or_nonstock
020009,群益A50綠碳N,tpex,指數投資證券(ETN),,umbrella_or_nonstock
020010,永昌富櫃200N,tpex,指數投資證券(ETN),,umbrella_or_nonstock
020011,統一微波高息20N,twse,ETN,,umbrella_or_nonstock
020012,富邦行動通訊N,twse,ETN,,umbrella_or_nonstock
020013,元富亞洲高股息N,tpex,指數投資證券(ETN),,umbrella_or_nonstock
020014,元大富櫃200N,tpex,指數投資證券(ETN),,umbrella_or_nonstock
020015,統一MSCI美低波N,twse,ETN,,umbrella_or_nonstock
020016,統一MSCI美科技N,twse,ETN,,umbrella_or_nonstock
020017,永豐富櫃200N,tpex,指數投資證券(ETN),,umbrella_or_nonstock
020018,統一價值成長30N,twse,ETN,,umbrella_or_nonstock
020019,統一特選台灣5GN,twse,ETN,,umbrella_or_nonstock
02001B,統一美國政府債N,tpex,指數投資證券(ETN),,umbrella_or_nonstock
02001L,富邦蘋果正二N,twse,ETN,,umbrella_or_nonstock
02001R,富邦蘋果反一N,twse,ETN,,umbrella_or_nonstock
02001S,策元大加權策略N,twse,ETN,,umbrella_or_nonstock
020020,元大台股領航N,twse,ETN,,umbrella_or_nonstock
020021,統一恒生科技N,tpex,指數投資證券(ETN),,umbrella_or_nonstock
020022,元大電動車N,twse,ETN,,umbrella_or_nonstock
020023,元大櫃買半導體N,tpex,指數投資證券(ETN),,umbrella_or_nonstock
020024,兆豐富櫃200N,tpex,指數投資證券(ETN),,umbrella_or_nonstock
020025,統一亞洲半導體N,tpex,指數投資證券(ETN),,umbrella_or_nonstock
020026,兆豐上櫃ESG電菁N,tpex,指數投資證券(ETN),,umbrella_or_nonstock
020027,元大上櫃ESG成長N,tpex,指數投資證券(ETN),,umbrella_or_nonstock
020028,元大特選電動車N,twse,ETN,,umbrella_or_nonstock
020029,元大ESG高股息N,twse,ETN,,umbrella_or_nonstock
02002L,兆豐富櫃200正二N,tpex,指數投資證券(ETN),,umbrella_or_nonstock
020030,統一智慧電動車N,twse,ETN,,umbrella_or_nonstock
020031,統一IC設計臺灣N,twse,ETN,,umbrella_or_nonstock
020032,元大綠能N,twse,ETN,,umbrella_or_nonstock
020033,統一恒生科期N,tpex,指數投資證券(ETN),,umbrella_or_nonstock
020034,元大IC設計N,twse,ETN,,umbrella_or_nonstock
020035,元大上櫃ESG高息N,tpex,指數投資證券(ETN),,umbrella_or_nonstock
020036,元大金融配息N,twse,ETN,,umbrella_or_nonstock
020037,元大金融高股息N,twse,ETN,,umbrella_or_nonstock
020038,元大ESG配息N,twse,ETN,,umbrella_or_nonstock
020039,元大加權N,twse,ETN,,umbrella_or_nonstock
02003L,永豐富櫃200正2N,tpex,指數投資證券(ETN),,umbrella_or_nonstock
020040,元大上櫃ESG龍頭N,tpex,指數投資證券(ETN),,umbrella_or_nonstock
020041,兆豐半導體氣候N,tpex,指數投資證券(ETN),,umbrella_or_nonstock
1101,台泥,twse,水泥工業,B12,mapped
1101B,台泥乙特,twse,水泥工業,B12,mapped
1102,亞泥,twse,水泥工業,B12,mapped
1103,嘉泥,twse,水泥工業,B12,mapped
1104,環泥,twse,水泥工業,B12,mapped
1107,建台,twse,其他,,umbrella_or_nonstock
1108,幸福,twse,水泥工業,B12,mapped
1109,信大,twse,水泥工業,B12,mapped
1110,東泥,twse,水泥工業,B12,mapped
1201,味全,twse,食品工業,B10,mapped
1203,味王,twse,食品工業,B10,mapped
1210,大成,twse,食品工業,B10,mapped
1213,大飲,twse,食品工業,B10,mapped
1215,卜蜂,twse,食品工業,B10,mapped
1216,統一,twse,食品工業,B10,mapped
1217,愛之味,twse,食品工業,B10,mapped
1218,泰山,twse,食品工業,B10,mapped
1219,福壽,twse,食品工業,B10,mapped
1220,台榮,twse,食品工業,B10,mapped
1225,福懋油,twse,食品工業,B10,mapped
1227,佳格,twse,食品工業,B10,mapped
1229,聯華,twse,食品工業,B10,mapped
1230,聯成食,twse,電器電纜,B03,mapped
1231,聯華食,twse,食品工業,B10,mapped
1232,大統益,twse,食品工業,B10,mapped
1233,天仁,twse,食品工業,B10,mapped
1234,黑松,twse,食品工業,B10,mapped
1235,興泰,twse,食品工業,B10,mapped
1236,宏亞,twse,食品工業,B10,mapped
1240,茂生農經,tpex,農業科技業,,unmapped_category
1256,鮮活果汁-KY,twse,食品工業,B10,mapped
1258,其祥-KY,tpex,食品工業,B10,mapped
1259,安心,tpex,觀光事業|觀光餐旅,,ambiguous_excluded
1262,綠悅-KY,twse,其他,,umbrella_or_nonstock
1264,德麥,tpex,食品工業,B10,mapped
1268,漢來美食,tpex,觀光事業|觀光餐旅,,ambiguous_excluded
1294,漢田生技,tpex,食品工業,B10,mapped
1295,生合,tpex,食品工業,B10,mapped
1301,台塑,twse,塑膠工業,B07,mapped
1303,南亞,twse,塑膠工業,B07,mapped
1304,台聚,twse,塑膠工業,B07,mapped
1305,華夏,twse,塑膠工業,B07,mapped
1307,三芳,twse,塑膠工業,B07,mapped
1308,亞聚,twse,塑膠工業,B07,mapped
1309,台達化,twse,塑膠工業,B07,mapped
1310,台苯,twse,塑膠工業,B07,mapped
1311,福聚,twse,塑膠工業,B07,mapped
1312,國喬,twse,塑膠工業,B07,mapped
1312A,國喬特,twse,塑膠工業,B07,mapped
1313,聯成,twse,塑膠工業,B07,mapped
1314,中石化,twse,塑膠工業,B07,mapped
1315,達新,twse,塑膠工業,B07,mapped
1316,上曜,twse,建材營造,,unmapped_category
1319,東陽,twse,汽車工業,B06,mapped
1321,大洋,twse,塑膠工業,B07,mapped
1323,永裕,twse,塑膠工業,B07,mapped
1324,地球,twse,塑膠工業,B07,mapped
1325,恆大,twse,塑膠工業,B07,mapped
1326,台化,twse,塑膠工業,B07,mapped
1336,台翰,tpex,電子零組件業,B01,mapped
1337,再生-KY,twse,塑膠工業,B07,mapped
1338,廣華-KY,twse,汽車工業,B06,mapped
1339,昭輝,twse,汽車工業,B06,mapped
1340,勝悅-KY,twse,塑膠工業,B07,mapped
1341,富林-KY,twse,塑膠工業,B07,mapped
1342,八貫,twse,其他,,umbrella_or_nonstock
1402,遠東新,twse,紡織纖維,B09,mapped
1409,新纖,twse,紡織纖維,B09,mapped
1410,南染,twse,紡織纖維,B09,mapped
1413,宏洲,twse,紡織纖維,B09,mapped
1414,東和,twse,紡織纖維,B09,mapped
1416,廣豐,twse,其他,,umbrella_or_nonstock
1417,嘉裕,twse,紡織纖維,B09,mapped
1418,東華,twse,紡織纖維,B09,mapped
1419,新紡,twse,紡織纖維,B09,mapped
1423,利華,twse,紡織纖維,B09,mapped
1432,大魯閣,twse,貿易百貨|運動休閒,,ambiguous_excluded
1434,福懋,twse,紡織纖維,B09,mapped
1435,中福,twse,其他,,umbrella_or_nonstock
1436,華友聯,twse,建材營造,,unmapped_category
1437,勤益控,twse,其他,,umbrella_or_nonstock
1438,三地開發,twse,建材營造,,unmapped_category
1439,雋揚,twse,建材營造|紡織纖維,,ambiguous_excluded
1440,南紡,twse,紡織纖維,B09,mapped
1441,大東,twse,紡織纖維,B09,mapped
1442,名軒,twse,建材營造,,unmapped_category
1443,立益,twse,紡織纖維,B09,mapped
1444,力麗,twse,紡織纖維,B09,mapped
1445,大宇,twse,紡織纖維,B09,mapped
1446,宏和,twse,紡織纖維,B09,mapped
1447,力鵬,twse,紡織纖維,B09,mapped
1449,佳和,twse,紡織纖維,B09,mapped
1451,年興,twse,紡織纖維,B09,mapped
1452,宏益,twse,紡織纖維,B09,mapped
1453,大將,twse,建材營造|紡織纖維,,ambiguous_excluded
1454,台富,twse,紡織纖維,B09,mapped
1455,集盛,twse,紡織纖維,B09,mapped
1456,怡華,twse,建材營造|紡織纖維,,ambiguous_excluded
1457,宜進,twse,紡織纖維,B09,mapped
1459,聯發,twse,紡織纖維,B09,mapped
1460,宏遠,twse,紡織纖維,B09,mapped
1463,強盛新,twse,紡織纖維,B09,mapped
1464,得力,twse,紡織纖維,B09,mapped
1465,偉全,twse,紡織纖維,B09,mapped
1466,聚隆,twse,紡織纖維,B09,mapped
1467,南緯,twse,紡織纖維,B09,mapped
1468,昶和,twse,紡織纖維,B09,mapped
1469,理隆,twse,紡織纖維,B09,mapped
1470,大統新創,twse,紡織纖維,B09,mapped
1471,首利,twse,電子零組件業,B01,mapped
1472,三洋實業,twse,建材營造|紡織纖維,,ambiguous_excluded
1473,台南,twse,紡織纖維,B09,mapped
1474,弘裕,twse,紡織纖維,B09,mapped
1475,業旺,twse,紡織纖維,B09,mapped
1476,儒鴻,twse,紡織纖維,B09,mapped
1477,聚陽,twse,紡織纖維,B09,mapped
1503,士電,twse,電機機械,B04,mapped
1504,東元,twse,電機機械,B04,mapped
1506,正道,twse,電機機械,B04,mapped
1507,永大,twse,電機機械,B04,mapped
1512,瑞利,twse,汽車工業,B06,mapped
1513,中興電,twse,電機機械,B04,mapped
1514,亞力,twse,電機機械,B04,mapped
1515,力山,twse,電機機械,B04,mapped
1516,川飛,twse,其他,,umbrella_or_nonstock
1517,利奇,twse,電機機械,B04,mapped
1519,華城,twse,電機機械,B04,mapped
1520,復盛,twse,其他,,umbrella_or_nonstock
1521,大億,twse,汽車工業,B06,mapped
1522,堤維西,twse,汽車工業,B06,mapped
1522A,堤維西甲特,twse,汽車工業,B06,mapped
1523,開億,twse,電機機械,B04,mapped
1524,耿鼎,twse,汽車工業,B06,mapped
1525,江申,twse,汽車工業,B06,mapped
1526,日馳,twse,電機機械,B04,mapped
1527,鑽全,twse,電機機械,B04,mapped
1528,恩德,twse,電機機械,B04,mapped
1529,樂事綠能,twse,電機機械,B04,mapped
1530,亞崴,twse,電機機械,B04,mapped
1531,高林股,twse,電機機械,B04,mapped
1532,勤美,twse,電機機械,B04,mapped
1533,車王電,twse,汽車工業,B06,mapped
1535,中宇,twse,電機機械,B04,mapped
1536,和大,twse,汽車工業,B06,mapped
1537,廣隆,twse,電機機械,B04,mapped
1538,正峰,twse,電機機械,B04,mapped
1539,巨庭,twse,電機機械,B04,mapped
1540,喬福,twse,電機機械,B04,mapped
1541,錩泰,twse,電機機械,B04,mapped
1558,伸興,twse,電機機械,B04,mapped
1560,中砂,twse,電機機械,B04,mapped
1563,巧新,twse,汽車工業,B06,mapped
1565,精華,tpex,生技醫療業,B13,mapped
1568,倉佑,twse,汽車工業,B06,mapped
1569,濱川,tpex,電腦及週邊設備業,B02,mapped
1570,力肯,tpex,電機機械,B04,mapped
1580,新麥,tpex,電機機械,B04,mapped
1582,信錦,twse,電子零組件業,B01,mapped
1583,程泰,twse,電機機械,B04,mapped
1584,精剛,tpex,其他,,umbrella_or_nonstock
1586,和勤,tpex,電機機械,B04,mapped
1587,吉茂,twse,汽車工業,B06,mapped
1589,永冠-KY,twse,電機機械,B04,mapped
1590,亞德客-KY,twse,電機機械,B04,mapped
1591,駿吉-KY,tpex,電機機械,B04,mapped
1592,英瑞-KY,twse,汽車工業,B06,mapped
1593,祺驊,tpex,生技醫療業|運動休閒類,,ambiguous_excluded
1595,川寶,tpex,半導體業|電子零組件業,B01,mapped
1597,直得,twse,電機機械,B04,mapped
1598,岱宇,twse,生技醫療業|運動休閒,,ambiguous_excluded
1599,宏佳騰,tpex,電機機械,B04,mapped
1601,台光,twse,電器電纜,B03,mapped
1603,華電,twse,電器電纜,B03,mapped
1604,聲寶,twse,電器電纜,B03,mapped
1605,華新,twse,電器電纜,B03,mapped
1606,歌林,twse,電器電纜,B03,mapped
1608,華榮,twse,電器電纜,B03,mapped
1609,大亞,twse,電器電纜,B03,mapped
1611,中電,twse,電器電纜,B03,mapped
1612,宏泰,twse,電器電纜,B03,mapped
1613,台一,twse,電器電纜,B03,mapped
1614,三洋電,twse,電器電纜,B03,mapped
1615,大山,twse,電器電纜,B03,mapped
1616,億泰,twse,電器電纜,B03,mapped
1617,榮星,twse,電器電纜,B03,mapped
1618,合機,twse,電器電纜,B03,mapped
1623,大東電,twse,電器電纜,B03,mapped
1626,艾美特-KY,twse,電器電纜,B03,mapped
1701,中化,twse,生技醫療業,B13,mapped
1702,南僑,twse,食品工業,B10,mapped
1704,榮化,twse,化學工業,B08,mapped
1707,葡萄王,twse,生技醫療業,B13,mapped
1708,東鹼,twse,化學工業,B08,mapped
1709,和益,twse,化學工業,B08,mapped
1710,東聯,twse,化學工業,B08,mapped
1711,永光,twse,化學工業,B08,mapped
1712,興農,twse,化學工業,B08,mapped
1713,國化,twse,化學工業,B08,mapped
1714,和桐,twse,化學工業,B08,mapped
1715,萬洲,twse,塑膠工業,B07,mapped
1716,永信,twse,生技醫療業,B13,mapped
1717,長興,twse,化學工業,B08,mapped
1718,中纖,twse,化學工業,B08,mapped
1720,生達,twse,生技醫療業,B13,mapped
1721,三晃,twse,化學工業,B08,mapped
1722,台肥,twse,化學工業,B08,mapped
1723,中碳,twse,化學工業,B08,mapped
1724,台硝,twse,化學工業,B08,mapped
1725,元禎,twse,化學工業,B08,mapped
1726,永記,twse,化學工業,B08,mapped
1727,中華化,twse,化學工業,B08,mapped
1729,必翔,twse,生技醫療業,B13,mapped
1730,花仙子,twse,化學工業,B08,mapped
1731,美吾華,twse,生技醫療業,B13,mapped
1732,毛寶,twse,化學工業,B08,mapped
1733,五鼎,twse,生技醫療業,B13,mapped
1734,杏輝,twse,生技醫療業,B13,mapped
1735,日勝化,twse,化學工業,B08,mapped
1736,喬山,twse,生技醫療業|運動休閒,,ambiguous_excluded
1737,臺鹽,twse,食品工業,B10,mapped
1742,台蠟,tpex,化學工業,B08,mapped
1752,南光,twse,生技醫療業,B13,mapped
1760,寶齡富錦,twse,生技醫療業,B13,mapped
1762,中化生,twse,生技醫療業,B13,mapped
1773,勝一,twse,化學工業,B08,mapped
1776,展宇,twse,化學工業,B08,mapped
1777,生泰,tpex,生技醫療業,B13,mapped
1780,立弘,tpex,食品工業,B10,mapped
1781,合世,tpex,生技醫療業,B13,mapped
1783,和康生,twse,生技醫療業,B13,mapped
1784,訊聯,tpex,生技醫療業,B13,mapped
1785,光洋科,tpex,其他電子類,,unmapped_category
1786,科妍,twse,生技醫療業,B13,mapped
1788,杏昌,tpex,生技醫療業,B13,mapped
1789,神隆,twse,生技醫療業,B13,mapped
1795,美時,twse,生技醫療業,B13,mapped
1796,金穎生技,tpex,食品工業,B10,mapped
1799,易威,tpex,生技醫療業,B13,mapped
1802,台玻,twse,玻璃陶瓷,B12,mapped
1805,寶徠,twse,建材營造,,unmapped_category
1806,冠軍,twse,玻璃陶瓷,B12,mapped
1808,潤隆,twse,建材營造,,unmapped_category
1809,中釉,twse,玻璃陶瓷,B12,mapped
1810,和成,twse,玻璃陶瓷,B12,mapped
1813,寶利徠,tpex,生技醫療業,B13,mapped
1815,富喬,tpex,電子零組件業,B01,mapped
1817,凱撒衛,twse,玻璃陶瓷,B12,mapped
1902,台紙,twse,造紙工業,B11,mapped
1903,士紙,twse,造紙工業,B11,mapped
1904,正隆,twse,造紙工業,B11,mapped
1905,華紙,twse,造紙工業,B11,mapped
1906,寶隆,twse,造紙工業,B11,mapped
1907,永豐餘,twse,造紙工業,B11,mapped
1909,榮成,twse,造紙工業,B11,mapped
2002,中鋼,twse,鋼鐵工業,B05,mapped
2002A,中鋼特,twse,鋼鐵工業,B05,mapped
2006,東和鋼鐵,twse,鋼鐵工業,B05,mapped
2007,燁興,twse,鋼鐵工業,B05,mapped
2008,高興昌,twse,鋼鐵工業,B05,mapped
2009,第一銅,twse,鋼鐵工業,B05,mapped
2010,春源,twse,鋼鐵工業,B05,mapped
2012,春雨,twse,鋼鐵工業,B05,mapped
2013,中鋼構,twse,鋼鐵工業,B05,mapped
2014,中鴻,twse,鋼鐵工業,B05,mapped
2015,豐興,twse,鋼鐵工業,B05,mapped
2017,官田鋼,twse,鋼鐵工業,B05,mapped
2020,美亞,twse,鋼鐵工業,B05,mapped
2022,聚亨,twse,鋼鐵工業,B05,mapped
2023,燁輝,twse,鋼鐵工業,B05,mapped
2024,志聯,twse,鋼鐵工業,B05,mapped
2025,千興,twse,鋼鐵工業,B05,mapped
2027,大成鋼,twse,鋼鐵工業,B05,mapped
2028,威致,twse,鋼鐵工業,B05,mapped
2029,盛餘,twse,鋼鐵工業,B05,mapped
2030,彰源,twse,鋼鐵工業,B05,mapped
2031,新光鋼,twse,鋼鐵工業,B05,mapped
2032,新鋼,twse,鋼鐵工業,B05,mapped
2033,佳大,twse,鋼鐵工業,B05,mapped
2034,允強,twse,鋼鐵工業,B05,mapped
2035,唐榮,tpex,鋼鐵工業,B05,mapped
2038,海光,twse,鋼鐵工業,B05,mapped
2049,上銀,twse,電機機械,B04,mapped
2059,川湖,twse,電子零組件業,B01,mapped
2061,風青,tpex,電器電纜,B03,mapped
2062,橋椿,twse,居家生活,,unmapped_category
2063,世鎧,tpex,鋼鐵工業,B05,mapped
2064,晉椿,tpex,鋼鐵工業,B05,mapped
2065,世豐,tpex,鋼鐵工業,B05,mapped
2066,世德,tpex,電機機械,B04,mapped
2067,嘉鋼,tpex,電機機械,B04,mapped
2069,運錩,twse,鋼鐵工業,B05,mapped
2070,精湛,tpex,電機機械,B04,mapped
2072,世紀風電,twse,綠能環保,,unmapped_category
2073,雄順,tpex,鋼鐵工業,B05,mapped
2101,南港,twse,橡膠工業,B07,mapped
2102,泰豐,twse,橡膠工業,B07,mapped
2103,台橡,twse,橡膠工業,B07,mapped
2104,國際中橡,twse,橡膠工業,B07,mapped
2105,正新,twse,橡膠工業,B07,mapped
2106,建大,twse,橡膠工業,B07,mapped
2107,厚生,twse,橡膠工業,B07,mapped
2108,南帝,twse,橡膠工業,B07,mapped
2109,華豐,twse,橡膠工業,B07,mapped
2114,鑫永銓,twse,橡膠工業,B07,mapped
2115,六暉-KY,twse,汽車工業,B06,mapped
2201,裕隆,twse,汽車工業,B06,mapped
2204,中華,twse,汽車工業,B06,mapped
2206,三陽工業,twse,汽車工業,B06,mapped
2207,和泰車,twse,汽車工業,B06,mapped
2208,台船,twse,航運業,,unmapped_category
2211,長榮鋼,twse,鋼鐵工業,B05,mapped
2221,大甲,tpex,其他,,umbrella_or_nonstock
2227,裕日車,twse,汽車工業,B06,mapped
2228,劍麟,twse,汽車工業,B06,mapped
2230,泰茂,tpex,居家生活類|電機機械,,ambiguous_excluded
2231,為升,twse,汽車工業,B06,mapped
2233,宇隆,twse,汽車工業,B06,mapped
2235,謚源,tpex,電機機械,B04,mapped
2236,百達-KY,twse,汽車工業,B06,mapped
2237,華德動能-創,twse,汽車工業,B06,mapped
2239,英利-KY,twse,汽車工業,B06,mapped
2241,艾姆勒,twse,汽車工業|電機機械,,ambiguous_excluded
2243,宏旭-KY,twse,汽車工業,B06,mapped
2247,汎德永業,twse,汽車工業,B06,mapped
2248,華勝-KY,twse,汽車工業,B06,mapped
2250,IKKA-KY,twse,汽車工業,B06,mapped
2254,巨鎧精密-創,twse,汽車工業,B06,mapped
2258,鴻華先進-創,twse,汽車工業,B06,mapped
2301,光寶科,twse,電腦及週邊設備業,B02,mapped
2302,麗正,twse,半導體業,B01,mapped
2303,聯電,twse,半導體業,B01,mapped
2305,全友,twse,電腦及週邊設備業,B02,mapped
2308,台達電,twse,電子零組件業,B01,mapped
2311,日月光,twse,半導體業,B01,mapped
2312,金寶,twse,其他電子業,,unmapped_category
2313,華通,twse,電子零組件業,B01,mapped
2314,台揚,twse,通信網路業,B02,mapped
2315,神達,twse,電腦及週邊設備業,B02,mapped
2316,楠梓電,twse,電子零組件業,B01,mapped
2317,鴻海,twse,其他電子業,,unmapped_category
2321,東訊,twse,通信網路業,B02,mapped
2323,中環,twse,光電業,B02,mapped
2324,仁寶,twse,電腦及週邊設備業,B02,mapped
2325,矽品,twse,半導體業,B01,mapped
2327,國巨*,twse,電子零組件業,B01,mapped
2328,廣宇,twse,電子零組件業,B01,mapped
2329,華泰,twse,半導體業,B01,mapped
2330,台積電,twse,半導體業,B01,mapped
2331,精英,twse,電腦及週邊設備業,B02,mapped
2332,友訊,twse,通信網路業,B02,mapped
2336,致伸,twse,電腦及週邊設備業,B02,mapped
2337,旺宏,twse,半導體業,B01,mapped
2338,光罩,twse,半導體業,B01,mapped
2340,台亞,twse,光電業|半導體業,,ambiguous_excluded
2341,英群,twse,電腦及週邊設備業,B02,mapped
2342,茂矽,twse,半導體業,B01,mapped
2344,華邦電,twse,半導體業,B01,mapped
2345,智邦,twse,通信網路業,B02,mapped
2347,聯強,twse,電子通路業,,unmapped_category
2348,海悅,twse,其他,,umbrella_or_nonstock
2348A,海悅甲特,twse,其他,,umbrella_or_nonstock
2349,錸德,twse,光電業,B02,mapped
2350,環電,twse,其他電子業,,unmapped_category
2351,順德,twse,半導體業,B01,mapped
2352,佳世達,twse,電腦及週邊設備業,B02,mapped
2353,宏碁,twse,電腦及週邊設備業,B02,mapped
2354,鴻準,twse,其他電子業,,unmapped_category
2355,敬鵬,twse,電子零組件業,B01,mapped
2356,英業達,twse,電腦及週邊設備業,B02,mapped
2357,華碩,twse,電腦及週邊設備業,B02,mapped
2358,廷鑫,twse,其他,,umbrella_or_nonstock
2359,所羅門,twse,其他電子業,,unmapped_category
2360,致茂,twse,其他電子業,,unmapped_category
2361,鴻友,twse,電腦及週邊設備業,B02,mapped
2362,藍天,twse,電腦及週邊設備業,B02,mapped
2363,矽統,twse,半導體業,B01,mapped
2364,倫飛,twse,電腦及週邊設備業,B02,mapped
2365,昆盈,twse,電腦及週邊設備業,B02,mapped
2367,燿華,twse,電子零組件業,B01,mapped
2368,金像電,twse,電子零組件業,B01,mapped
2369,菱生,twse,半導體業,B01,mapped
2371,大同,twse,電機機械,B04,mapped
2373,震旦行,twse,其他電子業,,unmapped_category
2374,佳能,twse,光電業,B02,mapped
2375,凱美,twse,電子零組件業,B01,mapped
2376,技嘉,twse,電腦及週邊設備業,B02,mapped
2377,微星,twse,電腦及週邊設備業,B02,mapped
2379,瑞昱,twse,半導體業,B01,mapped
2380,虹光,twse,電腦及週邊設備業,B02,mapped
2381,華宇,twse,電腦及週邊設備業,B02,mapped
2382,廣達,twse,電腦及週邊設備業,B02,mapped
2383,台光電,twse,電子零組件業,B01,mapped
2384,勝華,twse,光電業,B02,mapped
2385,群光,twse,電子零組件業,B01,mapped
2387,精元,twse,電腦及週邊設備業,B02,mapped
2388,威盛,twse,半導體業,B01,mapped
2390,云辰,twse,其他電子業,,unmapped_category
2391,合勤,twse,通信網路業,B02,mapped
2392,正崴,twse,電子零組件業,B01,mapped
2393,億光,twse,光電業,B02,mapped
2395,研華,twse,電腦及週邊設備業,B02,mapped
2396,精碟,twse,光電業,B02,mapped
2397,友通,twse,電腦及週邊設備業,B02,mapped
2399,映泰,twse,電腦及週邊設備業,B02,mapped
2401,凌陽,twse,半導體業,B01,mapped
2402,毅嘉,twse,電子零組件業,B01,mapped
2403,友尚,twse,電子通路業,,unmapped_category
2404,漢唐,twse,其他電子業,,unmapped_category
2405,輔信,twse,電腦及週邊設備業,B02,mapped
2406,國碩,twse,光電業,B02,mapped
2408,南亞科,twse,半導體業,B01,mapped
2409,友達,twse,光電業,B02,mapped
2411,飛瑞,twse,其他電子業,,unmapped_category
2412,中華電,twse,通信網路業,B02,mapped
2413,環科,twse,電子零組件業,B01,mapped
2414,精技,twse,電子通路業,,unmapped_category
2415,錩新,twse,電子零組件業,B01,mapped
2417,圓剛,twse,電腦及週邊設備業,B02,mapped
2418,雅新,twse,電子工業,,umbrella_or_nonstock
2419,仲琦,twse,通信網路業,B02,mapped
2420,新巨,twse,電子零組件業,B01,mapped
2421,建準,twse,電子零組件業,B01,mapped
2423,固緯,twse,其他電子業,,unmapped_category
2424,隴華,twse,通信網路業|電腦及週邊設備業,B02,mapped
2425,承啟,twse,電腦及週邊設備業,B02,mapped
2426,鼎元,twse,光電業,B02,mapped
2427,三商電,twse,資訊服務業,,unmapped_category
2428,興勤,twse,電子零組件業,B01,mapped
2429,銘旺科,twse,光電業|電子零組件業,,ambiguous_excluded
2430,燦坤,twse,電子通路業,,unmapped_category
2431,聯昌,twse,電子零組件業,B01,mapped
2432,倚天,twse,通信網路業|電腦及週邊設備業,B02,mapped
2433,互盛電,twse,其他電子業,,unmapped_category
2434,統懋,twse,半導體業,B01,mapped
2436,偉詮電,twse,半導體業,B01,mapped
2437,旺詮,twse,電子零組件業,B01,mapped
2438,翔耀,twse,光電業,B02,mapped
2439,美律,twse,通信網路業,B02,mapped
2440,太空梭,twse,電子零組件業,B01,mapped
2441,超豐,twse,半導體業,B01,mapped
2442,新美齊,twse,建材營造|電腦及週邊設備業,,ambiguous_excluded
2443,昶虹,twse,其他,,umbrella_or_nonstock
2444,兆勁,twse,通信網路業,B02,mapped
2446,全懋,twse,半導體業,B01,mapped
2447,鼎新,twse,資訊服務業,,unmapped_category
2448,晶電,twse,光電業,B02,mapped
2449,京元電子,twse,半導體業,B01,mapped
2450,神腦,twse,通信網路業,B02,mapped
2451,創見,twse,半導體業,B01,mapped
2452,乾坤,twse,電子零組件業,B01,mapped
2453,凌群,twse,資訊服務業,,unmapped_category
2454,聯發科,twse,半導體業,B01,mapped
2455,全新,twse,通信網路業,B02,mapped
2456,奇力新,twse,電子零組件業,B01,mapped
2457,飛宏,twse,電子零組件業,B01,mapped
2458,義隆,twse,半導體業,B01,mapped
2459,敦吉,twse,其他電子業|電子通路業,,ambiguous_excluded
2460,建通,twse,電子零組件業,B01,mapped
2461,光群雷,twse,其他電子業,,unmapped_category
2462,良得電,twse,電子零組件業,B01,mapped
2463,研揚,twse,電腦及週邊設備業,B02,mapped
2464,盟立,twse,其他電子業,,unmapped_category
2465,麗臺,twse,電腦及週邊設備業,B02,mapped
2466,冠西電,twse,光電業,B02,mapped
2467,志聖,twse,電子零組件業,B01,mapped
2468,華經,twse,資訊服務業,,unmapped_category
2469,力信,twse,電子零組件業,B01,mapped
2471,資通,twse,資訊服務業,,unmapped_category
2472,立隆電,twse,電子零組件業,B01,mapped
2473,思源,twse,半導體業,B01,mapped
2474,可成,twse,其他電子業,,unmapped_category
2475,華映,twse,光電業,B02,mapped
2476,鉅祥,twse,電子零組件業,B01,mapped
2477,美隆電,twse,其他電子業,,unmapped_category
2478,大毅,twse,電子零組件業,B01,mapped
2479,和立,twse,電子工業,,umbrella_or_nonstock
2480,敦陽科,twse,資訊服務業,,unmapped_category
2481,強茂,twse,半導體業,B01,mapped
2482,連宇,twse,其他電子業,,unmapped_category
2483,百容,twse,電子零組件業,B01,mapped
2484,希華,twse,電子零組件業,B01,mapped
2485,兆赫,twse,通信網路業,B02,mapped
2486,一詮,twse,光電業,B02,mapped
2488,漢平,twse,其他電子業,,unmapped_category
2489,瑞軒,twse,光電業,B02,mapped
2491,吉祥全,twse,光電業,B02,mapped
2492,華新科,twse,電子零組件業,B01,mapped
2493,揚博,twse,電子零組件業,B01,mapped
2494,廣業科,twse,通信網路業,B02,mapped
2495,普安,twse,其他電子業|電腦及週邊設備業,,ambiguous_excluded
2496,卓越,twse,其他,,umbrella_or_nonstock
2497,怡利電,twse,汽車工業,B06,mapped
2498,宏達電,twse,通信網路業,B02,mapped
2499,東貝,twse,光電業,B02,mapped
2501,國建,twse,建材營造,,unmapped_category
2504,國產,twse,建材營造,,unmapped_category
2505,國揚,twse,建材營造,,unmapped_category
2506,太設,twse,建材營造,,unmapped_category
2509,全坤建,twse,建材營造,,unmapped_category
2511,太子,twse,建材營造,,unmapped_category
2514,龍邦,twse,其他,,umbrella_or_nonstock
2515,中工,twse,建材營造,,unmapped_category
2516,新建,twse,建材營造,,unmapped_category
2520,冠德,twse,建材營造,,unmapped_category
2524,京城,twse,建材營造,,unmapped_category
2526,大陸,twse,建材營造,,unmapped_category
2527,宏璟,twse,建材營造,,unmapped_category
2528,皇普,twse,建材營造,,unmapped_category
2530,華建,twse,建材營造,,unmapped_category
2534,宏盛,twse,建材營造,,unmapped_category
2535,達欣工,twse,建材營造,,unmapped_category
2536,宏普,twse,建材營造,,unmapped_category
2537,聯上發,twse,建材營造,,unmapped_category
2538,基泰,twse,建材營造,,unmapped_category
2539,櫻花建,twse,建材營造,,unmapped_category
2540,愛山林,twse,建材營造,,unmapped_category
2542,興富發,twse,建材營造,,unmapped_category
2543,皇昌,twse,建材營造,,unmapped_category
2545,皇翔,twse,建材營造,,unmapped_category
2546,根基,twse,建材營造,,unmapped_category
2547,日勝生,twse,建材營造,,unmapped_category
2548,華固,twse,建材營造,,unmapped_category
2596,綠意,tpex,建材營造,,unmapped_category
2597,潤弘,twse,建材營造,,unmapped_category
2601,益航,twse,航運業|貿易百貨,,ambiguous_excluded
2603,長榮,twse,航運業,,unmapped_category
2605,新興,twse,航運業,,unmapped_category
2606,裕民,twse,航運業,,unmapped_category
2607,榮運,twse,航運業,,unmapped_category
2608,嘉里大榮,twse,航運業,,unmapped_category
2609,陽明,twse,航運業,,unmapped_category
2610,華航,twse,航運業,,unmapped_category
2611,志信,twse,航運業,,unmapped_category
2612,中航,twse,航運業,,unmapped_category
2613,中櫃,twse,航運業,,unmapped_category
2614,東森,twse,貿易百貨,,unmapped_category
2615,萬海,twse,航運業,,unmapped_category
2616,山隆,twse,油電燃氣業,,unmapped_category
2617,台航,twse,航運業,,unmapped_category
2618,長榮航,twse,航運業,,unmapped_category
2630,亞航,twse,航運業,,unmapped_category
2633,台灣高鐵,twse,航運業,,unmapped_category
2634,漢翔,twse,航運業,,unmapped_category
2636,台驊控股,twse,航運業,,unmapped_category
2637,慧洋-KY,twse,航運業,,unmapped_category
2640,大車隊,tpex,數位雲端類,,unmapped_category
2641,正德,tpex,航運業,,unmapped_category
2642,宅配通,twse,航運業,,unmapped_category
2643,捷迅,tpex,航運業,,unmapped_category
2645,長榮航太,twse,航運業,,unmapped_category
2646,星宇航空,twse,航運業,,unmapped_category
2701,萬企,twse,觀光事業|觀光餐旅,,ambiguous_excluded
2702,華園,twse,觀光事業|觀光餐旅,,ambiguous_excluded
2704,國賓,twse,觀光事業|觀光餐旅,,ambiguous_excluded
2705,六福,twse,觀光事業|觀光餐旅,,ambiguous_excluded
2706,第一店,twse,觀光事業|觀光餐旅,,ambiguous_excluded
2707,晶華,twse,觀光事業|觀光餐旅,,ambiguous_excluded
2712,遠雄來,twse,觀光事業|觀光餐旅,,ambiguous_excluded
2718,晶悅,tpex,建材營造|觀光事業|觀光餐旅,,ambiguous_excluded
2719,燦星旅,tpex,觀光事業|觀光餐旅,,ambiguous_excluded
2722,夏都,twse,觀光事業|觀光餐旅,,ambiguous_excluded
2723,美食-KY,twse,觀光事業|觀光餐旅,,ambiguous_excluded
2724,富驛-KY,tpex,觀光事業|觀光餐旅,,ambiguous_excluded
2726,雅茗-KY,tpex,觀光事業|觀光餐旅,,ambiguous_excluded
2727,王品,twse,觀光事業|觀光餐旅,,ambiguous_excluded
2729,瓦城,tpex,觀光事業|觀光餐旅,,ambiguous_excluded
2731,雄獅,twse,觀光事業|觀光餐旅,,ambiguous_excluded
2732,六角,tpex,觀光事業|觀光餐旅,,ambiguous_excluded
2734,易飛網,tpex,觀光事業|觀光餐旅,,ambiguous_excluded
2736,富野,tpex,觀光事業|觀光餐旅,,ambiguous_excluded
2739,寒舍,twse,觀光事業|觀光餐旅,,ambiguous_excluded
2740,天蔥,tpex,觀光事業|觀光餐旅,,ambiguous_excluded
2743,山富,tpex,觀光事業|觀光餐旅,,ambiguous_excluded
2745,五福,tpex,觀光事業|觀光餐旅,,ambiguous_excluded
2748,雲品,twse,觀光事業|觀光餐旅,,ambiguous_excluded
2751,王座,tpex,觀光餐旅,,unmapped_category
2752,豆府,tpex,觀光事業|觀光餐旅,,ambiguous_excluded
2753,八方雲集,twse,觀光事業|觀光餐旅,,ambiguous_excluded
2754,亞洲藏壽司,tpex,觀光事業|觀光餐旅,,ambiguous_excluded
2755,揚秦,tpex,觀光事業|觀光餐旅,,ambiguous_excluded
2756,聯發國際,tpex,觀光事業|觀光餐旅,,ambiguous_excluded
2762,世界健身-KY,twse,運動休閒,,unmapped_category
2801,彰銀,twse,金融保險,,unmapped_category
2807,竹商銀,twse,金融保險,,unmapped_category
2809,京城銀,twse,金融保險,,unmapped_category
2812,台中銀,twse,金融保險,,unmapped_category
2816,旺旺保,twse,金融保險,,unmapped_category
2820,華票,twse,金融保險,,unmapped_category
2823,中壽,twse,金融保險,,unmapped_category
2827,中聯,twse,金融保險,,unmapped_category
2831,中華銀,twse,金融保險,,unmapped_category
2832,台產,twse,金融保險,,unmapped_category
2833,台壽保,twse,金融保險,,unmapped_category
2833A,台壽甲,twse,金融保險,,unmapped_category
2834,臺企銀,twse,金融保險,,unmapped_category
2836,高雄銀,twse,金融保險,,unmapped_category
2836A,高雄銀甲特,twse,金融保險,,unmapped_category
2837,萬泰銀,twse,金融保險,,unmapped_category
2838,聯邦銀,twse,金融保險,,unmapped_category
2838A,聯邦銀甲特,twse,金融保險,,unmapped_category
2841,台開,twse,建材營造,,unmapped_category
2845,遠東銀,twse,金融保險,,unmapped_category
2847,大眾銀,twse,金融保險,,unmapped_category
2849,安泰銀,twse,金融保險,,unmapped_category
2850,新產,twse,金融保險,,unmapped_category
2851,中再保,twse,金融保險,,unmapped_category
2852,第一保,twse,金融保險,,unmapped_category
2854,寶來證,twse,金融保險,,unmapped_category
2855,統一證,twse,金融保險,,unmapped_category
2856,元富證,twse,金融保險,,unmapped_category
2867,三商壽,twse,金融保險,,unmapped_category
2880,華南金,twse,金融保險,,unmapped_category
2881,富邦金,twse,金融保險,,unmapped_category
2881A,富邦特,twse,金融保險,,unmapped_category
2881B,富邦金乙特,twse,金融保險,,unmapped_category
2881C,富邦金丙特,twse,金融保險,,unmapped_category
2882,國泰金,twse,金融保險,,unmapped_category
2882A,國泰特,twse,金融保險,,unmapped_category
2882B,國泰金乙特,twse,金融保險,,unmapped_category
2883,凱基金,twse,金融保險,,unmapped_category
2883A,開發特,twse,金融保險,,unmapped_category
2883B,凱基金乙特,twse,金融保險,,unmapped_category
2884,玉山金,twse,金融保險,,unmapped_category
2885,元大金,twse,金融保險,,unmapped_category
2886,兆豐金,twse,金融保險,,unmapped_category
2887,台新新光金,twse,金融保險,,unmapped_category
2887C,新丙特,twse,金融保險,,unmapped_category
2887E,台新新光戊特一,twse,金融保險,,unmapped_category
2887F,台新新光戊特二,twse,金融保險,,unmapped_category
2887G,台新新光庚特一,twse,金融保險,,unmapped_category
2887H,台新新光庚特二,twse,金融保險,,unmapped_category
2887I,台新新光辛特,twse,金融保險,,unmapped_category
2887Z1,台新新光己特,twse,金融保險,,unmapped_category
2888,新光金,twse,金融保險,,unmapped_category
2888A,新光金甲特,twse,金融保險,,unmapped_category
2888B,新光金乙特,twse,金融保險,,unmapped_category
2889,國票金,twse,金融保險,,unmapped_category
2890,永豐金,twse,金融保險,,unmapped_category
2891,中信金,twse,金融保險,,unmapped_category
2891A,中信特,twse,金融保險,,unmapped_category
2891B,中信金乙特,twse,金融保險,,unmapped_category
2891C,中信金丙特,twse,金融保險,,unmapped_category
2892,第一金,twse,金融保險,,unmapped_category
2897,王道銀行,twse,金融保險,,unmapped_category
2897A,王道銀甲特,twse,金融保險,,unmapped_category
2897B,王道銀乙特,twse,金融保險,,unmapped_category
2901,欣欣,twse,貿易百貨,,unmapped_category
2903,遠百,twse,貿易百貨,,unmapped_category
2904,匯僑,twse,其他,,umbrella_or_nonstock
2905,三商,twse,貿易百貨,,unmapped_category
2906,高林,twse,貿易百貨,,unmapped_category
2908,特力,twse,貿易百貨,,unmapped_category
2910,統領,twse,貿易百貨,,unmapped_category
2911,麗嬰房,twse,貿易百貨,,unmapped_category
2912,統一超,twse,貿易百貨,,unmapped_category
2913,農林,twse,貿易百貨,,unmapped_category
2915,潤泰全,twse,貿易百貨,,unmapped_category
2916,滿心,tpex,居家生活類|貿易百貨,,ambiguous_excluded
2923,鼎固-KY,twse,建材營造,,unmapped_category
2924,宏太-KY,tpex,居家生活類|貿易百貨,,ambiguous_excluded
2926,誠品生活,tpex,文化創意業,,unmapped_category
2928,紅馬-KY,tpex,觀光事業,,unmapped_category
2929,淘帝-KY,twse,貿易百貨,,unmapped_category
2936,客思達-KY,twse,貿易百貨,,unmapped_category
2937,集雅社,tpex,居家生活類|貿易百貨,,ambiguous_excluded
2939,永邑-KY,twse,貿易百貨,,unmapped_category
2941,米斯特,tpex,居家生活類,,unmapped_category
2945,三商家購,twse,貿易百貨,,unmapped_category
2947,振宇五金,tpex,居家生活類|貿易百貨,,ambiguous_excluded
2948,寶陞,tpex,居家生活類,,unmapped_category
2949,欣新網,tpex,數位雲端類,,unmapped_category
3002,歐格,twse,電腦及週邊設備業,B02,mapped
3003,健和興,twse,電子零組件業,B01,mapped
3004,豐達科,twse,鋼鐵工業,B05,mapped
3005,神基,twse,電腦及週邊設備業,B02,mapped
3006,晶豪科,twse,半導體業,B01,mapped
3007,綠點,twse,電子工業,,umbrella_or_nonstock
3008,大立光,twse,光電業,B02,mapped
3009,奇美電,twse,光電業,B02,mapped
3010,華立,twse,電子通路業,,unmapped_category
3011,今皓,twse,電子零組件業,B01,mapped
3013,晟銘電,twse,電腦及週邊設備業,B02,mapped
3014,聯陽,twse,半導體業,B01,mapped
3015,全漢,twse,電子零組件業,B01,mapped
3016,嘉晶,twse,半導體業,B01,mapped
3017,奇鋐,twse,電腦及週邊設備業,B02,mapped
3018,隆銘綠能,twse,其他電子業,,unmapped_category
3019,亞光,twse,光電業,B02,mapped
3020,奇普仕,twse,電子通路業,,unmapped_category
3021,鴻名,twse,電子零組件業,B01,mapped
3022,威強電,twse,電腦及週邊設備業,B02,mapped
3023,信邦,twse,電子零組件業,B01,mapped
3024,憶聲,twse,光電業,B02,mapped
3025,星通,twse,通信網路業,B02,mapped
3026,禾伸堂,twse,電子零組件業,B01,mapped
3027,盛達,twse,通信網路業,B02,mapped
3028,增你強,twse,電子通路業,,unmapped_category
3029,零壹,twse,資訊服務業,,unmapped_category
3030,德律,twse,其他電子業,,unmapped_category
3031,佰鴻,twse,光電業,B02,mapped
3032,偉訓,twse,電子零組件業,B01,mapped
3033,威健,twse,電子通路業,,unmapped_category
3034,聯詠,twse,半導體業,B01,mapped
3035,智原,twse,半導體業,B01,mapped
3036,文曄,twse,電子通路業,,unmapped_category
3036A,文曄甲特,twse,電子通路業,,unmapped_category
3037,欣興,twse,電子零組件業,B01,mapped
3038,全台,twse,光電業,B02,mapped
3040,遠見,twse,其他,,umbrella_or_nonstock
3041,揚智,twse,半導體業,B01,mapped
3042,晶技,twse,電子零組件業,B01,mapped
3043,科風,twse,其他電子業,,unmapped_category
3044,健鼎,twse,電子零組件業,B01,mapped
3045,台灣大,twse,通信網路業,B02,mapped
3046,建碁,twse,電腦及週邊設備業,B02,mapped
3047,訊舟,twse,通信網路業,B02,mapped
3048,益登,twse,電子通路業,,unmapped_category
3049,精金,twse,光電業,B02,mapped
3050,鈺德,twse,光電業,B02,mapped
3051,力特,twse,光電業,B02,mapped
3052,夆典,twse,建材營造,,unmapped_category
3053,鼎營,twse,其他電子業,,unmapped_category
3054,立萬利,twse,半導體業|食品工業,,ambiguous_excluded
3055,蔚華科,twse,電子通路業,,unmapped_category
3056,富華新,twse,建材營造,,unmapped_category
3057,喬鼎,twse,電腦及週邊設備業,B02,mapped
3058,立德,twse,電子零組件業,B01,mapped
3059,華晶科,twse,光電業,B02,mapped
3060,銘異,twse,電腦及週邊設備業,B02,mapped
3061,璨圓,twse,光電業,B02,mapped
3062,建漢,twse,通信網路業,B02,mapped
3063,飛信,twse,半導體業,B01,mapped
3064,泰偉,tpex,文化創意業,,unmapped_category
3066,李洲,tpex,光電業,B02,mapped
3067,全域,tpex,其他電子類|居家生活類,,ambiguous_excluded
3071,協禧,tpex,電腦及週邊設備業,B02,mapped
3073,天方能源,tpex,半導體業|綠能環保類,,ambiguous_excluded
3078,僑威,tpex,電子零組件業,B01,mapped
3080,威力盟,twse,光電業,B02,mapped
3081,聯亞,tpex,通信網路業,B02,mapped
3083,網龍,tpex,文化創意業,,unmapped_category
3085,新零售,tpex,數位雲端類|電子商務業,,ambiguous_excluded
3086,華義*,tpex,文化創意業,,unmapped_category
3088,艾訊,tpex,電腦及週邊設備業,B02,mapped
3089,億杰,tpex,電子零組件業,B01,mapped
3090,日電貿,twse,電子零組件業,B01,mapped
3092,鴻碩,tpex,電子零組件業,B01,mapped
3093,港建*,tpex,其他電子類,,unmapped_category
3094,聯傑,twse,半導體業,B01,mapped
3095,及成,tpex,通信網路業,B02,mapped
3105,穩懋,tpex,半導體業,B01,mapped
3114,好德,tpex,電子零組件業,B01,mapped
3115,富榮綱,tpex,電子零組件業,B01,mapped
3118,進階,tpex,生技醫療業,B13,mapped
3122,笙泉,tpex,半導體業,B01,mapped
3128,昇銳,tpex,光電業,B02,mapped
3130,一零四,twse,數位雲端|資訊服務業,,ambiguous_excluded
3131,弘塑,tpex,其他電子類|半導體業,,ambiguous_excluded
3135,凌航,twse,半導體業,B01,mapped
3138,耀登,twse,通信網路業,B02,mapped
3141,晶宏,tpex,半導體業,B01,mapped
3142,遠茂,twse,電子工業,,umbrella_or_nonstock
3144,新揚科,tpex,電子零組件業,B01,mapped
3147,大綜,tpex,資訊服務業,,unmapped_category
3149,正達,twse,光電業,B02,mapped
3150,鈺寶-創,twse,半導體業,B01,mapped
3152,璟德,tpex,通信網路業,B02,mapped
3158,嘉實,tpex,資訊服務業,,unmapped_category
3162,精確,tpex,電機機械,B04,mapped
3163,波若威,tpex,通信網路業,B02,mapped
3164,景岳,twse,生技醫療業,B13,mapped
3167,大量,twse,電機機械,B04,mapped
3168,眾福科,twse,光電業,B02,mapped
3169,亞信,tpex,半導體業,B01,mapped
3171,新洲,tpex,居家生活類|貿易百貨,,ambiguous_excluded
3176,基亞,tpex,生技醫療業,B13,mapped
3178,公準,tpex,半導體業|電機機械,,ambiguous_excluded
3188,鑫龍騰,tpex,建材營造,,unmapped_category
3189,景碩,twse,半導體業,B01,mapped
3191,雲嘉南,tpex,電子零組件業,B01,mapped
3202,樺晟,tpex,電子零組件業,B01,mapped
3205,佰研,tpex,生技醫療業,B13,mapped
3206,志豐,tpex,電子零組件業,B01,mapped
3207,耀勝,tpex,電子零組件業,B01,mapped
3209,全科,twse,電子通路業,,unmapped_category
3211,順達,tpex,電腦及週邊設備業,B02,mapped
3213,茂訊,tpex,電腦及週邊設備業,B02,mapped
3214,元砷,twse,電子工業,,umbrella_or_nonstock
3217,優群,tpex,電子零組件業,B01,mapped
3218,大學光,tpex,生技醫療業,B13,mapped
3219,倚強股份,tpex,其他電子類|半導體業,,ambiguous_excluded
3221,台嘉碩,tpex,通信網路業,B02,mapped
3224,三顧,tpex,電子通路業,,unmapped_category
3226,龍鋒,tpex,電機機械,B04,mapped
3227,原相,tpex,半導體業,B01,mapped
3228,金麗科,tpex,半導體業,B01,mapped
3229,晟鈦,twse,電子零組件業,B01,mapped
3230,錦明,tpex,光電業,B02,mapped
3231,緯創,twse,電腦及週邊設備業,B02,mapped
3232,昱捷,tpex,電子通路業,,unmapped_category
3234,光環,tpex,通信網路業,B02,mapped
3236,千如,tpex,電子零組件業,B01,mapped
3252,海灣,tpex,觀光事業|觀光餐旅,,ambiguous_excluded
3257,虹冠電,twse,半導體業,B01,mapped
3259,鑫創,tpex,半導體業,B01,mapped
3260,威剛,tpex,半導體業,B01,mapped
3264,欣銓,tpex,半導體業,B01,mapped
3265,台星科,tpex,半導體業,B01,mapped
3266,昇陽,twse,建材營造,,unmapped_category
3268,海德威,tpex,半導體業,B01,mapped
3271,其樂達,twse,半導體業,B01,mapped
3272,東碩,tpex,電腦及週邊設備業,B02,mapped
3276,宇環,tpex,電子零組件業,B01,mapped
3284,太普高,tpex,其他,,umbrella_or_nonstock
3285,微端,tpex,其他電子類,,unmapped_category
3287,廣寰科,tpex,電腦及週邊設備業,B02,mapped
3288,點晶,tpex,電子零組件業,B01,mapped
3289,宜特,tpex,其他電子類,,unmapped_category
3290,東浦,tpex,電子零組件業,B01,mapped
3293,鈊象,tpex,文化創意業,,unmapped_category
3294,英濟,tpex,電子零組件業,B01,mapped
3296,勝德,twse,電子零組件業,B01,mapped
3297,杭特,tpex,光電業,B02,mapped
3303,岱稜,tpex,其他電子類,,unmapped_category
3305,昇貿,twse,其他電子業,,unmapped_category
3306,鼎天,tpex,通信網路業,B02,mapped
3308,聯德,twse,電子零組件業,B01,mapped
3310,佳穎,tpex,電子零組件業,B01,mapped
3311,閎暉,twse,通信網路業,B02,mapped
3312,弘憶股,twse,電子通路業,,unmapped_category
3313,斐成,tpex,建材營造|電子零組件業,,ambiguous_excluded
3315,宣昶,twse,電子通路業,,unmapped_category
3317,尼克森,tpex,半導體業,B01,mapped
3321,同泰,twse,電子零組件業,B01,mapped
3322,建舜電,tpex,電子零組件業,B01,mapped
3323,加百裕,tpex,電腦及週邊設備業,B02,mapped
3324,雙鴻,tpex,其他電子類,,unmapped_category
3325,旭品,tpex,電腦及週邊設備業,B02,mapped
3332,幸康,tpex,電子零組件業,B01,mapped
3338,泰碩,twse,電子零組件業,B01,mapped
3339,泰谷,tpex,光電業,B02,mapped
3346,麗清,twse,汽車工業,B06,mapped
3349,寶德,tpex,電腦及週邊設備業,B02,mapped
3354,律勝,tpex,電子零組件業,B01,mapped
3356,奇偶,twse,光電業,B02,mapped
3357,臺慶科,tpex,電子零組件業,B01,mapped
3360,尚立,tpex,電子通路業,,unmapped_category
3362,先進光,tpex,光電業,B02,mapped
3363,上詮,tpex,通信網路業,B02,mapped
3367,英華達,twse,其他電子業,,unmapped_category
3372,典範,tpex,半導體業,B01,mapped
3373,熱映,tpex,其他電子類,,unmapped_category
3374,精材,tpex,半導體業,B01,mapped
3376,新日興,twse,電子零組件業,B01,mapped
3379,彬台,tpex,電機機械,B04,mapped
3380,明泰,twse,通信網路業,B02,mapped
3383,新世紀,twse,光電業,B02,mapped
3388,崇越電,tpex,電子零組件業,B01,mapped
3390,旭軟,tpex,電子零組件業,B01,mapped
3402,漢科,tpex,其他電子類,,unmapped_category
3406,玉晶光,twse,光電業,B02,mapped
3413,京鼎,twse,半導體業,B01,mapped
3416,融程電,twse,電腦及週邊設備業,B02,mapped
3419,譁裕,twse,通信網路業,B02,mapped
3426,台興,tpex,電機機械,B04,mapped
3430,奇鈦科,tpex,化學工業,B08,mapped
3432,台端,twse,電子零組件業,B01,mapped
3434,哲固,tpex,光電業,B02,mapped
3437,榮創,twse,光電業,B02,mapped
3438,類比科,tpex,半導體業,B01,mapped
3441,聯一光,tpex,光電業,B02,mapped
3443,創意,twse,半導體業,B01,mapped
3444,利機,tpex,電子通路業,,unmapped_category
3447,展達,twse,通信網路業,B02,mapped
3450,聯鈞,twse,其他電子業|半導體業,,ambiguous_excluded
3454,晶睿,twse,光電業,B02,mapped
3455,由田,tpex,光電業,B02,mapped
3465,進泰電子,tpex,其他電子類|電子零組件業,,ambiguous_excluded
3466,德晉,tpex,通信網路業,B02,mapped
3467,台灣精材,tpex,半導體業,B01,mapped
3474,華亞科,twse,半導體業,B01,mapped
3479,安勤,tpex,電腦及週邊設備業,B02,mapped
3481,群創,twse,光電業,B02,mapped
3483,力致,tpex,電腦及週邊設備業,B02,mapped
3484,崧騰,tpex,電子零組件業,B01,mapped
3485,敘豐,tpex,電子零組件業,B01,mapped
3489,森寶,tpex,建材營造,,unmapped_category
3490,單井,tpex,光電業,B02,mapped
3491,昇達科,tpex,通信網路業,B02,mapped
3492,長盛,tpex,電子零組件業,B01,mapped
3494,誠研,twse,電腦及週邊設備業,B02,mapped
3498,陽程,tpex,其他電子類,,unmapped_category
3499,環天科,tpex,通信網路業,B02,mapped
3501,維熹,twse,電子零組件業,B01,mapped
3504,揚明光,twse,光電業,B02,mapped
3508,位速,tpex,其他電子類,,unmapped_category
3511,矽瑪,tpex,電子零組件業,B01,mapped
3512,皇龍,tpex,建材營造|電子零組件業,,ambiguous_excluded
3514,昱晶,twse,光電業,B02,mapped
3515,華擎,twse,電腦及週邊設備業,B02,mapped
3516,亞帝歐,tpex,光電業,B02,mapped
3518,柏騰,twse,其他電子業,,unmapped_category
3519,綠能,twse,半導體業,B01,mapped
3520,華盈,tpex,電子零組件業,B01,mapped
3521,鴻翊,tpex,建材營造|電腦及週邊設備業,,ambiguous_excluded
3522,御頂,tpex,觀光事業|觀光餐旅,,ambiguous_excluded
3523,迎輝,tpex,光電業,B02,mapped
3526,凡甲,tpex,電子零組件業,B01,mapped
3527,聚積,tpex,半導體業,B01,mapped
3528,安馳,twse,電子通路業,,unmapped_category
3529,力旺,tpex,半導體業,B01,mapped
3530,晶相光,twse,半導體業,B01,mapped
3531,先益,tpex,光電業,B02,mapped
3532,台勝科,twse,半導體業,B01,mapped
3533,嘉澤,twse,電子零組件業,B01,mapped
3534,雷凌,twse,半導體業,B01,mapped
3535,晶彩科,twse,光電業,B02,mapped
3536,誠創,twse,半導體業,B01,mapped
3537,堡達,tpex,電子零組件業,B01,mapped
3540,曜越,tpex,電腦及週邊設備業,B02,mapped
3541,西柏,tpex,其他電子類,,unmapped_category
3543,州巧,twse,光電業,B02,mapped
3545,敦泰,twse,半導體業,B01,mapped
3546,宇峻,tpex,文化創意業,,unmapped_category
3548,兆利,tpex,電子零組件業,B01,mapped
3550,聯穎,twse,電子零組件業,B01,mapped
3551,世禾,tpex,其他電子類|綠能環保類,,ambiguous_excluded
3552,同致,tpex,其他電子類,,unmapped_category
3555,博士旺,tpex,半導體業,B01,mapped
3556,禾瑞亞,tpex,半導體業,B01,mapped
3557,嘉威,twse,居家生活,,unmapped_category
3558,神準,tpex,通信網路業,B02,mapped
3559,全智科,twse,半導體業,B01,mapped
3561,昇陽光電,twse,光電業,B02,mapped
3563,牧德,twse,光電業,B02,mapped
3564,其陽,tpex,通信網路業,B02,mapped
3567,逸昌,tpex,半導體業,B01,mapped
3570,大塚,tpex,資訊服務業,,unmapped_category
3573,穎台,twse,光電業,B02,mapped
3576,聯合再生,twse,光電業,B02,mapped
3577,泓格,tpex,電腦及週邊設備業,B02,mapped
3579,尚志,twse,半導體業,B01,mapped
3580,友威科,tpex,其他電子類,,unmapped_category
3581,博磊,tpex,半導體業,B01,mapped
3583,辛耘,twse,半導體業,B01,mapped
3584,介面,twse,光電業,B02,mapped
3587,閎康,tpex,其他電子類,,unmapped_category
3588,通嘉,twse,半導體業,B01,mapped
3591,艾笛森,twse,光電業,B02,mapped
3592,瑞鼎,twse,半導體業,B01,mapped
3593,力銘,twse,電子零組件業,B01,mapped
3594,磐儀,tpex,電腦及週邊設備業,B02,mapped
3596,智易,twse,通信網路業,B02,mapped
3597,映興,tpex,電子零組件業,B01,mapped
3598,奕力,twse,半導體業,B01,mapped
3599,旺能,twse,光電業,B02,mapped
3605,宏致,twse,電子零組件業,B01,mapped
3607,谷崧,twse,電子零組件業,B01,mapped
3609,三一東林,tpex,電子零組件業,B01,mapped
3611,鼎翰,tpex,電腦及週邊設備業,B02,mapped
3614,誠致,twse,半導體業,B01,mapped
3615,安可,tpex,光電業,B02,mapped
3617,碩天,twse,其他電子業,,unmapped_category
3622,洋華,twse,光電業,B02,mapped
3623,富晶通,tpex,光電業,B02,mapped
3624,光頡,tpex,電子零組件業,B01,mapped
3625,西勝,tpex,電腦及週邊設備業,B02,mapped
3628,盈正,tpex,其他電子類,,unmapped_category
3629,地心引力,tpex,光電業|文化創意業,,ambiguous_excluded
3630,新鉅科,tpex,光電業,B02,mapped
3631,晟楠,tpex,電子零組件業,B01,mapped
3632,研勤,tpex,通信網路業,B02,mapped
3638,F-IML,twse,半導體業,B01,mapped
3642,駿熠電,tpex,其他電子類,,unmapped_category
3645,達邁,twse,電子零組件業,B01,mapped
3646,艾恩特,tpex,電子零組件業,B01,mapped
3652,精聯,tpex,電腦及週邊設備業,B02,mapped
3653,健策,twse,電子零組件業,B01,mapped
3661,世芯-KY,twse,半導體業,B01,mapped
3663,鑫科,tpex,其他電子類,,unmapped_category
3664,安瑞-KY,tpex,通信網路業,B02,mapped
3665,貿聯-KY,twse,其他電子業,,unmapped_category
3666,光耀,tpex,光電業,B02,mapped
3669,圓展,twse,光電業|通信網路業,B02,mapped
3672,康聯訊,tpex,通信網路業,B02,mapped
3673,TPK-KY,twse,光電業,B02,mapped
3675,德微,tpex,半導體業,B01,mapped
3679,新至陞,twse,電子零組件業,B01,mapped
3680,家登,tpex,半導體業,B01,mapped
3682,亞太電,twse,通信網路業,B02,mapped
3684,榮昌,tpex,通信網路業,B02,mapped
3685,元創精密,tpex,光電業|電機機械,,ambiguous_excluded
3686,達能,twse,半導體業,B01,mapped
3687,歐買尬,tpex,數位雲端類|文化創意業|電子商務業,,ambiguous_excluded
3689,湧德,tpex,電子零組件業,B01,mapped
3691,碩禾,tpex,光電業,B02,mapped
3693,營邦,tpex,電腦及週邊設備業,B02,mapped
3694,海華,twse,通信網路業,B02,mapped
3697,F-晨星,twse,半導體業,B01,mapped
3698,隆達,twse,光電業,B02,mapped
3701,大眾控,twse,電腦及週邊設備業,B02,mapped
3702,大聯大,twse,電子通路業,,unmapped_category
3702A,大聯大甲特,twse,電子通路業,,unmapped_category
3703,欣陸,twse,建材營造,,unmapped_category
3704,合勤控,twse,通信網路業,B02,mapped
3705,永信,twse,生技醫療業,B13,mapped
3706,神達,twse,電腦及週邊設備業,B02,mapped
3707,漢磊,tpex,半導體業,B01,mapped
3708,上緯投控,twse,化學工業|綠能環保,,ambiguous_excluded
3709,鑫聯大投控,tpex,電腦及週邊設備業,B02,mapped
3710,連展投控,tpex,電子零組件業,B01,mapped
3711,日月光投控,twse,半導體業,B01,mapped
3712,永崴投控,twse,電腦及週邊設備業,B02,mapped
3713,新晶投控,tpex,光電業|綠能環保類,,ambiguous_excluded
3714,富采,twse,光電業,B02,mapped
3715,定穎投控,twse,電子零組件業,B01,mapped
3716,中化控股,twse,生技醫療業,B13,mapped
3717,聯嘉投控,twse,汽車工業,B06,mapped
4102,永日,tpex,生技醫療業,B13,mapped
4104,佳醫,twse,生技醫療業,B13,mapped
4105,東洋,tpex,生技醫療業,B13,mapped
4106,雃博,twse,生技醫療業,B13,mapped
4107,邦特,tpex,生技醫療業,B13,mapped
4108,懷特,twse,生技醫療業,B13,mapped
4109,加捷生醫,tpex,生技醫療業,B13,mapped
4111,濟生,tpex,生技醫療業,B13,mapped
4113,聯上,tpex,建材營造,,unmapped_category
4114,健喬,tpex,生技醫療業,B13,mapped
4116,明基醫,tpex,生技醫療業,B13,mapped
4119,旭富,twse,生技醫療業,B13,mapped
4120,友華,tpex,生技醫療業,B13,mapped
4121,優盛,tpex,生技醫療業,B13,mapped
4123,晟德,tpex,生技醫療業,B13,mapped
4126,太醫,tpex,生技醫療業,B13,mapped
4127,天良,tpex,生技醫療業,B13,mapped
4128,中天,tpex,生技醫療業,B13,mapped
4129,聯合,tpex,生技醫療業,B13,mapped
4129A,聯合甲特,tpex,生技醫療業,B13,mapped
4130,健亞,tpex,生技醫療業,B13,mapped
4131,浩泰,tpex,生技醫療業,B13,mapped
4133,亞諾法,twse,生技醫療業,B13,mapped
4137,麗豐-KY,twse,生技醫療業,B13,mapped
4138,曜亞,tpex,生技醫療業,B13,mapped
4139,馬光-KY,tpex,生技醫療業,B13,mapped
4141,龍燈-KY,twse,生技醫療業,B13,mapped
4142,國光生,twse,生技醫療業,B13,mapped
4144,康聯-KY,twse,生技醫療業,B13,mapped
4147,中裕,tpex,生技醫療業,B13,mapped
4148,全宇生技-KY,twse,生技醫療業,B13,mapped
4152,台微體,tpex,生技醫療業,B13,mapped
4153,鈺緯,tpex,生技醫療業,B13,mapped
4154,樂威科-KY,tpex,生技醫療業,B13,mapped
4155,訊映,twse,生技醫療業,B13,mapped
4157,太景*-KY,tpex,生技醫療業,B13,mapped
4160,訊聯基因,tpex,生技醫療業,B13,mapped
4161,聿新科,tpex,生技醫療業,B13,mapped
4162,智擎,tpex,生技醫療業,B13,mapped
4163,鐿鈦,tpex,生技醫療業,B13,mapped
4164,承業醫,twse,生技醫療業,B13,mapped
4166,友霖,tpex,生技醫療業,B13,mapped
4167,松瑞藥,tpex,生技醫療業,B13,mapped
4168,醣聯,tpex,生技醫療業,B13,mapped
4169,泰宗,twse,生技醫療業,B13,mapped
4171,瑞基,tpex,農業科技業,,unmapped_category
4173,久裕,tpex,生技醫療業,B13,mapped
4174,浩鼎,tpex,生技醫療業,B13,mapped
4175,杏一,tpex,生技醫療業,B13,mapped
4178,永笙-KY,twse,生技醫療業,B13,mapped
4183,福永生技,tpex,生技醫療業,B13,mapped
4188,安克,tpex,生技醫療業,B13,mapped
4190,佐登-KY,twse,生技醫療業,B13,mapped
4192,杏國,tpex,生技醫療業,B13,mapped
4195,基米-創,twse,生技醫療業,B13,mapped
4198,欣大健康,tpex,生技醫療業,B13,mapped
4205,中華食,tpex,食品工業,B10,mapped
4207,環泰,tpex,食品工業,B10,mapped
4303,信立,tpex,塑膠工業,B07,mapped
4304,勝昱,tpex,塑膠工業,B07,mapped
4305,世坤,tpex,塑膠工業,B07,mapped
4306,炎洲,twse,塑膠工業,B07,mapped
4401,東隆興,tpex,紡織纖維,B09,mapped
4402,郡都開發,tpex,紡織纖維,B09,mapped
4406,新昕纖,tpex,紡織纖維,B09,mapped
4413,飛寶企業,tpex,紡織纖維,B09,mapped
4414,如興,twse,紡織纖維,B09,mapped
4416,三圓,tpex,建材營造,,unmapped_category
4417,金洲,tpex,紡織纖維,B09,mapped
4419,元勝,tpex,紡織纖維|觀光餐旅,,ambiguous_excluded
4420,光明,tpex,紡織纖維,B09,mapped
4426,利勤,twse,紡織纖維,B09,mapped
4429,聚紡,tpex,紡織纖維,B09,mapped
4430,耀億,tpex,其他,,umbrella_or_nonstock
4432,銘旺實,tpex,紡織纖維,B09,mapped
4433,興采,tpex,紡織纖維,B09,mapped
4438,廣越,twse,紡織纖維,B09,mapped
4439,冠星-KY,twse,紡織纖維,B09,mapped
4440,宜新實業,twse,紡織纖維,B09,mapped
4441,振大環球,twse,紡織纖維,B09,mapped
4442,竣邦-KY,tpex,紡織纖維,B09,mapped
4502,健信,tpex,電機機械,B04,mapped
4503,金雨,tpex,電機機械,B04,mapped
4506,崇友,tpex,電機機械,B04,mapped
4510,高鋒,tpex,電機機械,B04,mapped
4513,福裕,tpex,電機機械,B04,mapped
4523,永彰,tpex,電機機械,B04,mapped
4526,東台,twse,電機機械,B04,mapped
4527,方土霖,tpex,電機機械,B04,mapped
4528,江興鍛,tpex,電機機械,B04,mapped
4529,淳紳,tpex,其他,,umbrella_or_nonstock
4530,宏易,tpex,觀光餐旅|電機機械,,ambiguous_excluded
4532,瑞智,twse,電機機械,B04,mapped
4533,協易機,tpex,電機機械,B04,mapped
4534,慶騰,tpex,電機機械,B04,mapped
4535,至興,tpex,電機機械,B04,mapped
4536,拓凱,twse,運動休閒,,unmapped_category
4538,大詠城,tpex,電機機械,B04,mapped
4540,全球傳動,twse,電機機械,B04,mapped
4541,晟田,tpex,其他,,umbrella_or_nonstock
4542,科嶠,tpex,電子零組件業,B01,mapped
4543,萬在,tpex,電機機械,B04,mapped
4545,銘鈺,twse,電子零組件業,B01,mapped
4549,桓達,tpex,電機機械,B04,mapped
4550,長佳,tpex,電機機械,B04,mapped
4551,智伸科,twse,汽車工業,B06,mapped
4552,力達-KY,twse,電機機械,B04,mapped
4554,橙的,tpex,其他電子類,,unmapped_category
4555,氣立,twse,電機機械,B04,mapped
4556,旭然,tpex,其他,,umbrella_or_nonstock
4557,永新-KY,twse,汽車工業,B06,mapped
4558,寶緯,tpex,電機機械,B04,mapped
4560,強信-KY,twse,電機機械,B04,mapped
4561,健椿,tpex,電機機械,B04,mapped
4562,穎漢,twse,電機機械,B04,mapped
4563,百德,tpex,電機機械,B04,mapped
4564,元翎,twse,電機機械,B04,mapped
4566,時碩工業,twse,電機機械,B04,mapped
4568,科際精密,tpex,電機機械,B04,mapped
4569,六方科-KY,twse,汽車工業,B06,mapped
4571,鈞興-KY,twse,電機機械,B04,mapped
4572,駐龍,twse,電機機械,B04,mapped
4576,大銀微系統,twse,電機機械,B04,mapped
4577,達航科技,tpex,其他電子類,,unmapped_category
4580,捷流閥業,tpex,電機機械,B04,mapped
4581,光隆精密-KY,twse,汽車工業,B06,mapped
4582,聚恆-創,twse,綠能環保,,unmapped_category
4583,台灣精銳,twse,電機機械,B04,mapped
4584,君帆,tpex,電機機械,B04,mapped
4585,達明,twse,其他電子業,,unmapped_category
4588,玖鼎電力,twse,其他電子業,,unmapped_category
4590,富田-創,twse,電機機械,B04,mapped
4609,唐鋒,tpex,居家生活類|電器電纜,,ambiguous_excluded
4702,中美實,tpex,化學工業|居家生活類,,ambiguous_excluded
4706,大恭,tpex,化學工業,B08,mapped
4707,磐亞,tpex,化學工業,B08,mapped
4711,永純,tpex,化學工業,B08,mapped
4712,南璋,tpex,食品工業,B10,mapped
4714,永捷,tpex,化學工業,B08,mapped
4716,大立,tpex,化學工業,B08,mapped
4720,德淵,twse,化學工業,B08,mapped
4721,美琪瑪,tpex,化學工業,B08,mapped
4722,國精化,twse,化學工業,B08,mapped
4725,信昌化,twse,化學工業,B08,mapped
4726,永昕,tpex,生技醫療業,B13,mapped
4728,雙美,tpex,生技醫療業,B13,mapped
4729,熒茂,tpex,光電業,B02,mapped
4733,上緯,twse,化學工業,B08,mapped
4735,豪展,tpex,生技醫療業,B13,mapped
4736,泰博,tpex,生技醫療業,B13,mapped
4737,華廣,twse,生技醫療業,B13,mapped
4739,康普,twse,化學工業,B08,mapped
4741,泓瀚,tpex,化學工業,B08,mapped
4743,合一,tpex,生技醫療業,B13,mapped
4744,皇將,tpex,生技醫療業,B13,mapped
4745,合富-KY,tpex,生技醫療業,B13,mapped
4746,台耀,twse,生技醫療業,B13,mapped
4747,強生,tpex,生技醫療業,B13,mapped
4749,新應材,tpex,半導體業,B01,mapped
4754,國碳科,tpex,化學工業,B08,mapped
4755,三福化,twse,化學工業,B08,mapped
4760,勤凱,tpex,其他電子類,,unmapped_category
4763,材料*-KY,twse,化學工業,B08,mapped
4764,雙鍵,twse,化學工業,B08,mapped
4766,南寶,twse,化學工業,B08,mapped
4767,誠泰科技,tpex,化學工業,B08,mapped
4768,晶呈科技,tpex,化學工業,B08,mapped
4770,上品,twse,化學工業,B08,mapped
4771,望隼,twse,生技醫療業,B13,mapped
4772,台特化,tpex,化學工業,B08,mapped
4803,VHQ-KY,tpex,文化創意業,,unmapped_category
4804,大略-KY,tpex,觀光事業|觀光餐旅,,ambiguous_excluded
4806,桂田文創,tpex,文化創意業,,unmapped_category
4807,日成-KY,twse,貿易百貨,,unmapped_category
4903,聯光通,tpex,通信網路業,B02,mapped
4904,遠傳,twse,通信網路業,B02,mapped
4905,台聯電,tpex,生技醫療業|通信網路業,,ambiguous_excluded
4906,正文,twse,通信網路業,B02,mapped
4907,富宇,tpex,建材營造,,unmapped_category
4908,前鼎,tpex,通信網路業,B02,mapped
4909,新復興,tpex,通信網路業,B02,mapped
4911,德英,tpex,生技醫療業,B13,mapped
4912,聯德控股-KY,twse,電子零組件業,B01,mapped
4915,致伸,twse,電子零組件業,B01,mapped
4916,事欣科,twse,電腦及週邊設備業,B02,mapped
4919,新唐,twse,半導體業,B01,mapped
4923,力士,tpex,半導體業,B01,mapped
4924,欣厚-KY,tpex,綠能環保類|電腦及週邊設備業,,ambiguous_excluded
4927,泰鼎-KY,twse,電子零組件業,B01,mapped
4930,燦星網,twse,電器電纜,B03,mapped
4931,新盛力,tpex,電腦及週邊設備業,B02,mapped
4933,友輝,tpex,光電業,B02,mapped
4934,太極,twse,光電業,B02,mapped
4935,茂林-KY,twse,光電業,B02,mapped
4938,和碩,twse,電腦及週邊設備業,B02,mapped
4939,亞電,tpex,電子零組件業,B01,mapped
4942,嘉彰,twse,光電業,B02,mapped
4943,康控-KY,twse,電子零組件業,B01,mapped
4944,兆遠,tpex,光電業,B02,mapped
4945,陞達科技,tpex,半導體業,B01,mapped
4946,辣椒,tpex,文化創意業,,unmapped_category
4949,有成精密,twse,光電業,B02,mapped
4950,金耘國際,tpex,鋼鐵工業,B05,mapped
4951,精拓科,tpex,半導體業,B01,mapped
4952,凌通,twse,半導體業,B01,mapped
4953,緯致,tpex,資訊服務業,,unmapped_category
4956,光鋐,twse,光電業,B02,mapped
4958,臻鼎-KY,twse,電子零組件業,B01,mapped
4960,誠美材,twse,光電業,B02,mapped
4961,天鈺,twse,半導體業,B01,mapped
4966,譜瑞-KY,tpex,半導體業,B01,mapped
4967,十銓,twse,半導體業,B01,mapped
4968,立積,twse,半導體業,B01,mapped
4971,IET-KY,tpex,半導體業,B01,mapped
4972,湯石照明,tpex,光電業,B02,mapped
4973,廣穎,tpex,半導體業,B01,mapped
4974,亞泰,tpex,電子零組件業,B01,mapped
4976,佳凌,twse,光電業,B02,mapped
4977,眾達-KY,twse,通信網路業,B02,mapped
4979,華星光,tpex,通信網路業,B02,mapped
4984,科納-KY,twse,通信網路業,B02,mapped
4987,科誠,tpex,電腦及週邊設備業,B02,mapped
4989,榮科,twse,電子零組件業,B01,mapped
4991,環宇-KY,tpex,半導體業,B01,mapped
4994,傳奇,twse,資訊服務業,,unmapped_category
4995,晶達,tpex,光電業,B02,mapped
4999,鑫禾,twse,電子零組件業,B01,mapped
5007,三星,twse,鋼鐵工業,B05,mapped
5009,榮剛,tpex,鋼鐵工業,B05,mapped
5011,久陽,tpex,鋼鐵工業,B05,mapped
5013,強新,tpex,鋼鐵工業,B05,mapped
5014,建錩,tpex,鋼鐵工業,B05,mapped
5015,華祺,tpex,鋼鐵工業,B05,mapped
5016,松和,tpex,鋼鐵工業,B05,mapped
5102,富強,tpex,橡膠工業,B07,mapped
5201,凱衛,tpex,資訊服務業,,unmapped_category
5202,力新,tpex,資訊服務業,,unmapped_category
5203,訊連,twse,資訊服務業,,unmapped_category
5205,中茂,tpex,其他電子類|綠能環保類,,ambiguous_excluded
5206,坤悅,tpex,建材營造,,unmapped_category
5209,新鼎,tpex,資訊服務業,,unmapped_category
5210,寶碩,tpex,資訊服務業,,unmapped_category
5211,蒙恬,tpex,資訊服務業,,unmapped_category
5212,凌網,tpex,資訊服務業,,unmapped_category
5213,亞昕,tpex,建材營造,,unmapped_category
5215,科嘉-KY,twse,電腦及週邊設備業,B02,mapped
5220,萬達光電,tpex,光電業,B02,mapped
5222,全訊,twse,半導體業,B01,mapped
5223,安力-KY,tpex,電腦及週邊設備業,B02,mapped
5225,東科-KY,twse,其他電子業,,unmapped_category
5227,立凱-KY,tpex,電子零組件業,B01,mapped
5228,鈺鎧,tpex,電子零組件業,B01,mapped
5230,雷笛克光學,tpex,光電業,B02,mapped
5234,達興材料,twse,光電業,B02,mapped
5236,凌陽創新,tpex,半導體業,B01,mapped
5243,乙盛-KY,twse,光電業,B02,mapped
5244,弘凱,twse,光電業,B02,mapped
5245,智晶,tpex,光電業,B02,mapped
5251,天鉞電,tpex,光電業,B02,mapped
5258,虹堡,twse,電腦及週邊設備業,B02,mapped
5259,奕智博,twse,光電業,B02,mapped
5263,智崴,tpex,文化創意業,,unmapped_category
5264,鎧勝-KY,twse,電腦及週邊設備業,B02,mapped
5269,祥碩,twse,半導體業,B01,mapped
5272,笙科,tpex,半導體業,B01,mapped
5274,信驊,tpex,半導體業,B01,mapped
5276,達輝-KY,tpex,其他,,umbrella_or_nonstock
5278,尚凡,tpex,數位雲端類|電子商務業,,ambiguous_excluded
5280,F-敦泰,twse,半導體業,B01,mapped
5281,大峽谷-KY,tpex,光電業,B02,mapped
5283,禾聯碩,twse,電器電纜,B03,mapped
5284,jpp-KY,twse,其他,,umbrella_or_nonstock
5285,界霖,twse,半導體業,B01,mapped
5287,數字,tpex,數位雲端類|電子商務業,,ambiguous_excluded
5288,豐祥-KY,twse,電機機械,B04,mapped
5289,宜鼎,tpex,電腦及週邊設備業,B02,mapped
5291,邑昇,tpex,電子零組件業,B01,mapped
5292,華懋,twse,綠能環保,,unmapped_category
5299,杰力,tpex,半導體業,B01,mapped
5301,寶得利,tpex,觀光事業|觀光餐旅,,ambiguous_excluded
5302,太欣,tpex,半導體業,B01,mapped
5304,鼎創達,tpex,電腦及週邊設備業,B02,mapped
5305,敦南,twse,半導體業,B01,mapped
5306,桂盟,twse,運動休閒,,unmapped_category
5309,系統電,tpex,電子零組件業,B01,mapped
5310,天剛,tpex,資訊服務業,,unmapped_category
5312,寶島科,tpex,生技醫療業,B13,mapped
5314,世紀*,tpex,半導體業,B01,mapped
5315,光聯,tpex,光電業,B02,mapped
5321,美而快,tpex,數位雲端類|電子商務業|電子零組件業,,ambiguous_excluded
5324,士開,tpex,建材營造,,unmapped_category
5328,華容,tpex,電子零組件業,B01,mapped
5340,建榮,tpex,電子零組件業,B01,mapped
5344,立衛,tpex,半導體業,B01,mapped
5345,天揚,tpex,電子零組件業,B01,mapped
5347,世界,tpex,半導體業,B01,mapped
5348,正能量智能,tpex,通信網路業|運動休閒類,,ambiguous_excluded
5349,先豐,tpex,電子零組件業,B01,mapped
5351,鈺創,tpex,半導體業,B01,mapped
5353,台林,tpex,通信網路業,B02,mapped
5355,佳總,tpex,電子零組件業,B01,mapped
5356,協益,tpex,電腦及週邊設備業,B02,mapped
5364,力麗店,tpex,觀光事業|觀光餐旅,,ambiguous_excluded
5371,中光電,tpex,光電業,B02,mapped
5381,光譜,tpex,電子零組件業|電機機械,,ambiguous_excluded
5383,金利,tpex,其他電子類,,unmapped_category
5386,青雲,tpex,電腦及週邊設備業,B02,mapped
5388,中磊,twse,通信網路業,B02,mapped
5392,能率,tpex,光電業,B02,mapped
5398,慕康生醫,tpex,其他,,umbrella_or_nonstock
5403,中菲,tpex,資訊服務業,,unmapped_category
5410,國眾,tpex,資訊服務業,,unmapped_category
5425,台半,tpex,半導體業,B01,mapped
5426,振發,tpex,電腦及週邊設備業,B02,mapped
5432,新門,tpex,光電業|綠能環保類,,ambiguous_excluded
5434,崇越,twse,電子通路業,,unmapped_category
5438,東友,tpex,電腦及週邊設備業,B02,mapped
5439,高技,tpex,電子零組件業,B01,mapped
5443,均豪,tpex,光電業|半導體業,,ambiguous_excluded
5450,寶聯通,tpex,電腦及週邊設備業,B02,mapped
5452,佶優,tpex,其他電子類,,unmapped_category
5455,昇益,tpex,建材營造,,unmapped_category
5457,宣德,tpex,電子零組件業,B01,mapped
5460,同協,tpex,電子零組件業,B01,mapped
5464,霖宏,tpex,電子零組件業,B01,mapped
5465,富驊,tpex,電腦及週邊設備業,B02,mapped
5468,凱鈺,tpex,半導體業,B01,mapped
5469,瀚宇博,twse,電子零組件業,B01,mapped
5471,松翰,twse,半導體業,B01,mapped
5474,聰泰,tpex,電腦及週邊設備業,B02,mapped
5475,德宏,tpex,電子零組件業,B01,mapped
5478,智冠,tpex,文化創意業,,unmapped_category
5481,新華,tpex,電子零組件業,B01,mapped
5483,中美晶,tpex,半導體業,B01,mapped
5484,慧友,twse,光電業,B02,mapped
5487,通泰,tpex,半導體業,B01,mapped
5488,松普,tpex,電子零組件業,B01,mapped
5489,彩富,tpex,其他電子類,,unmapped_category
5490,同亨,tpex,電腦及週邊設備業,B02,mapped
5493,三聯,tpex,其他電子類,,unmapped_category
5498,凱崴,tpex,電子零組件業,B01,mapped
5508,永信建,tpex,建材營造,,unmapped_category
5511,德昌,tpex,建材營造,,unmapped_category
5512,力麒,tpex,建材營造,,unmapped_category
5514,三豐,tpex,建材營造,,unmapped_category
5515,建國,twse,建材營造,,unmapped_category
5516,雙喜,tpex,建材營造,,unmapped_category
5519,隆大,twse,建材營造,,unmapped_category
5520,力泰,tpex,建材營造,,unmapped_category
5521,工信,twse,建材營造,,unmapped_category
5522,遠雄,twse,建材營造,,unmapped_category
5523,豐謙,tpex,建材營造,,unmapped_category
5525,順天,twse,建材營造,,unmapped_category
5529,鉅陞,tpex,建材營造,,unmapped_category
5530,龍巖,tpex,其他,,umbrella_or_nonstock
5531,鄉林,twse,建材營造,,unmapped_category
5533,皇鼎,twse,建材營造,,unmapped_category
5534,長虹,twse,建材營造,,unmapped_category
5536,聖暉*,tpex,其他電子類,,unmapped_category
5538,東明-KY,twse,鋼鐵工業,B05,mapped
5543,桓鼎-KY,tpex,建材營造,,unmapped_category
5546,永固-KY,twse,建材營造,,unmapped_category
5547,久舜,tpex,建材營造,,unmapped_category
5548,安倉,tpex,建材營造,,unmapped_category
5601,台聯櫃,tpex,航運業,,unmapped_category
5603,陸海,tpex,航運業,,unmapped_category
5604,中連貨,tpex,航運業,,unmapped_category
5607,遠雄港,twse,航運業,,unmapped_category
5608,四維航,twse,航運業,,unmapped_category
5609,中菲行,tpex,航運業,,unmapped_category
5701,劍湖山,tpex,觀光事業|觀光餐旅,,ambiguous_excluded
5703,亞都,tpex,觀光事業|觀光餐旅,,ambiguous_excluded
5704,老爺知,tpex,觀光事業|觀光餐旅,,ambiguous_excluded
5706,鳳凰,twse,觀光事業|觀光餐旅,,ambiguous_excluded
5820,日盛金,tpex,金融業,,unmapped_category
5854,合庫,twse,金融保險,,unmapped_category
5864,致和證,tpex,金融業,,unmapped_category
5871,中租-KY,twse,其他,,umbrella_or_nonstock
5871A,中租-KY甲特,twse,其他,,umbrella_or_nonstock
5876,上海商銀,twse,金融保險,,unmapped_category
5878,台名,tpex,金融業,,unmapped_category
5880,合庫金,twse,金融保險,,unmapped_category
5902,德記,tpex,居家生活類|貿易百貨,,ambiguous_excluded
5903,全家,tpex,居家生活類|貿易百貨,,ambiguous_excluded
5904,寶雅,tpex,居家生活類|貿易百貨,,ambiguous_excluded
5905,南仁湖,tpex,觀光餐旅|貿易百貨,,ambiguous_excluded
5906,台南-KY,twse,貿易百貨,,unmapped_category
5907,大洋-KY,twse,貿易百貨,,unmapped_category
6004,元京證,twse,金融保險,,unmapped_category
6005,群益證,twse,金融保險,,unmapped_category
6012,金鼎證,twse,金融保險,,unmapped_category
6015,宏遠證,tpex,金融業,,unmapped_category
6016,康和證,tpex,金融業,,unmapped_category
6020,大展證,tpex,金融業,,unmapped_category
6021,美好證,tpex,金融業,,unmapped_category
6023,元大期,tpex,金融業,,unmapped_category
6024,群益期,twse,金融保險,,unmapped_category
6026,福邦證,tpex,金融業,,unmapped_category
6028,公勝保經,tpex,金融業,,unmapped_category
6101,寬魚國際,tpex,文化創意業,,unmapped_category
6103,合邦,tpex,半導體業,B01,mapped
6104,創惟,tpex,半導體業,B01,mapped
6108,競國,twse,電子零組件業,B01,mapped
6109,亞元,tpex,通信網路業,B02,mapped
6111,光聚晶電,tpex,文化創意業,,unmapped_category
6112,邁達特,twse,資訊服務業,,unmapped_category
6113,亞矽,tpex,電子通路業,,unmapped_category
6114,久威,tpex,電子零組件業,B01,mapped
6115,鎰勝,twse,電子零組件業,B01,mapped
6116,彩晶,twse,光電業,B02,mapped
6117,迎廣,twse,電腦及週邊設備業,B02,mapped
6118,建達,tpex,電子通路業,,unmapped_category
6119,大傳,twse,電子通路業,,unmapped_category
6120,達運,twse,光電業,B02,mapped
6121,新普,tpex,電腦及週邊設備業,B02,mapped
6122,擎邦,tpex,電機機械,B04,mapped
6123,上奇,tpex,資訊服務業|電腦及週邊設備業,,ambiguous_excluded
6124,業強,tpex,電子零組件業,B01,mapped
6125,廣運,tpex,光電業|電機機械,,ambiguous_excluded
6126,信音,tpex,電子零組件業,B01,mapped
6127,九豪,tpex,電子零組件業,B01,mapped
6128,上福,twse,電腦及週邊設備業,B02,mapped
6129,普誠,tpex,半導體業,B01,mapped
6130,上亞科技,tpex,生技醫療業,B13,mapped
6131,鈞泰,twse,光電業,B02,mapped
6133,金橋,twse,電子零組件業,B01,mapped
6134,萬旭,tpex,電子零組件業,B01,mapped
6136,富爾特,twse,通信網路業,B02,mapped
6138,茂達,tpex,半導體業,B01,mapped
6139,亞翔,twse,其他電子業,,unmapped_category
6140,訊達,tpex,資訊服務業,,unmapped_category
6141,柏承,twse,電子零組件業,B01,mapped
6142,友勁,twse,通信網路業,B02,mapped
6143,振曜,tpex,通信網路業,B02,mapped
6144,得利影,tpex,文化創意業,,unmapped_category
6145,勁永,twse,電子通路業,,unmapped_category
6146,耕興,tpex,其他電子類,,unmapped_category
6147,頎邦,tpex,半導體業,B01,mapped
6148,驊宏資,tpex,資訊服務業,,unmapped_category
6150,撼訊,tpex,電腦及週邊設備業,B02,mapped
6151,晉倫,tpex,其他電子類,,unmapped_category
6152,百一,twse,通信網路業,B02,mapped
6153,嘉聯益,twse,電子零組件業,B01,mapped
6154,順發,tpex,電子通路業,,unmapped_category
6155,鈞寶,twse,電子零組件業,B01,mapped
6156,松上,tpex,電子零組件業,B01,mapped
6158,禾昌,tpex,電子零組件業,B01,mapped
6160,欣技,tpex,電腦及週邊設備業,B02,mapped
6161,捷波,tpex,電腦及週邊設備業,B02,mapped
6163,華電網,tpex,資訊服務業|通信網路業,,ambiguous_excluded
6164,華興,twse,光電業,B02,mapped
6165,浪凡,twse,數位雲端|電子零組件業,,ambiguous_excluded
6166,凌華,twse,電腦及週邊設備業,B02,mapped
6167,久正,tpex,光電業,B02,mapped
6168,宏齊,twse,光電業,B02,mapped
6169,昱泉,tpex,文化創意業,,unmapped_category
6170,統振,tpex,通信網路業,B02,mapped
6171,大城地產,tpex,建材營造,,unmapped_category
6172,互億,twse,電腦及週邊設備業,B02,mapped
6173,信昌電,tpex,電子零組件業,B01,mapped
6174,安碁,tpex,電子零組件業,B01,mapped
6175,立敦,tpex,電子零組件業,B01,mapped
6176,瑞儀,twse,光電業,B02,mapped
6177,達麗,twse,建材營造,,unmapped_category
6179,亞通,tpex,其他,,umbrella_or_nonstock
6180,橘子,tpex,文化創意業,,unmapped_category
6182,合晶,tpex,半導體業,B01,mapped
6183,關貿,twse,資訊服務業,,unmapped_category
6184,大豐電,twse,其他,,umbrella_or_nonstock
6185,幃翔,tpex,電子零組件業,B01,mapped
6186,新潤,tpex,建材營造,,unmapped_category
6187,萬潤,tpex,其他電子類|半導體業,,ambiguous_excluded
6188,廣明,tpex,電腦及週邊設備業,B02,mapped
6189,豐藝,twse,電子通路業,,unmapped_category
6190,萬泰科,tpex,通信網路業,B02,mapped
6191,精成科,twse,電子零組件業,B01,mapped
6192,巨路,twse,其他電子業,,unmapped_category
6194,育富,tpex,電子零組件業,B01,mapped
6195,詩肯,tpex,居家生活類|貿易百貨,,ambiguous_excluded
6196,帆宣,twse,其他電子業,,unmapped_category
6197,佳必琪,twse,電子零組件業,B01,mapped
6198,瑞築,tpex,半導體業|建材營造,,ambiguous_excluded
6199,天品,tpex,其他,,umbrella_or_nonstock
6201,亞弘電,twse,其他電子業,,unmapped_category
6202,盛群,twse,半導體業,B01,mapped
6203,海韻電,tpex,電子零組件業,B01,mapped
6204,艾華,tpex,電子零組件業,B01,mapped
6205,詮欣,twse,電子零組件業,B01,mapped
6206,飛捷,twse,電腦及週邊設備業,B02,mapped
6207,雷科,tpex,電子零組件業,B01,mapped
6208,日揚,tpex,半導體業|電子零組件業,B01,mapped
6209,今國光,twse,光電業,B02,mapped
6210,慶生,tpex,電子零組件業,B01,mapped
6212,理銘,tpex,建材營造,,unmapped_category
6213,聯茂,twse,電子零組件業,B01,mapped
6214,精誠,twse,資訊服務業,,unmapped_category
6215,和椿,twse,其他電子業,,unmapped_category
6216,居易,twse,通信網路業,B02,mapped
6217,中探針,tpex,電子零組件業,B01,mapped
6218,豪勉,tpex,通信網路業,B02,mapped
6219,富旺,tpex,建材營造,,unmapped_category
6220,岳豐,tpex,電子零組件業,B01,mapped
6221,晉泰,tpex,資訊服務業,,unmapped_category
6222,立軒,tpex,光電業,B02,mapped
6223,旺矽,tpex,半導體業,B01,mapped
6224,聚鼎,twse,電子零組件業,B01,mapped
6225,天瀚,twse,光電業,B02,mapped
6226,光鼎,twse,光電業,B02,mapped
6227,茂綸,tpex,電子通路業,,unmapped_category
6228,全譜,tpex,電腦及週邊設備業,B02,mapped
6229,研通,tpex,半導體業,B01,mapped
6230,尼得科超眾,twse,電腦及週邊設備業,B02,mapped
6231,系微,tpex,資訊服務業,,unmapped_category
6233,旺玖,tpex,半導體業,B01,mapped
6234,高僑,tpex,光電業,B02,mapped
6235,華孚,twse,電腦及週邊設備業,B02,mapped
6236,中湛,tpex,數位雲端類,,unmapped_category
6237,驊訊,tpex,半導體業,B01,mapped
6238,勝麗,tpex,其他電子類,,unmapped_category
6239,力成,twse,半導體業,B01,mapped
6240,松崗,tpex,資訊服務業,,unmapped_category
6241,鑫永洋,tpex,通信網路業,B02,mapped
6242,立康,tpex,生技醫療業,B13,mapped
6243,迅杰,twse,半導體業,B01,mapped
6244,茂迪,tpex,光電業,B02,mapped
6245,立端,tpex,通信網路業,B02,mapped
6246,臺龍,tpex,光電業,B02,mapped
6247,淇譽電,tpex,其他電子類,,unmapped_category
6248,沛波,tpex,鋼鐵工業,B05,mapped
6251,定穎,twse,電子零組件業,B01,mapped
6255,奈普,twse,光電業,B02,mapped
6257,矽格,twse,半導體業,B01,mapped
6259,百徽,tpex,電子零組件業,B01,mapped
6261,久元,tpex,半導體業,B01,mapped
6263,普萊德,tpex,通信網路業,B02,mapped
6264,富裔,tpex,建材營造,,unmapped_category
6265,方土昶,tpex,電子通路業,,unmapped_category
6266,泰詠,tpex,電子零組件業,B01,mapped
6269,台郡,twse,電子零組件業,B01,mapped
6270,倍微,tpex,電子通路業,,unmapped_category
6271,同欣電,twse,半導體業,B01,mapped
6272,驊陞,twse,電子零組件業,B01,mapped
6274,台燿,tpex,電子零組件業,B01,mapped
6275,元山,tpex,其他電子類|電子零組件業,,ambiguous_excluded
6276,安鈦克,tpex,電腦及週邊設備業,B02,mapped
6277,宏正,twse,電腦及週邊設備業,B02,mapped
6278,台表科,twse,光電業,B02,mapped
6279,胡連,tpex,電子零組件業,B01,mapped
6280,崇貿,twse,電子工業,,umbrella_or_nonstock
6281,全國電,twse,電子通路業,,unmapped_category
6282,康舒,twse,電子零組件業,B01,mapped
6283,淳安,twse,其他電子業,,unmapped_category
6284,佳邦,tpex,電子零組件業,B01,mapped
6285,啟碁,twse,通信網路業,B02,mapped
6286,立錡,twse,半導體業,B01,mapped
6287,元隆,tpex,半導體業,B01,mapped
6288,聯嘉,twse,汽車工業,B06,mapped
6289,華上,twse,光電業,B02,mapped
6290,良維,tpex,電子零組件業,B01,mapped
6291,沛亨,tpex,半導體業,B01,mapped
6292,迅德,tpex,電子零組件業,B01,mapped
6294,智基,tpex,文化創意業,,unmapped_category
6404,通訊-KY,tpex,資訊服務業,,unmapped_category
6405,悅城,twse,光電業,B02,mapped
6409,旭隼,twse,其他電子業,,unmapped_category
6411,晶焱,tpex,半導體業,B01,mapped
6412,群電,twse,電子零組件業,B01,mapped
6414,樺漢,twse,電腦及週邊設備業,B02,mapped
6415,矽力*-KY,twse,半導體業,B01,mapped
6416,瑞祺電通,twse,通信網路業,B02,mapped
6417,韋僑,tpex,通信網路業,B02,mapped
6418,詠昇,tpex,電子零組件業,B01,mapped
6419,京晨科,tpex,光電業,B02,mapped
6422,君耀-KY,twse,電子零組件業,B01,mapped
6423,億而得-創,twse,半導體業,B01,mapped
6425,易發,tpex,電機機械,B04,mapped
6426,統新,tpex,通信網路業,B02,mapped
6431,光麗-KY,twse,光電業|生技醫療業,,ambiguous_excluded
6432,今展科,tpex,電子零組件業,B01,mapped
6435,大中,tpex,半導體業,B01,mapped
6438,迅得,tpex,其他電子業|其他電子類,,ambiguous_excluded
6441,廣錠,tpex,電腦及週邊設備業,B02,mapped
6442,光聖,twse,通信網路業,B02,mapped
6443,元晶,twse,光電業,B02,mapped
6446,藥華藥,tpex,生技醫療業,B13,mapped
6449,鈺邦,twse,電子零組件業,B01,mapped
6451,訊芯-KY,twse,半導體業,B01,mapped
6452,康友-KY,twse,生技醫療業,B13,mapped
6456,GIS-KY,twse,光電業,B02,mapped
6457,紘康,tpex,半導體業,B01,mapped
6461,益得,tpex,生技醫療業,B13,mapped
6462,神盾,tpex,半導體業,B01,mapped
6464,台數科,twse,其他,,umbrella_or_nonstock
6465,威潤,tpex,通信網路業,B02,mapped
6469,大樹,tpex,生技醫療業,B13,mapped
6470,宇智,tpex,通信網路業,B02,mapped
6472,保瑞,tpex,生技醫療業,B13,mapped
6474,華豫寧,tpex,電子通路業,,unmapped_category
6477,安集,twse,光電業,B02,mapped
6482,弘煜科,tpex,文化創意業,,unmapped_category
6485,點序,tpex,半導體業,B01,mapped
6486,互動,tpex,通信網路業,B02,mapped
6488,環球晶,tpex,半導體業,B01,mapped
6491,晶碩,twse,生技醫療業,B13,mapped
6492,生華科,tpex,生技醫療業,B13,mapped
6494,九齊,tpex,半導體業,B01,mapped
6496,科懋,tpex,生技醫療業,B13,mapped
6497,亞獅康-KY,tpex,生技醫療業,B13,mapped
6498,久禾光,tpex,光電業,B02,mapped
6499,益安,tpex,生技醫療業,B13,mapped
6504,南六,twse,其他,,umbrella_or_nonstock
6505,台塑化,twse,油電燃氣業,,unmapped_category
6506,雙邦,tpex,化學工業|紡織纖維,,ambiguous_excluded
6508,惠光,tpex,農業科技業,,unmapped_category
6509,聚和,tpex,化學工業,B08,mapped
6510,精測,tpex,半導體業,B01,mapped
6512,啟發電,tpex,其他電子類,,unmapped_category
6514,芮特-KY,tpex,通信網路業,B02,mapped
6515,穎崴,twse,半導體業,B01,mapped
6516,勤崴國際,tpex,資訊服務業,,unmapped_category
6517,保勝光學,tpex,光電業,B02,mapped
6523,達爾膚,tpex,生技醫療業,B13,mapped
6525,捷敏-KY,twse,半導體業,B01,mapped
6526,達發,twse,半導體業,B01,mapped
6527,明達醫,tpex,生技醫療業,B13,mapped
6530,創威,tpex,通信網路業,B02,mapped
6531,愛普*,twse,半導體業,B01,mapped
6532,瑞耘,tpex,半導體業,B01,mapped
6533,晶心科,twse,半導體業,B01,mapped
6534,正瀚-創,twse,生技醫療業,B13,mapped
6535,順藥,tpex,生技醫療業,B13,mapped
6538,倉和,tpex,電子零組件業,B01,mapped
6541,泰福-KY,twse,生技醫療業,B13,mapped
6542,隆中,tpex,文化創意業,,unmapped_category
6546,正基,tpex,通信網路業,B02,mapped
6547,高端疫苗,tpex,生技醫療業,B13,mapped
6548,長科*,tpex,半導體業,B01,mapped
6550,北極星藥業-KY,twse,生技醫療業,B13,mapped
6552,易華電,twse,半導體業,B01,mapped
6556,勝品,tpex,光電業,B02,mapped
6558,興能高,twse,其他電子業,,unmapped_category
6560,欣普羅,tpex,光電業,B02,mapped
6561,是方,tpex,通信網路業,B02,mapped
6568,宏觀,tpex,半導體業,B01,mapped
6569,醫揚,tpex,生技醫療業,B13,mapped
6570,維田,tpex,電腦及週邊設備業,B02,mapped
6573,虹揚-KY,twse,半導體業,B01,mapped
6574,霈方,tpex,生技醫療業,B13,mapped
6576,逸達,tpex,生技醫療業,B13,mapped
6577,勁豐,tpex,電腦及週邊設備業,B02,mapped
6578,達邦蛋白,tpex,農業科技業,,unmapped_category
6579,研揚,twse,電腦及週邊設備業,B02,mapped
6581,鋼聯,twse,綠能環保,,unmapped_category
6582,申豐,twse,橡膠工業,B07,mapped
6584,南俊國際,tpex,電子零組件業,B01,mapped
6585,鼎基,twse,其他,,umbrella_or_nonstock
6588,東典光電,tpex,通信網路業,B02,mapped
6589,台康生技,tpex,生技醫療業,B13,mapped
6590,普鴻,tpex,資訊服務業,,unmapped_category
6591,動力-KY,twse,電腦及週邊設備業,B02,mapped
6592,和潤企業,twse,其他,,umbrella_or_nonstock
6592A,和潤企業甲特,twse,其他,,umbrella_or_nonstock
6592B,和潤企業乙特,twse,其他,,umbrella_or_nonstock
6593,台灣銘板,tpex,資訊服務業,,unmapped_category
6594,展匯科,tpex,半導體業,B01,mapped
6596,寬宏藝術,tpex,文化創意業,,unmapped_category
6597,立誠,tpex,電子零組件業,B01,mapped
6598,ABC-KY,twse,生技醫療業,B13,mapped
6603,富強鑫,tpex,電機機械,B04,mapped
6605,帝寶,twse,汽車工業,B06,mapped
6606,建德工業,twse,電機機械,B04,mapped
6609,瀧澤科,tpex,電機機械,B04,mapped
6612,奈米醫材,tpex,生技醫療業,B13,mapped
6613,朋億*,tpex,其他電子類,,unmapped_category
6614,資拓宏宇,twse,數位雲端,,unmapped_category
6615,慧智,tpex,生技醫療業,B13,mapped
6616,特昇-KY,tpex,居家生活類,,unmapped_category
6617,共信-KY,tpex,生技醫療業,B13,mapped
6620,漢達,tpex,生技醫療業,B13,mapped
6624,萬年清,tpex,綠能環保類,,unmapped_category
6625,必應,twse,其他,,umbrella_or_nonstock
6629,泰金-KY,tpex,居家生活類,,unmapped_category
6637,醫影,tpex,生技醫療業,B13,mapped
6640,均華,tpex,半導體業,B01,mapped
6641,基士德-KY,twse,綠能環保,,unmapped_category
6642,富致,tpex,電子零組件業,B01,mapped
6643,M31,tpex,半導體業,B01,mapped
6645,金萬林-創,twse,生技醫療業,B13,mapped
6649,台生材,tpex,生技醫療業,B13,mapped
6651,全宇昕,tpex,半導體業,B01,mapped
6654,天正國際,tpex,其他電子類,,unmapped_category
6655,科定,twse,其他,,umbrella_or_nonstock
6657,華安,twse,生技醫療業,B13,mapped
6658,聯策,twse,其他電子業,,unmapped_category
6661,威健生技,tpex,生技醫療業,B13,mapped
6662,樂斯科,tpex,生技醫療業,B13,mapped
6664,群翊,tpex,電子零組件業,B01,mapped
6666,羅麗芬-KY,twse,生技醫療業,B13,mapped
6667,信紘科,tpex,其他電子類,,unmapped_category
6668,中揚光,twse,光電業,B02,mapped
6669,緯穎,twse,電腦及週邊設備業,B02,mapped
6670,復盛應用,twse,運動休閒,,unmapped_category
6671,三能-KY,twse,居家生活,,unmapped_category
6672,騰輝電子-KY,twse,電子零組件業,B01,mapped
6674,鋐寶科技,twse,通信網路業,B02,mapped
6679,鈺太,tpex,半導體業,B01,mapped
6680,鑫創電子,tpex,電腦及週邊設備業,B02,mapped
6683,雍智科技,tpex,半導體業,B01,mapped
6684,安格,tpex,半導體業,B01,mapped
6689,伊雲谷,twse,其他電子業|數位雲端,,ambiguous_excluded
6690,安碁資訊,tpex,數位雲端類|資訊服務業,,ambiguous_excluded
6691,洋基工程,twse,其他電子業,,unmapped_category
6692,進能服,tpex,綠能環保類,,unmapped_category
6693,廣閎科,tpex,半導體業,B01,mapped
6695,芯鼎,twse,半導體業,B01,mapped
6697,東捷資訊,tpex,資訊服務業,,unmapped_category
6698,旭暉應材,twse,其他電子業,,unmapped_category
6702,興航,twse,航運業,,unmapped_category
6703,軒郁,tpex,生技醫療業,B13,mapped
6706,惠特,twse,光電業,B02,mapped
6708,天擎,tpex,半導體業,B01,mapped
6712,長聖,tpex,生技醫療業,B13,mapped
6715,嘉基,twse,電子零組件業,B01,mapped
6716,應廣,tpex,半導體業,B01,mapped
6719,力智,twse,半導體業,B01,mapped
6720,久昌,tpex,半導體業,B01,mapped
6721,信實,tpex,其他,,umbrella_or_nonstock
6722,輝創,twse,其他電子業,,unmapped_category
6725,矽科宏晟,tpex,其他電子類,,unmapped_category
6727,亞泰金屬,tpex,電子零組件業,B01,mapped
6728,上洋,tpex,居家生活類|貿易百貨,,ambiguous_excluded
6730,常廣,tpex,生技醫療業,B13,mapped
6732,昇佳電子,tpex,半導體業,B01,mapped
6733,博晟生醫,tpex,生技醫療業,B13,mapped
6735,美達科技,tpex,其他電子類,,unmapped_category
6739,竹陞科技,tpex,其他電子類,,unmapped_category
6741,91APP*-KY,tpex,數位雲端類|電子商務業,,ambiguous_excluded
6742,澤米,twse,光電業,B02,mapped
6743,安普新,twse,其他電子業,,unmapped_category
6747,亨泰光,tpex,生技醫療業,B13,mapped
6751,智聯服務,tpex,資訊服務業,,unmapped_category
6752,叡揚,tpex,資訊服務業,,unmapped_category
6753,龍德造船,twse,航運業,,unmapped_category
6754,匯僑設計,twse,居家生活,,unmapped_category
6756,威鋒電子,twse,半導體業,B01,mapped
6757,台灣虎航-創,twse,航運業,,unmapped_category
6761,穩得,tpex,電子零組件業,B01,mapped
6762,達亞,tpex,生技醫療業,B13,mapped
6763,綠界科技,tpex,數位雲端類|電子商務業,,ambiguous_excluded
6767,台微醫,tpex,生技醫療業,B13,mapped
6768,志強-KY,twse,運動休閒,,unmapped_category
6770,力積電,twse,半導體業,B01,mapped
6771,平和環保-創,twse,綠能環保,,unmapped_category
6776,展碁國際,twse,電子通路業,,unmapped_category
6781,AES-KY,twse,電子零組件業,B01,mapped
6782,視陽,twse,生技醫療業,B13,mapped
6785,昱展新藥,tpex,生技醫療業,B13,mapped
6788,華景電,tpex,半導體業,B01,mapped
6789,采鈺,twse,半導體業,B01,mapped
6790,永豐實,twse,造紙工業,B11,mapped
6791,虎門科技,tpex,資訊服務業,,unmapped_category
6792,詠業,twse,通信網路業,B02,mapped
6794,向榮生技-創,twse,生技醫療業,B13,mapped
6796,晉弘,twse,生技醫療業,B13,mapped
6799,來頡,twse,半導體業,B01,mapped
6803,崑鼎,tpex,綠能環保類,,unmapped_category
6804,明係,tpex,運動休閒類,,unmapped_category
6805,富世達,twse,電子零組件業,B01,mapped
6806,森崴能源,twse,綠能環保,,unmapped_category
6807,峰源-KY,twse,居家生活,,unmapped_category
6811,宏碁資訊,tpex,數位雲端類|資訊服務業,,ambiguous_excluded
6821,聯寶,tpex,電子零組件業,B01,mapped
6823,濾能,tpex,半導體業,B01,mapped
6829,千附精密,tpex,半導體業|電機機械,,ambiguous_excluded
6830,汎銓,twse,其他電子業,,unmapped_category
6831,邁科,twse,電腦及週邊設備業,B02,mapped
6834,天二科技,twse,電子零組件業,B01,mapped
6835,圓裕,twse,電子零組件業,B01,mapped
6838,台新藥,twse,生技醫療業,B13,mapped
6840,東研信超,tpex,其他電子類,,unmapped_category
6841,長佳智能,tpex,生技醫療業,B13,mapped
6843,進典,tpex,電機機械,B04,mapped
6844,諾貝兒,tpex,生技醫療業,B13,mapped
6846,綠茵,tpex,食品工業,B10,mapped
6854,錼創科技-KY創,twse,半導體業,B01,mapped
6855,數泓科,tpex,其他電子類,,unmapped_category
6856,鑫傳,tpex,文化創意業,,unmapped_category
6859,伯特光,tpex,光電業,B02,mapped
6861,睿生光電,twse,生技醫療業,B13,mapped
6862,三集瑞-KY,twse,電子零組件業,B01,mapped
6863,永道-KY,twse,通信網路業,B02,mapped
6865,偉康科技,tpex,數位雲端類|資訊服務業,,ambiguous_excluded
6869,雲豹能源-創,twse,綠能環保,,unmapped_category
6870,騰雲,tpex,數位雲端類,,unmapped_category
6872,浩宇生醫,tpex,生技醫療業,B13,mapped
6873,泓德能源-創,twse,綠能環保,,unmapped_category
6874,倍力,tpex,資訊服務業,,unmapped_category
6875,國邑*,tpex,生技醫療業,B13,mapped
6877,鏵友益,tpex,其他電子類,,unmapped_category
6881,潤德,tpex,其他,,umbrella_or_nonstock
6884,海柏特,tpex,資訊服務業,,unmapped_category
6885,全福生技,twse,生技醫療業,B13,mapped
6887,寶綠特-KY,twse,綠能環保,,unmapped_category
6890,來億-KY,twse,運動休閒,,unmapped_category
6894,衛司特,tpex,綠能環保類,,unmapped_category
6895,宏碩系統,tpex,半導體業,B01,mapped
6899,創為精密,tpex,光電業,B02,mapped
6901,鑽石投資,twse,其他,,umbrella_or_nonstock
6902,GOGOLOOK-創,twse,數位雲端,,unmapped_category
6903,巨漢,tpex,其他電子類,,unmapped_category
6904,伯鑫,tpex,其他,,umbrella_or_nonstock
6906,現觀科,twse,數位雲端,,unmapped_category
6907,雅特力-KY,tpex,半導體業,B01,mapped
6908,宏碁遊戲-創,twse,電子通路業,,unmapped_category
6909,創控,twse,半導體業,B01,mapped
6910,德鴻,tpex,數位雲端類,,unmapped_category
6913,鴻呈,tpex,電子零組件業,B01,mapped
6914,阜爾運通,twse,其他,,umbrella_or_nonstock
6916,華凌,twse,光電業,B02,mapped
6918,愛派司,twse,生技醫療業,B13,mapped
6919,康霈*,twse,生技醫療業,B13,mapped
6921,嘉雨思-創,twse,半導體業,B01,mapped
6922,宸曜,tpex,電腦及週邊設備業,B02,mapped
6923,中台,twse,綠能環保,,unmapped_category
6924,榮惠-KY創,twse,電子零組件業,B01,mapped
6925,意藍,tpex,數位雲端類,,unmapped_category
6928,攸泰科技,twse,電腦及週邊設備業,B02,mapped
6929,佑全,tpex,生技醫療業,B13,mapped
6931,青松健康,twse,生技醫療業,B13,mapped
6933,AMAX-KY,twse,電腦及週邊設備業,B02,mapped
6934,心誠鎂,twse,生技醫療業,B13,mapped
6936,永鴻生技,twse,生技醫療業,B13,mapped
6937,天虹,twse,半導體業,B01,mapped
6944,兆聯實業,twse,綠能環保,,unmapped_category
6945,圓祥生技,tpex,生技醫療業,B13,mapped
6947,台鎔科技,twse,綠能環保,,unmapped_category
6949,沛爾生醫-創,twse,生技醫療業,B13,mapped
6951,青新-創,twse,綠能環保,,unmapped_category
6952,大武山,twse,其他,,umbrella_or_nonstock
6953,家碩,tpex,半導體業,B01,mapped
6955,邦睿生技-創,twse,生技醫療業,B13,mapped
6957,裕慶-KY,twse,其他,,umbrella_or_nonstock
6958,日盛台駿,twse,其他,,umbrella_or_nonstock
6958A,日盛台駿甲特,twse,其他,,umbrella_or_nonstock
6961,旅天下,tpex,觀光餐旅,,unmapped_category
6962,奕力-KY,twse,半導體業,B01,mapped
6965,中傑-KY,twse,運動休閒,,unmapped_category
6967,汎瑋材料,tpex,電子零組件業,B01,mapped
6968,萬達寵物,tpex,居家生活類,,unmapped_category
6969,成信實業*-創,twse,綠能環保,,unmapped_category
6971,惠民實業,tpex,綠能環保類,,unmapped_category
6982,大井泵浦,tpex,電機機械,B04,mapped
6983,華洋精機,tpex,其他電子類,,unmapped_category
6986,和迅,tpex,生技醫療業,B13,mapped
6988,威力暘-創,twse,汽車工業,B06,mapped
6994,富威電力,twse,綠能環保,,unmapped_category
6996,力領科技,tpex,半導體業,B01,mapped
6997,博弘,tpex,數位雲端類,,unmapped_category
708785,信驊中信9B購01,tpex,所有證券,,umbrella_or_nonstock
709403,雙美國票9B購01,tpex,所有證券,,umbrella_or_nonstock
709966,金居群益9B購01,tpex,所有證券,,umbrella_or_nonstock
709972,旺矽元大9B購01,tpex,所有證券,,umbrella_or_nonstock
709983,群聯日盛9B購01,tpex,所有證券,,umbrella_or_nonstock
709985,大江富邦9B購02,tpex,所有證券,,umbrella_or_nonstock
709994,中美晶元大9B購01,tpex,所有證券,,umbrella_or_nonstock
710499,網家國泰9B購01,tpex,所有證券,,umbrella_or_nonstock
710502,泰博元大9B購01,tpex,所有證券,,umbrella_or_nonstock
710505,泰博富邦9B購01,tpex,所有證券,,umbrella_or_nonstock
710509,建榮凱基9B購01,tpex,所有證券,,umbrella_or_nonstock
710510,群聯凱基9B購03,tpex,所有證券,,umbrella_or_nonstock
710516,宇峻永豐9B購01,tpex,所有證券,,umbrella_or_nonstock
710533,鈊象元大9B購04,tpex,所有證券,,umbrella_or_nonstock
710534,鈺太元大9B購01,tpex,所有證券,,umbrella_or_nonstock
710553,穩懋統一9B購03,tpex,所有證券,,umbrella_or_nonstock
710560,宏捷科元大9B購02,tpex,所有證券,,umbrella_or_nonstock
710561,威剛元大9B購02,tpex,所有證券,,umbrella_or_nonstock
710566,碩禾元大9B購01,tpex,所有證券,,umbrella_or_nonstock
710569,中美晶富邦9B購04,tpex,所有證券,,umbrella_or_nonstock
710575,環球晶中信9B購01,tpex,所有證券,,umbrella_or_nonstock
710590,鈺太凱基9B購01,tpex,所有證券,,umbrella_or_nonstock
711126,聯亞元大9B購05,tpex,所有證券,,umbrella_or_nonstock
711127,頎邦元大9B購03,tpex,所有證券,,umbrella_or_nonstock
711131,胡連永豐9B購01,tpex,所有證券,,umbrella_or_nonstock
711132,僑威永豐9B購01,tpex,所有證券,,umbrella_or_nonstock
711133,寶雅永豐9B購01,tpex,所有證券,,umbrella_or_nonstock
711134,中美晶群益9B購03,tpex,所有證券,,umbrella_or_nonstock
711135,元太群益9B購01,tpex,所有證券,,umbrella_or_nonstock
711137,胡連群益9B購01,tpex,所有證券,,umbrella_or_nonstock
711139,中美晶凱基9B購02,tpex,所有證券,,umbrella_or_nonstock
711140,旺矽凱基9B購01,tpex,所有證券,,umbrella_or_nonstock
711141,胡連凱基9B購01,tpex,所有證券,,umbrella_or_nonstock
711145,環球晶國票9B購02,tpex,所有證券,,umbrella_or_nonstock
73107P,原相國票9B售02,tpex,所有證券,,umbrella_or_nonstock
73193P,神盾元大9B售04,tpex,所有證券,,umbrella_or_nonstock
7402,邑錡,tpex,光電業,B02,mapped
7547,碩網,tpex,數位雲端類,,unmapped_category
7556,意德士,tpex,半導體業,B01,mapped
7584,樂意,tpex,文化創意業,,unmapped_category
7610,聯友金屬-創,twse,綠能環保,,unmapped_category
7631,聚賢研發-創,twse,其他電子業,,unmapped_category
7642,昶瑞機電,tpex,電機機械,B04,mapped
7689,大鵬科CLMX,twse,通信網路業,B02,mapped
7703,銳澤,tpex,其他電子類,,unmapped_category
7704,明遠精密,tpex,半導體業,B01,mapped
7705,三商餐飲,twse,觀光餐旅,,unmapped_category
7708,全家餐飲,tpex,觀光餐旅,,unmapped_category
7709,榮田,tpex,電機機械,B04,mapped
7711,永擎,twse,電腦及週邊設備業,B02,mapped
7712,博盛半導體,tpex,半導體業,B01,mapped
7713,威力德生醫,tpex,生技醫療業,B13,mapped
7714,創泓科技,tpex,數位雲端類,,unmapped_category
7715,裕山,tpex,綠能環保類,,unmapped_category
7716,昱臺國際,tpex,航運業,,unmapped_category
7717,萊德光電-KY,tpex,通信網路業,B02,mapped
7718,友鋮,tpex,鋼鐵工業|電機機械,,ambiguous_excluded
7721,微程式,twse,數位雲端,,unmapped_category
7722,LINEPAY,twse,數位雲端,,unmapped_category
7723,築間,tpex,觀光餐旅,,unmapped_category
7728,光焱科技,tpex,其他電子類,,unmapped_category
7730,暉盛-創,twse,半導體業,B01,mapped
7732,金興精密,twse,汽車工業,B06,mapped
7734,印能科技,tpex,半導體業,B01,mapped
7736,虎山,twse,汽車工業,B06,mapped
7738,東聯互動,tpex,數位雲端類,,unmapped_category
7740,熙特爾-創,twse,綠能環保,,unmapped_category
7743,金利食安,tpex,食品工業,B10,mapped
7744,崴寶,tpex,電子零組件業,B01,mapped
7747,昕奇雲端,tpex,數位雲端類,,unmapped_category
7749,意騰-KY,twse,半導體業,B01,mapped
7750,新代,twse,電機機械,B04,mapped
7751,竑騰,tpex,半導體業,B01,mapped
7753,星亞,tpex,光電業,B02,mapped
7757,金色三麥,tpex,觀光餐旅,,unmapped_category
7760,享溫馨,twse,觀光餐旅,,unmapped_category
7765,中華資安,twse,數位雲端,,unmapped_category
7767,仁大資訊,tpex,資訊服務業,,unmapped_category
7768,頌勝科技,twse,半導體業,B01,mapped
7769,鴻勁,twse,半導體業,B01,mapped
7770,君曜,tpex,半導體業,B01,mapped
7772,耀穎,tpex,半導體業,B01,mapped
7777,能率亞洲,tpex,其他,,umbrella_or_nonstock
7780,大研生醫*,twse,食品工業,B10,mapped
7782,光速火箭,tpex,居家生活類,,unmapped_category
7786,東方風能,twse,綠能環保,,unmapped_category
7788,松川精密,twse,電子零組件業,B01,mapped
7791,皇家可口,twse,食品工業,B10,mapped
7792,安葆,tpex,其他電子類,,unmapped_category
7794,宏碁智新,tpex,居家生活類,,unmapped_category
7795,長廣,twse,電子零組件業,B01,mapped
7799,禾榮科,twse,生技醫療業,B13,mapped
7803,雲象科技-創,twse,生技醫療業,B13,mapped
7805,威聯通,tpex,數位雲端類,,unmapped_category
7810,捷創科技,tpex,半導體業,B01,mapped
7811,民盛,tpex,運動休閒類,,unmapped_category
7814,海昌生技,tpex,生技醫療業,B13,mapped
7818,溢泰實業,twse,綠能環保,,unmapped_category
7819,精誠金融,tpex,資訊服務業,,unmapped_category
7820,立盈,tpex,綠能環保類,,unmapped_category
7821,神數,twse,汽車工業,B06,mapped
7822,倍利科,twse,半導體業,B01,mapped
7823,奧義賽博-KY創,twse,數位雲端,,unmapped_category
7827,漢康-KY創,twse,生技醫療業,B13,mapped
7828,創新服務,tpex,半導體業,B01,mapped
7835,永悅健康-創,twse,數位雲端,,unmapped_category
7839,達人網,tpex,數位雲端類,,unmapped_category
7842,天能綠電,tpex,綠能環保類,,unmapped_category
7855,和運租車,twse,其他,,umbrella_or_nonstock
8008,建興電,twse,電腦及週邊設備業,B02,mapped
8011,台通,twse,通信網路業,B02,mapped
8016,矽創,twse,半導體業,B01,mapped
8021,尖點,twse,其他電子業,,unmapped_category
8024,佑華,tpex,半導體業,B01,mapped
8027,鈦昇,tpex,電機機械,B04,mapped
8028,昇陽半導體,twse,半導體業,B01,mapped
8032,光菱,tpex,電子通路業,,unmapped_category
8033,雷虎,twse,其他,,umbrella_or_nonstock
8034,榮群,tpex,通信網路業,B02,mapped
8038,長園科,tpex,電子零組件業,B01,mapped
8039,台虹,twse,電子零組件業,B01,mapped
8040,九暘,tpex,半導體業,B01,mapped
8042,金山電,tpex,電子零組件業,B01,mapped
8043,蜜望實,tpex,電子零組件業,B01,mapped
8044,網家,tpex,數位雲端類|電子商務業,,ambiguous_excluded
8045,達運光電,twse,通信網路業,B02,mapped
8046,南電,twse,電子零組件業,B01,mapped
8047,星雲,tpex,其他電子類,,unmapped_category
8048,德勝,tpex,通信網路業,B02,mapped
8049,晶采,tpex,光電業,B02,mapped
8050,廣積,tpex,電腦及週邊設備業,B02,mapped
8054,安國,tpex,半導體業,B01,mapped
8059,凱碩,tpex,通信網路業,B02,mapped
8064,東捷,tpex,光電業,B02,mapped
8066,來思達,tpex,居家生活類|貿易百貨,,ambiguous_excluded
8067,志旭,tpex,電子通路業,,unmapped_category
8068,全達,tpex,電子通路業,,unmapped_category
8069,元太,tpex,光電業,B02,mapped
8070,長華*,twse,電子通路業,,unmapped_category
8071,能率網通,tpex,電子零組件業,B01,mapped
8072,陞泰,twse,電子通路業,,unmapped_category
8074,鉅橡,tpex,電子零組件業,B01,mapped
8076,伍豐,tpex,電腦及週邊設備業,B02,mapped
8077,洛碁,tpex,觀光事業|觀光餐旅,,ambiguous_excluded
8078,華寶,twse,通信網路業,B02,mapped
8080,永利聯合,tpex,建材營造|電子零組件業,,ambiguous_excluded
8081,致新,twse,半導體業,B01,mapped
8083,瑞穎,tpex,電機機械,B04,mapped
8084,巨虹,tpex,電子通路業,,unmapped_category
8085,福華,tpex,其他電子類,,unmapped_category
8086,宏捷科,tpex,半導體業,B01,mapped
8087,華鎂鑫,tpex,光電業|綠能環保類,,ambiguous_excluded
8088,品安,tpex,半導體業,B01,mapped
8089,康全電訊,tpex,通信網路業,B02,mapped
8091,翔名,tpex,半導體業|電子零組件業,B01,mapped
8092,建暐,tpex,其他電子類,,unmapped_category
8093,保銳,tpex,電子零組件業,B01,mapped
8096,擎亞,tpex,電子通路業,,unmapped_category
8097,常珵,tpex,通信網路業,B02,mapped
8099,大世科,tpex,資訊服務業,,unmapped_category
8101,華冠,twse,通信網路業,B02,mapped
8102,傑霖科技,tpex,半導體業,B01,mapped
8103,瀚荃,twse,電子零組件業,B01,mapped
8104,錸寶,twse,光電業,B02,mapped
8105,凌巨,twse,光電業,B02,mapped
8107,大億金茂,tpex,電機機械,B04,mapped
8109,博大,tpex,電子零組件業,B01,mapped
8110,華東,twse,半導體業,B01,mapped
8111,立碁,tpex,光電業,B02,mapped
8112,至上,twse,電子通路業,,unmapped_category
8112A,至上甲特,twse,電子通路業,,unmapped_category
8114,振樺電,twse,電腦及週邊設備業,B02,mapped
8121,越峰,tpex,電子零組件業,B01,mapped
8131,福懋科,twse,半導體業,B01,mapped
8147,正淩,tpex,電子零組件業,B01,mapped
8150,南茂,twse,半導體業,B01,mapped
8155,博智,tpex,電子零組件業,B01,mapped
8162,微矽電子-創,twse,半導體業,B01,mapped
8163,達方,twse,電腦及週邊設備業,B02,mapped
8171,天宇,tpex,綠能環保類|通信網路業,,ambiguous_excluded
8176,智捷,tpex,通信網路業,B02,mapped
8182,加高,tpex,電子零組件業,B01,mapped
8183,精星,tpex,其他電子類,,unmapped_category
8199,廣鎵,twse,光電業,B02,mapped
8201,無敵,twse,其他電子業,,unmapped_category
8210,勤誠,twse,電腦及週邊設備業,B02,mapped
8213,志超,twse,電子零組件業,B01,mapped
8215,明基材,twse,光電業,B02,mapped
8222,寶一,twse,電機機械,B04,mapped
8227,巨有科技,tpex,半導體業,B01,mapped
8234,新漢,tpex,電腦及週邊設備業,B02,mapped
8240,華宏,tpex,光電業,B02,mapped
8249,菱光,twse,電子零組件業,B01,mapped
8255,朋程,tpex,電機機械,B04,mapped
8261,富鼎,twse,半導體業,B01,mapped
8271,宇瞻,twse,半導體業,B01,mapped
8272,全景軟體,tpex,資訊服務業,,unmapped_category
8277,商丞,tpex,半導體業,B01,mapped
8279,生展,tpex,生技醫療業,B13,mapped
8284,三竹,tpex,資訊服務業,,unmapped_category
8289,泰藝,tpex,電子零組件業,B01,mapped
8291,尚茂,tpex,電子零組件業,B01,mapped
8299,群聯,tpex,半導體業,B01,mapped
8341,日友,twse,綠能環保,,unmapped_category
8342,益張,tpex,其他,,umbrella_or_nonstock
8349,恒耀,tpex,鋼鐵工業,B05,mapped
8349A,恒耀甲特,tpex,鋼鐵工業,B05,mapped
8354,冠好,tpex,塑膠工業,B07,mapped
8358,金居,tpex,電子零組件業,B01,mapped
8367,建新國際,twse,航運業,,unmapped_category
8374,羅昇,twse,電機機械,B04,mapped
8383,千附,tpex,其他電子類|半導體業,,ambiguous_excluded
8390,金益鼎,tpex,綠能環保類,,unmapped_category
8401,白紗科,tpex,其他,,umbrella_or_nonstock
8403,盛弘,tpex,生技醫療業,B13,mapped
8404,百和興業-KY,twse,其他,,umbrella_or_nonstock
8406,金可-KY,tpex,生技醫療業,B13,mapped
8409,商之器,tpex,生技醫療業,B13,mapped
8410,森田,tpex,電腦及週邊設備業,B02,mapped
8411,福貞-KY,twse,其他,,umbrella_or_nonstock
8415,大國鋼,tpex,鋼鐵工業,B05,mapped
8416,實威,tpex,資訊服務業,,unmapped_category
8418,捷必勝-KY,tpex,其他,,umbrella_or_nonstock
8420,明揚,tpex,運動休閒類,,unmapped_category
8421,旭源,tpex,其他,,umbrella_or_nonstock
8422,可寧衛,twse,綠能環保,,unmapped_category
8423,保綠-KY,tpex,綠能環保類,,unmapped_category
8424,惠普,tpex,建材營造,,unmapped_category
8426,紅木-KY,tpex,其他,,umbrella_or_nonstock
8427,基勝-KY,twse,其他,,umbrella_or_nonstock
8429,金麗-KY,twse,貿易百貨,,unmapped_category
8431,匯鑽科,tpex,其他電子類,,unmapped_category
8432,東生華,tpex,生技醫療業,B13,mapped
8433,弘帆,tpex,居家生活類|貿易百貨,,ambiguous_excluded
8435,鉅邁,tpex,其他,,umbrella_or_nonstock
8436,大江,tpex,生技醫療業,B13,mapped
8437,大地-KY,tpex,其他,,umbrella_or_nonstock
8438,昶昕,twse,綠能環保,,unmapped_category
8440,綠電,tpex,綠能環保類,,unmapped_category
8442,威宏-KY,twse,其他,,umbrella_or_nonstock
8443,阿瘦,twse,貿易百貨,,unmapped_category
8444,綠河-KY,tpex,其他,,umbrella_or_nonstock
8446,華研,tpex,文化創意業,,unmapped_category
8450,霹靂,tpex,文化創意業,,unmapped_category
8454,富邦媒,twse,數位雲端|貿易百貨,,ambiguous_excluded
8455,大拓-KY,tpex,其他電子類,,unmapped_category
8462,柏文,twse,觀光事業|觀光餐旅|運動休閒,,ambiguous_excluded
8463,潤泰材,twse,其他,,umbrella_or_nonstock
8464,億豐,twse,居家生活,,unmapped_category
8466,美吉吉-KY,twse,其他,,umbrella_or_nonstock
8467,波力-KY,twse,運動休閒,,unmapped_category
8472,夠麻吉,tpex,數位雲端類|電子商務業,,ambiguous_excluded
8473,山林水,twse,綠能環保,,unmapped_category
8476,台境,tpex,綠能環保|綠能環保類,,ambiguous_excluded
8477,創業家,tpex,數位雲端類|電子商務業,,ambiguous_excluded
8478,東哥遊艇,twse,運動休閒,,unmapped_category
8480,泰昇-KY,twse,其他,,umbrella_or_nonstock
8481,政伸,twse,其他,,umbrella_or_nonstock
8482,商億-KY,twse,居家生活,,unmapped_category
8487,愛爾達-創,twse,數位雲端,,unmapped_category
8488,吉源-KY,twse,其他,,umbrella_or_nonstock
8489,三貝德,tpex,文化創意業,,unmapped_category
8497,格威傳媒,twse,其他,,umbrella_or_nonstock
8499,鼎炫-KY,twse,其他電子業,,unmapped_category
8905,裕國,tpex,其他,,umbrella_or_nonstock
8906,花王,tpex,其他,,umbrella_or_nonstock
8908,欣雄,tpex,油電燃氣業,,unmapped_category
8916,光隆,tpex,其他,,umbrella_or_nonstock
8916A,光隆甲特,tpex,其他,,umbrella_or_nonstock
8917,欣泰,tpex,油電燃氣業,,unmapped_category
8921,沈氏,tpex,其他,,umbrella_or_nonstock
8923,時報,tpex,文化創意業,,unmapped_category
8924,大田,tpex,運動休閒類,,unmapped_category
8926,台汽電,twse,油電燃氣業,,unmapped_category
8927,北基,tpex,油電燃氣業,,unmapped_category
8928,鉅明,tpex,運動休閒類,,unmapped_category
8929,富堡,tpex,其他,,umbrella_or_nonstock
8930,青鋼,tpex,鋼鐵工業,B05,mapped
8931,大汽電,tpex,油電燃氣業,,unmapped_category
8932,智通*,tpex,數位雲端類,,unmapped_category
8933,愛地雅,tpex,運動休閒類,,unmapped_category
8934,衡平,tpex,其他,,umbrella_or_nonstock
8935,邦泰,tpex,其他,,umbrella_or_nonstock
8936,國統,tpex,其他,,umbrella_or_nonstock
8937,合騏*,tpex,其他,,umbrella_or_nonstock
8938,明安,tpex,運動休閒類,,unmapped_category
8940,新天地,twse,觀光事業|觀光餐旅,,ambiguous_excluded
8941,關中,tpex,居家生活類|貿易百貨,,ambiguous_excluded
8942,森鉅,tpex,其他,,umbrella_or_nonstock
8996,高力,twse,電機機械,B04,mapped
910069,新曄,twse,存託憑證,,umbrella_or_nonstock
9101,福雷電,twse,存託憑證,,umbrella_or_nonstock
9102,東亞科,twse,存託憑證,,umbrella_or_nonstock
9103,美德醫療-DR,twse,存託憑證,,umbrella_or_nonstock
910322,康師傅-DR,twse,存託憑證,,umbrella_or_nonstock
9104,萬宇科,twse,存託憑證,,umbrella_or_nonstock
910482,聖馬丁-DR,twse,存託憑證,,umbrella_or_nonstock
9105,泰金寶-DR,twse,存託憑證,,umbrella_or_nonstock
910579,歐聖,twse,存託憑證,,umbrella_or_nonstock
9106,新焦點-DR,twse,存託憑證,,umbrella_or_nonstock
910708,恒大健-DR,twse,存託憑證,,umbrella_or_nonstock
910801,金衛-DR,twse,存託憑證,,umbrella_or_nonstock
910861,神州-DR,twse,存託憑證,,umbrella_or_nonstock
910948,融達,twse,存託憑證,,umbrella_or_nonstock
9110,越南控-DR,twse,存託憑證,,umbrella_or_nonstock
911201,僑威控,twse,存託憑證,,umbrella_or_nonstock
911602,華豐泰,twse,存託憑證,,umbrella_or_nonstock
911606,超級,twse,存託憑證,,umbrella_or_nonstock
911608,明輝-DR,twse,存託憑證,,umbrella_or_nonstock
911609,揚子江,twse,存託憑證,,umbrella_or_nonstock
911610,聯環,twse,存託憑證,,umbrella_or_nonstock
911611,中泰山-DR,twse,存託憑證,,umbrella_or_nonstock
911612,滬安,twse,存託憑證,,umbrella_or_nonstock
911616,杜康-DR,twse,存託憑證,,umbrella_or_nonstock
911619,耀傑-DR,twse,存託憑證,,umbrella_or_nonstock
911622,泰聚亨-DR,twse,存託憑證,,umbrella_or_nonstock
911626,MSH-DR,twse,存託憑證,,umbrella_or_nonstock
911868,同方友友-DR,twse,存託憑證,,umbrella_or_nonstock
912000,晨訊科-DR,twse,存託憑證,,umbrella_or_nonstock
912398,友佳-DR,twse,存託憑證,,umbrella_or_nonstock
9136,巨騰-DR,twse,存託憑證,,umbrella_or_nonstock
913889,大成糖,twse,存託憑證,,umbrella_or_nonstock
9151,旺旺,twse,存託憑證,,umbrella_or_nonstock
9157,陽光能源-DR,twse,存託憑證,,umbrella_or_nonstock
916665,爾必達,twse,存託憑證,,umbrella_or_nonstock
9188,精熙-DR,twse,存託憑證,,umbrella_or_nonstock
9801,力霸,twse,貿易百貨,,unmapped_category
9802,鈺齊-KY,twse,運動休閒,,unmapped_category
9902,台火,twse,其他,,umbrella_or_nonstock
9904,寶成,twse,運動休閒,,unmapped_category
9905,大華,twse,其他,,umbrella_or_nonstock
9906,欣巴巴,twse,建材營造,,unmapped_category
9907,統一實,twse,其他,,umbrella_or_nonstock
9908,大台北,twse,油電燃氣業,,unmapped_category
9910,豐泰,twse,運動休閒,,unmapped_category
9911,櫻花,twse,居家生活,,unmapped_category
9912,偉聯,twse,電腦及週邊設備業,B02,mapped
9914,美利達,twse,運動休閒,,unmapped_category
9915,億豐,twse,其他,,umbrella_or_nonstock
9917,中保科,twse,其他,,umbrella_or_nonstock
9918,欣天然,twse,油電燃氣業,,unmapped_category
9919,康那香,twse,其他,,umbrella_or_nonstock
9921,巨大,twse,運動休閒,,unmapped_category
9922,優美,twse,其他,,umbrella_or_nonstock
9924,福興,twse,居家生活,,unmapped_category
9925,新保,twse,其他,,umbrella_or_nonstock
9926,新海,twse,油電燃氣業,,unmapped_category
9927,泰銘,twse,其他,,umbrella_or_nonstock
9928,中視,twse,其他,,umbrella_or_nonstock
9929,秋雨,twse,其他,,umbrella_or_nonstock
9930,中聯資源,twse,綠能環保,,unmapped_category
9931,欣高,twse,油電燃氣業,,unmapped_category
9933,中鼎,twse,其他,,umbrella_or_nonstock
9934,成霖,twse,居家生活,,unmapped_category
9935,慶豐富,twse,居家生活,,unmapped_category
9937,全國,twse,油電燃氣業,,unmapped_category
9938,百和,twse,其他,,umbrella_or_nonstock
9939,宏全,twse,其他,,umbrella_or_nonstock
9940,信義,twse,其他,,umbrella_or_nonstock
9941,裕融,twse,其他,,umbrella_or_nonstock
9941A,裕融甲特,twse,其他,,umbrella_or_nonstock
9942,茂順,twse,其他,,umbrella_or_nonstock
9943,好樂迪,twse,觀光事業|觀光餐旅,,ambiguous_excluded
9944,新麗,twse,其他,,umbrella_or_nonstock
9945,潤泰新,twse,其他,,umbrella_or_nonstock
9946,三發地產,twse,建材營造,,unmapped_category
9949,琉園,tpex,文化創意業,,unmapped_category
9950,萬國通,tpex,塑膠工業,B07,mapped
9951,皇田,tpex,電機機械,B04,mapped
9955,佳龍,twse,綠能環保,,unmapped_category
9958,世紀鋼,twse,鋼鐵工業,B05,mapped
9960,邁達康,tpex,貿易百貨|運動休閒類,,ambiguous_excluded
9962,有益,tpex,鋼鐵工業,B05,mapped
Automobile,汽車類指數,twse,Index,,umbrella_or_nonstock
BiotechnologyMedicalCare,生技醫療類指數,twse,Index,,umbrella_or_nonstock
BuildingMaterialConstruction,建材營造類指數,twse,Index,,umbrella_or_nonstock
Cement,水泥類指數,twse,Index,,umbrella_or_nonstock
Chemical,化學類指數,twse,Index,,umbrella_or_nonstock
ChemicalBiotechnologyMedicalCare,化學生技醫療類指數,twse,Index,,umbrella_or_nonstock
CommunicationsInternet,通信網路類指數,twse,Index,,umbrella_or_nonstock
ComputerPeripheralEquipment,電腦及週邊設備類指數,twse,Index,,umbrella_or_nonstock
ElectricMachinery,電機機械類指數,twse,Index,,umbrella_or_nonstock
ElectricalCable,電器電纜類指數,twse,Index,,umbrella_or_nonstock
Electronic,電子類指數,twse,Index,,umbrella_or_nonstock
ElectronicPartsComponents,電子零組件類指數,twse,Index,,umbrella_or_nonstock
ElectronicProductsDistribution,電子通路類指數,twse,Index,,umbrella_or_nonstock
FinancialInsurance,金融保險類指數,twse,Index,,umbrella_or_nonstock
Food,食品類指數,twse,Index,,umbrella_or_nonstock
GlassCeramic,玻璃陶瓷類指數,twse,Index,,umbrella_or_nonstock
InformationService,資訊服務類指數,twse,Index,,umbrella_or_nonstock
IronSteel,鋼鐵類指數,twse,Index,,umbrella_or_nonstock
OilGasElectricity,油電燃氣類指數,twse,Index,,umbrella_or_nonstock
Optoelectronic,光電類指數,twse,Index,,umbrella_or_nonstock
Other,其他類指數,twse,Index,,umbrella_or_nonstock
OtherElectronic,其他電子類指數,twse,Index,,umbrella_or_nonstock
PaperPulp,造紙類指數,twse,Index,,umbrella_or_nonstock
Plastics,塑膠類指數,twse,Index,,umbrella_or_nonstock
Rubber,橡膠類指數,twse,Index,,umbrella_or_nonstock
Semiconductor,半導體類指數,twse,Index,,umbrella_or_nonstock
ShippingTransportation,航運業類指數,twse,Index,,umbrella_or_nonstock
TAIEX,加權指數,twse,大盤,,umbrella_or_nonstock
TPEx,櫃買指數,tpex,大盤,,umbrella_or_nonstock
Textiles,紡織纖維類指數,twse,Index,,umbrella_or_nonstock
Tourism,觀光事業類指數,twse,Index,,umbrella_or_nonstock
TradingConsumersGoods,貿易百貨類指數,twse,Index,,umbrella_or_nonstock
