統計項目,行業代碼,行業別,資料期(民國年),統計值(比率),計量單位
存貨率,C,製造業,07101,107.70,％
存貨率,C,製造業,07102,108.06,％
存貨率,C,製造業,07103,93.83,％
存貨率,C,製造業,07104,93.68,％
存貨率,C,製造業,07105,91.38,％
存貨率,C,製造業,07106,91.57,％
存貨率,C,製造業,07107,91.49,％
存貨率,C,製造業,07108,92.83,％
存貨率,C,製造業,07109,89.60,％
存貨率,C,製造業,07110,92.78,％
存貨率,C,製造業,07111,90.39,％
存貨率,C,製造業,07112,83.49,％
存貨率,C,製造業,07201,94.32,％
存貨率,C,製造業,07202,115.54,％
存貨率,C,製造業,07203,85.99,％
存貨率,C,製造業,07204,80.90,％
存貨率,C,製造業,07205,77.19,％
存貨率,C,製造業,07206,74.12,％
存貨率,C,製造業,07207,74.38,％
存貨率,C,製造業,07208,70.72,％
存貨率,C,製造業,07209,74.25,％
存貨率,C,製造業,07210,79.71,％
存貨率,C,製造業,07211,76.73,％
存貨率,C,製造業,07212,76.70,％
存貨率,C,製造業,07301,78.99,％
存貨率,C,製造業,07302,105.22,％
存貨率,C,製造業,07303,81.39,％
存貨率,C,製造業,07304,80.51,％
存貨率,C,製造業,07305,77.37,％
存貨率,C,製造業,07306,78.59,％
存貨率,C,製造業,07307,79.83,％
存貨率,C,製造業,07308,82.15,％
存貨率,C,製造業,07309,88.06,％
存貨率,C,製造業,07310,88.00,％
存貨率,C,製造業,07311,87.31,％
存貨率,C,製造業,07312,82.67,％
存貨率,C,製造業,07401,91.60,％
存貨率,C,製造業,07402,108.95,％
存貨率,C,製造業,07403,87.43,％
存貨率,C,製造業,07404,87.33,％
存貨率,C,製造業,07405,85.55,％
存貨率,C,製造業,07406,91.21,％
存貨率,C,製造業,07407,89.87,％
存貨率,C,製造業,07408,89.38,％
存貨率,C,製造業,07409,89.98,％
存貨率,C,製造業,07410,90.86,％
存貨率,C,製造業,07411,86.65,％
存貨率,C,製造業,07412,78.21,％
存貨率,C,製造業,07501,79.75,％
存貨率,C,製造業,07502,105.27,％
存貨率,C,製造業,07503,66.14,％
存貨率,C,製造業,07504,80.26,％
存貨率,C,製造業,07505,73.20,％
存貨率,C,製造業,07506,70.87,％
存貨率,C,製造業,07507,68.39,％
存貨率,C,製造業,07508,69.03,％
存貨率,C,製造業,07509,70.35,％
存貨率,C,製造業,07510,67.31,％
存貨率,C,製造業,07511,72.21,％
存貨率,C,製造業,07512,62.38,％
存貨率,C,製造業,07601,72.31,％
存貨率,C,製造業,07602,80.90,％
存貨率,C,製造業,07603,70.17,％
存貨率,C,製造業,07604,69.53,％
存貨率,C,製造業,07605,69.70,％
存貨率,C,製造業,07606,69.01,％
存貨率,C,製造業,07607,70.22,％
存貨率,C,製造業,07608,69.72,％
存貨率,C,製造業,07609,69.43,％
存貨率,C,製造業,07610,70.96,％
存貨率,C,製造業,07611,73.57,％
存貨率,C,製造業,07612,67.05,％
存貨率,C,製造業,07701,73.44,％
存貨率,C,製造業,07702,86.17,％
存貨率,C,製造業,07703,73.63,％
存貨率,C,製造業,07704,72.65,％
存貨率,C,製造業,07705,70.98,％
存貨率,C,製造業,07706,67.84,％
存貨率,C,製造業,07707,68.34,％
存貨率,C,製造業,07708,67.95,％
存貨率,C,製造業,07709,68.60,％
存貨率,C,製造業,07710,73.40,％
存貨率,C,製造業,07711,71.49,％
存貨率,C,製造業,07712,66.72,％
存貨率,C,製造業,07801,71.90,％
存貨率,C,製造業,07802,91.88,％
存貨率,C,製造業,07803,66.97,％
存貨率,C,製造業,07804,69.54,％
存貨率,C,製造業,07805,70.51,％
存貨率,C,製造業,07806,69.93,％
存貨率,C,製造業,07807,71.71,％
存貨率,C,製造業,07808,69.79,％
存貨率,C,製造業,07809,74.78,％
存貨率,C,製造業,07810,76.18,％
存貨率,C,製造業,07811,74.46,％
存貨率,C,製造業,07812,72.51,％
存貨率,C,製造業,07901,85.83,％
存貨率,C,製造業,07902,87.53,％
存貨率,C,製造業,07903,72.44,％
存貨率,C,製造業,07904,77.52,％
存貨率,C,製造業,07905,74.67,％
存貨率,C,製造業,07906,73.92,％
存貨率,C,製造業,07907,74.79,％
存貨率,C,製造業,07908,70.75,％
存貨率,C,製造業,07909,74.57,％
存貨率,C,製造業,07910,74.17,％
存貨率,C,製造業,07911,72.48,％
存貨率,C,製造業,07912,72.12,％
存貨率,C,製造業,08001,75.79,％
存貨率,C,製造業,08002,99.31,％
存貨率,C,製造業,08003,78.70,％
存貨率,C,製造業,08004,75.95,％
存貨率,C,製造業,08005,71.62,％
存貨率,C,製造業,08006,73.40,％
存貨率,C,製造業,08007,70.17,％
存貨率,C,製造業,08008,68.22,％
存貨率,C,製造業,08009,74.22,％
存貨率,C,製造業,08010,73.71,％
存貨率,C,製造業,08011,72.07,％
存貨率,C,製造業,08012,73.12,％
存貨率,C,製造業,08101,72.66,％
存貨率,C,製造業,08102,97.89,％
存貨率,C,製造業,08103,75.69,％
存貨率,C,製造業,08104,74.82,％
存貨率,C,製造業,08105,75.36,％
存貨率,C,製造業,08106,76.58,％
存貨率,C,製造業,08107,74.18,％
存貨率,C,製造業,08108,76.79,％
存貨率,C,製造業,08109,78.77,％
存貨率,C,製造業,08110,76.06,％
存貨率,C,製造業,08111,75.68,％
存貨率,C,製造業,08112,74.48,％
存貨率,C,製造業,08201,94.27,％
存貨率,C,製造業,08202,84.40,％
存貨率,C,製造業,08203,74.88,％
存貨率,C,製造業,08204,74.08,％
存貨率,C,製造業,08205,74.78,％
存貨率,C,製造業,08206,74.42,％
存貨率,C,製造業,08207,70.84,％
存貨率,C,製造業,08208,71.17,％
存貨率,C,製造業,08209,74.73,％
存貨率,C,製造業,08210,72.50,％
存貨率,C,製造業,08211,74.79,％
存貨率,C,製造業,08212,71.35,％
存貨率,C,製造業,08301,73.82,％
存貨率,C,製造業,08302,90.95,％
存貨率,C,製造業,08303,68.87,％
存貨率,C,製造業,08304,66.83,％
存貨率,C,製造業,08305,66.70,％
存貨率,C,製造業,08306,65.58,％
存貨率,C,製造業,08307,66.47,％
存貨率,C,製造業,08308,67.99,％
存貨率,C,製造業,08309,66.08,％
存貨率,C,製造業,08310,67.51,％
存貨率,C,製造業,08311,66.41,％
存貨率,C,製造業,08312,66.07,％
存貨率,C,製造業,08401,67.61,％
存貨率,C,製造業,08402,79.29,％
存貨率,C,製造業,08403,60.95,％
存貨率,C,製造業,08404,66.08,％
存貨率,C,製造業,08405,64.20,％
存貨率,C,製造業,08406,68.36,％
存貨率,C,製造業,08407,73.03,％
存貨率,C,製造業,08408,73.45,％
存貨率,C,製造業,08409,72.95,％
存貨率,C,製造業,08410,72.99,％
存貨率,C,製造業,08411,70.64,％
存貨率,C,製造業,08412,74.04,％
存貨率,C,製造業,08501,76.54,％
存貨率,C,製造業,08502,92.67,％
存貨率,C,製造業,08503,73.85,％
存貨率,C,製造業,08504,72.55,％
存貨率,C,製造業,08505,72.45,％
存貨率,C,製造業,08506,73.75,％
存貨率,C,製造業,08507,74.70,％
存貨率,C,製造業,08508,71.01,％
存貨率,C,製造業,08509,72.32,％
存貨率,C,製造業,08510,69.49,％
存貨率,C,製造業,08511,67.25,％
存貨率,C,製造業,08512,67.90,％
存貨率,C,製造業,08601,66.71,％
存貨率,C,製造業,08602,85.79,％
存貨率,C,製造業,08603,63.62,％
存貨率,C,製造業,08604,65.50,％
存貨率,C,製造業,08605,65.28,％
存貨率,C,製造業,08606,69.41,％
存貨率,C,製造業,08607,66.67,％
存貨率,C,製造業,08608,68.65,％
存貨率,C,製造業,08609,66.33,％
存貨率,C,製造業,08610,64.53,％
存貨率,C,製造業,08611,67.65,％
存貨率,C,製造業,08612,66.49,％
存貨率,C,製造業,08701,78.10,％
存貨率,C,製造業,08702,76.70,％
存貨率,C,製造業,08703,68.25,％
存貨率,C,製造業,08704,70.59,％
存貨率,C,製造業,08705,75.21,％
存貨率,C,製造業,08706,73.96,％
存貨率,C,製造業,08707,72.37,％
存貨率,C,製造業,08708,70.29,％
存貨率,C,製造業,08709,68.24,％
存貨率,C,製造業,08710,68.48,％
存貨率,C,製造業,08711,72.93,％
存貨率,C,製造業,08712,70.12,％
存貨率,C,製造業,08801,72.04,％
存貨率,C,製造業,08802,85.47,％
存貨率,C,製造業,08803,63.16,％
存貨率,C,製造業,08804,63.64,％
存貨率,C,製造業,08805,65.14,％
存貨率,C,製造業,08806,65.13,％
存貨率,C,製造業,08807,67.67,％
存貨率,C,製造業,08808,67.87,％
存貨率,C,製造業,08809,69.26,％
存貨率,C,製造業,08810,61.15,％
存貨率,C,製造業,08811,63.82,％
存貨率,C,製造業,08812,64.76,％
存貨率,C,製造業,08901,66.59,％
存貨率,C,製造業,08902,78.72,％
存貨率,C,製造業,08903,57.95,％
存貨率,C,製造業,08904,65.52,％
存貨率,C,製造業,08905,63.72,％
存貨率,C,製造業,08906,63.64,％
存貨率,C,製造業,08907,66.16,％
存貨率,C,製造業,08908,66.30,％
存貨率,C,製造業,08909,63.70,％
存貨率,C,製造業,08910,67.09,％
存貨率,C,製造業,08911,71.52,％
存貨率,C,製造業,08912,77.28,％
存貨率,C,製造業,09001,87.36,％
存貨率,C,製造業,09002,83.40,％
存貨率,C,製造業,09003,71.20,％
存貨率,C,製造業,09004,79.75,％
存貨率,C,製造業,09005,78.73,％
存貨率,C,製造業,09006,81.76,％
存貨率,C,製造業,09007,82.35,％
存貨率,C,製造業,09008,76.38,％
存貨率,C,製造業,09009,81.63,％
存貨率,C,製造業,09010,74.73,％
存貨率,C,製造業,09011,74.96,％
存貨率,C,製造業,09012,78.14,％
存貨率,C,製造業,09101,72.47,％
存貨率,C,製造業,09102,86.86,％
存貨率,C,製造業,09103,63.83,％
存貨率,C,製造業,09104,64.01,％
存貨率,C,製造業,09105,63.91,％
存貨率,C,製造業,09106,68.10,％
存貨率,C,製造業,09107,67.80,％
存貨率,C,製造業,09108,68.57,％
存貨率,C,製造業,09109,69.92,％
存貨率,C,製造業,09110,64.72,％
存貨率,C,製造業,09111,67.36,％
存貨率,C,製造業,09112,66.41,％
存貨率,C,製造業,09201,64.24,％
存貨率,C,製造業,09202,76.84,％
存貨率,C,製造業,09203,65.32,％
存貨率,C,製造業,09204,67.92,％
存貨率,C,製造業,09205,69.27,％
存貨率,C,製造業,09206,67.34,％
存貨率,C,製造業,09207,63.95,％
存貨率,C,製造業,09208,63.83,％
存貨率,C,製造業,09209,61.37,％
存貨率,C,製造業,09210,56.65,％
存貨率,C,製造業,09211,59.57,％
存貨率,C,製造業,09212,57.68,％
存貨率,C,製造業,09301,63.98,％
存貨率,C,製造業,09302,62.11,％
存貨率,C,製造業,09303,58.20,％
存貨率,C,製造業,09304,58.58,％
存貨率,C,製造業,09305,60.45,％
存貨率,C,製造業,09306,61.19,％
存貨率,C,製造業,09307,60.60,％
存貨率,C,製造業,09308,60.77,％
存貨率,C,製造業,09309,61.60,％
存貨率,C,製造業,09310,61.77,％
存貨率,C,製造業,09311,66.86,％
存貨率,C,製造業,09312,70.96,％
存貨率,C,製造業,09401,65.89,％
存貨率,C,製造業,09402,83.35,％
存貨率,C,製造業,09403,63.31,％
存貨率,C,製造業,09404,67.63,％
存貨率,C,製造業,09405,68.52,％
存貨率,C,製造業,09406,66.30,％
存貨率,C,製造業,09407,67.61,％
存貨率,C,製造業,09408,62.60,％
存貨率,C,製造業,09409,60.64,％
存貨率,C,製造業,09410,61.56,％
存貨率,C,製造業,09411,62.09,％
存貨率,C,製造業,09412,61.71,％
存貨率,C,製造業,09501,63.04,％
存貨率,C,製造業,09502,73.47,％
存貨率,C,製造業,09503,60.41,％
存貨率,C,製造業,09504,63.28,％
存貨率,C,製造業,09505,62.76,％
存貨率,C,製造業,09506,62.82,％
存貨率,C,製造業,09507,64.70,％
存貨率,C,製造業,09508,59.97,％
存貨率,C,製造業,09509,63.34,％
存貨率,C,製造業,09510,63.40,％
存貨率,C,製造業,09511,62.59,％
存貨率,C,製造業,09512,65.31,％
存貨率,C,製造業,09601,62.81,％
存貨率,C,製造業,09602,79.75,％
存貨率,C,製造業,09603,60.56,％
存貨率,C,製造業,09604,63.02,％
存貨率,C,製造業,09605,60.88,％
存貨率,C,製造業,09606,64.15,％
存貨率,C,製造業,09607,61.21,％
存貨率,C,製造業,09608,61.54,％
存貨率,C,製造業,09609,60.67,％
存貨率,C,製造業,09610,56.91,％
存貨率,C,製造業,09611,60.20,％
存貨率,C,製造業,09612,61.97,％
存貨率,C,製造業,09701,60.66,％
存貨率,C,製造業,09702,72.01,％
存貨率,C,製造業,09703,59.84,％
存貨率,C,製造業,09704,60.61,％
存貨率,C,製造業,09705,61.01,％
存貨率,C,製造業,09706,63.62,％
存貨率,C,製造業,09707,67.59,％
存貨率,C,製造業,09708,74.21,％
存貨率,C,製造業,09709,80.20,％
存貨率,C,製造業,09710,82.63,％
存貨率,C,製造業,09711,102.07,％
存貨率,C,製造業,09712,97.92,％
存貨率,C,製造業,09801,106.57,％
存貨率,C,製造業,09802,91.07,％
存貨率,C,製造業,09803,76.17,％
存貨率,C,製造業,09804,70.17,％
存貨率,C,製造業,09805,71.21,％
存貨率,C,製造業,09806,64.26,％
存貨率,C,製造業,09807,59.96,％
存貨率,C,製造業,09808,61.61,％
存貨率,C,製造業,09809,61.78,％
存貨率,C,製造業,09810,62.82,％
存貨率,C,製造業,09811,64.02,％
存貨率,C,製造業,09812,57.87,％
存貨率,C,製造業,09901,57.66,％
存貨率,C,製造業,09902,71.04,％
存貨率,C,製造業,09903,55.65,％
存貨率,C,製造業,09904,53.93,％
存貨率,C,製造業,09905,58.78,％
存貨率,C,製造業,09906,60.77,％
存貨率,C,製造業,09907,60.46,％
存貨率,C,製造業,09908,61.96,％
存貨率,C,製造業,09909,62.98,％
存貨率,C,製造業,09910,61.89,％
存貨率,C,製造業,09911,61.28,％
存貨率,C,製造業,09912,59.43,％
存貨率,C,製造業,10001,60.42,％
存貨率,C,製造業,10002,76.48,％
存貨率,C,製造業,10003,59.75,％
存貨率,C,製造業,10004,63.45,％
存貨率,C,製造業,10005,67.31,％
存貨率,C,製造業,10006,67.02,％
存貨率,C,製造業,10007,66.13,％
存貨率,C,製造業,10008,67.79,％
存貨率,C,製造業,10009,67.08,％
存貨率,C,製造業,10010,70.55,％
存貨率,C,製造業,10011,72.37,％
存貨率,C,製造業,10012,70.67,％
存貨率,C,製造業,10101,78.14,％
存貨率,C,製造業,10102,71.35,％
存貨率,C,製造業,10103,63.72,％
存貨率,C,製造業,10104,68.38,％
存貨率,C,製造業,10105,68.25,％
存貨率,C,製造業,10106,71.46,％
存貨率,C,製造業,10107,68.56,％
存貨率,C,製造業,10108,67.36,％
存貨率,C,製造業,10109,69.77,％
存貨率,C,製造業,10110,68.36,％
存貨率,C,製造業,10111,68.54,％
存貨率,C,製造業,10112,70.97,％
存貨率,C,製造業,10201,64.67,％
存貨率,C,製造業,10202,85.93,％
存貨率,C,製造業,10203,70.09,％
存貨率,C,製造業,10204,69.96,％
存貨率,C,製造業,10205,65.46,％
存貨率,C,製造業,10206,68.98,％
存貨率,C,製造業,10207,68.24,％
存貨率,C,製造業,10208,65.46,％
存貨率,C,製造業,10209,68.96,％
存貨率,C,製造業,10210,65.49,％
存貨率,C,製造業,10211,67.56,％
存貨率,C,製造業,10212,65.93,％
存貨率,C,製造業,10301,65.38,％
存貨率,C,製造業,10302,77.78,％
存貨率,C,製造業,10303,65.85,％
存貨率,C,製造業,10304,63.62,％
存貨率,C,製造業,10305,62.66,％
存貨率,C,製造業,10306,65.46,％
存貨率,C,製造業,10307,62.49,％
存貨率,C,製造業,10308,66.88,％
存貨率,C,製造業,10309,67.02,％
存貨率,C,製造業,10310,65.17,％
存貨率,C,製造業,10311,71.04,％
存貨率,C,製造業,10312,69.96,％
存貨率,C,製造業,10401,68.60,％
存貨率,C,製造業,10402,85.57,％
存貨率,C,製造業,10403,68.94,％
存貨率,C,製造業,10404,70.71,％
存貨率,C,製造業,10405,72.87,％
存貨率,C,製造業,10406,73.57,％
存貨率,C,製造業,10407,72.46,％
存貨率,C,製造業,10408,77.41,％
存貨率,C,製造業,10409,76.84,％
存貨率,C,製造業,10410,70.83,％
存貨率,C,製造業,10411,75.24,％
存貨率,C,製造業,10412,74.99,％
存貨率,C,製造業,10501,73.57,％
存貨率,C,製造業,10502,91.17,％
存貨率,C,製造業,10503,67.84,％
存貨率,C,製造業,10504,71.41,％
存貨率,C,製造業,10505,69.55,％
存貨率,C,製造業,10506,68.16,％
存貨率,C,製造業,10507,70.50,％
存貨率,C,製造業,10508,66.55,％
存貨率,C,製造業,10509,72.16,％
存貨率,C,製造業,10510,68.80,％
存貨率,C,製造業,10511,66.93,％
存貨率,C,製造業,10512,68.41,％
存貨率,C,製造業,10601,73.00,％
存貨率,C,製造業,10602,80.99,％
存貨率,C,製造業,10603,67.25,％
存貨率,C,製造業,10604,78.50,％
存貨率,C,製造業,10605,72.87,％
存貨率,C,製造業,10606,68.83,％
存貨率,C,製造業,10607,72.67,％
存貨率,C,製造業,10608,66.94,％
存貨率,C,製造業,10609,68.13,％
存貨率,C,製造業,10610,68.93,％
存貨率,C,製造業,10611,68.46,％
存貨率,C,製造業,10612,69.39,％
存貨率,C,製造業,10701,67.63,％
存貨率,C,製造業,10702,86.61,％
存貨率,C,製造業,10703,65.90,％
存貨率,C,製造業,10704,73.54,％
存貨率,C,製造業,10705,68.80,％
存貨率,C,製造業,10706,69.61,％
存貨率,C,製造業,10707,70.81,％
存貨率,C,製造業,10708,67.80,％
存貨率,C,製造業,10709,71.92,％
存貨率,C,製造業,10710,71.39,％
存貨率,C,製造業,10711,74.63,％
存貨率,C,製造業,10712,75.56,％
存貨率,C,製造業,10801,71.71,％
存貨率,C,製造業,10802,96.06,％
存貨率,C,製造業,10803,75.79,％
存貨率,C,製造業,10804,77.65,％
存貨率,C,製造業,10805,76.06,％
存貨率,C,製造業,10806,78.12,％
存貨率,C,製造業,10807,74.30,％
存貨率,C,製造業,10808,72.72,％
存貨率,C,製造業,10809,75.02,％
存貨率,C,製造業,10810,71.43,％
存貨率,C,製造業,10811,73.81,％
存貨率,C,製造業,10812,70.38,％
存貨率,C,製造業,10901,79.54,％
存貨率,C,製造業,10902,81.72,％
存貨率,C,製造業,10903,72.89,％
存貨率,C,製造業,10904,82.91,％
存貨率,C,製造業,10905,85.23,％
存貨率,C,製造業,10906,77.63,％
存貨率,C,製造業,10907,74.48,％
存貨率,C,製造業,10908,73.93,％
存貨率,C,製造業,10909,66.54,％
存貨率,C,製造業,10910,69.70,％
存貨率,C,製造業,10911,66.32,％
存貨率,C,製造業,10912,62.86,％
存貨率,C,製造業,11001,64.20,％
存貨率,C,製造業,11002,77.19,％
存貨率,C,製造業,11003,62.90,％
存貨率,C,製造業,11004,68.93,％
存貨率,C,製造業,11005,68.91,％
存貨率,C,製造業,11006,69.51,％
存貨率,C,製造業,11007,71.27,％
存貨率,C,製造業,11008,74.04,％
存貨率,C,製造業,11009,73.34,％
存貨率,C,製造業,11010,77.33,％
存貨率,C,製造業,11011,76.35,％
存貨率,C,製造業,11012,75.82,％
存貨率,C,製造業,11101,77.13,％
存貨率,C,製造業,11102,94.57,％
存貨率,C,製造業,11103,72.54,％
存貨率,C,製造業,11104,81.55,％
存貨率,C,製造業,11105,81.91,％
存貨率,C,製造業,11106,82.19,％
存貨率,C,製造業,11107,88.65,％
存貨率,C,製造業,11108,86.09,％
存貨率,C,製造業,11109,87.38,％
存貨率,C,製造業,11110,92.24,％
存貨率,C,製造業,11111,92.16,％
存貨率,C,製造業,11112,93.25,％
存貨率,C,製造業,11201,107.91,％
存貨率,C,製造業,11202,107.60,％
存貨率,C,製造業,11203,92.16,％
存貨率,C,製造業,11204,103.13,％
存貨率,C,製造業,11205,91.99,％
存貨率,C,製造業,11206,93.81,％
存貨率,C,製造業,11207,90.15,％
存貨率,C,製造業,11208,84.70,％
存貨率,C,製造業,11209,89.51,％
存貨率,C,製造業,11210,86.31,％
存貨率,C,製造業,11211,89.81,％
存貨率,C,製造業,11212,92.08,％
存貨率,C,製造業,11301,84.33,％
存貨率,C,製造業,11302,106.08,％
存貨率,C,製造業,11303,87.15,％
存貨率,C,製造業,11304,87.18,％
存貨率,C,製造業,11305,83.84,％
存貨率,C,製造業,11306,92.44,％
存貨率,C,製造業,11307,81.96,％
存貨率,C,製造業,11308,82.11,％
存貨率,C,製造業,11309,87.39,％
存貨率,C,製造業,11310,84.01,％
存貨率,C,製造業,11311,85.90,％
存貨率,C,製造業,11312,87.26,％
存貨率,C,製造業,11401,91.48,％
存貨率,C,製造業,11402,89.36,％
存貨率,C,製造業,11403,84.05,％
存貨率,C,製造業,11404,78.77,％
存貨率,C,製造業,11405,76.67,％
存貨率,C,製造業,11406,80.23,％
存貨率,C,製造業,11407,77.51,％
存貨率,C,製造業,11408,82.63,％
存貨率,C,製造業,11409,82.10,％
存貨率,C,製造業,11410,79.86,％
存貨率,C,製造業,11411,79.58,％
存貨率,C,製造業,11412,77.42,％
存貨率,C,製造業,11501,72.13,％
存貨率,C,製造業,11502,90.49,％
存貨率,C,製造業,11503,71.79,％
存貨率,C,製造業,11504,78.62,％
存貨率,C,製造業,11505,82.54,％
存貨率,C,製造業,11506,76.51,％
存貨率,I1,金屬機電工業,07101,97.91,％
存貨率,I1,金屬機電工業,07102,94.28,％
存貨率,I1,金屬機電工業,07103,83.79,％
存貨率,I1,金屬機電工業,07104,86.47,％
存貨率,I1,金屬機電工業,07105,83.83,％
存貨率,I1,金屬機電工業,07106,82.69,％
存貨率,I1,金屬機電工業,07107,82.14,％
存貨率,I1,金屬機電工業,07108,85.05,％
存貨率,I1,金屬機電工業,07109,86.69,％
存貨率,I1,金屬機電工業,07110,89.16,％
存貨率,I1,金屬機電工業,07111,86.50,％
存貨率,I1,金屬機電工業,07112,80.53,％
存貨率,I1,金屬機電工業,07201,89.18,％
存貨率,I1,金屬機電工業,07202,108.54,％
存貨率,I1,金屬機電工業,07203,78.26,％
存貨率,I1,金屬機電工業,07204,75.52,％
存貨率,I1,金屬機電工業,07205,66.40,％
存貨率,I1,金屬機電工業,07206,66.69,％
存貨率,I1,金屬機電工業,07207,62.31,％
存貨率,I1,金屬機電工業,07208,61.82,％
存貨率,I1,金屬機電工業,07209,66.21,％
存貨率,I1,金屬機電工業,07210,78.14,％
存貨率,I1,金屬機電工業,07211,73.47,％
存貨率,I1,金屬機電工業,07212,75.54,％
存貨率,I1,金屬機電工業,07301,74.89,％
存貨率,I1,金屬機電工業,07302,95.00,％
存貨率,I1,金屬機電工業,07303,74.28,％
存貨率,I1,金屬機電工業,07304,74.00,％
存貨率,I1,金屬機電工業,07305,71.32,％
存貨率,I1,金屬機電工業,07306,69.40,％
存貨率,I1,金屬機電工業,07307,67.99,％
存貨率,I1,金屬機電工業,07308,74.84,％
存貨率,I1,金屬機電工業,07309,80.48,％
存貨率,I1,金屬機電工業,07310,81.21,％
存貨率,I1,金屬機電工業,07311,82.09,％
存貨率,I1,金屬機電工業,07312,79.97,％
存貨率,I1,金屬機電工業,07401,84.90,％
存貨率,I1,金屬機電工業,07402,94.88,％
存貨率,I1,金屬機電工業,07403,78.29,％
存貨率,I1,金屬機電工業,07404,74.70,％
存貨率,I1,金屬機電工業,07405,73.48,％
存貨率,I1,金屬機電工業,07406,73.74,％
存貨率,I1,金屬機電工業,07407,76.94,％
存貨率,I1,金屬機電工業,07408,79.20,％
存貨率,I1,金屬機電工業,07409,82.58,％
存貨率,I1,金屬機電工業,07410,80.32,％
存貨率,I1,金屬機電工業,07411,81.82,％
存貨率,I1,金屬機電工業,07412,71.55,％
存貨率,I1,金屬機電工業,07501,70.48,％
存貨率,I1,金屬機電工業,07502,96.19,％
存貨率,I1,金屬機電工業,07503,48.64,％
存貨率,I1,金屬機電工業,07504,72.45,％
存貨率,I1,金屬機電工業,07505,65.74,％
存貨率,I1,金屬機電工業,07506,61.87,％
存貨率,I1,金屬機電工業,07507,57.64,％
存貨率,I1,金屬機電工業,07508,63.18,％
存貨率,I1,金屬機電工業,07509,65.64,％
存貨率,I1,金屬機電工業,07510,61.03,％
存貨率,I1,金屬機電工業,07511,68.18,％
存貨率,I1,金屬機電工業,07512,57.74,％
存貨率,I1,金屬機電工業,07601,67.84,％
存貨率,I1,金屬機電工業,07602,75.00,％
存貨率,I1,金屬機電工業,07603,61.12,％
存貨率,I1,金屬機電工業,07604,57.99,％
存貨率,I1,金屬機電工業,07605,60.75,％
存貨率,I1,金屬機電工業,07606,58.25,％
存貨率,I1,金屬機電工業,07607,56.85,％
存貨率,I1,金屬機電工業,07608,59.88,％
存貨率,I1,金屬機電工業,07609,57.66,％
存貨率,I1,金屬機電工業,07610,59.97,％
存貨率,I1,金屬機電工業,07611,63.88,％
存貨率,I1,金屬機電工業,07612,57.58,％
存貨率,I1,金屬機電工業,07701,56.87,％
存貨率,I1,金屬機電工業,07702,75.56,％
存貨率,I1,金屬機電工業,07703,61.89,％
存貨率,I1,金屬機電工業,07704,58.33,％
存貨率,I1,金屬機電工業,07705,55.94,％
存貨率,I1,金屬機電工業,07706,56.09,％
存貨率,I1,金屬機電工業,07707,57.79,％
存貨率,I1,金屬機電工業,07708,58.30,％
存貨率,I1,金屬機電工業,07709,56.39,％
存貨率,I1,金屬機電工業,07710,56.91,％
存貨率,I1,金屬機電工業,07711,55.96,％
存貨率,I1,金屬機電工業,07712,58.01,％
存貨率,I1,金屬機電工業,07801,59.31,％
存貨率,I1,金屬機電工業,07802,82.13,％
存貨率,I1,金屬機電工業,07803,51.38,％
存貨率,I1,金屬機電工業,07804,54.64,％
存貨率,I1,金屬機電工業,07805,56.22,％
存貨率,I1,金屬機電工業,07806,58.53,％
存貨率,I1,金屬機電工業,07807,61.53,％
存貨率,I1,金屬機電工業,07808,62.03,％
存貨率,I1,金屬機電工業,07809,68.24,％
存貨率,I1,金屬機電工業,07810,69.50,％
存貨率,I1,金屬機電工業,07811,69.14,％
存貨率,I1,金屬機電工業,07812,70.89,％
存貨率,I1,金屬機電工業,07901,80.96,％
存貨率,I1,金屬機電工業,07902,78.64,％
存貨率,I1,金屬機電工業,07903,57.90,％
存貨率,I1,金屬機電工業,07904,64.37,％
存貨率,I1,金屬機電工業,07905,62.16,％
存貨率,I1,金屬機電工業,07906,62.79,％
存貨率,I1,金屬機電工業,07907,66.54,％
存貨率,I1,金屬機電工業,07908,65.21,％
存貨率,I1,金屬機電工業,07909,67.66,％
存貨率,I1,金屬機電工業,07910,66.30,％
存貨率,I1,金屬機電工業,07911,64.18,％
存貨率,I1,金屬機電工業,07912,65.73,％
存貨率,I1,金屬機電工業,08001,64.32,％
存貨率,I1,金屬機電工業,08002,88.58,％
存貨率,I1,金屬機電工業,08003,62.31,％
存貨率,I1,金屬機電工業,08004,59.57,％
存貨率,I1,金屬機電工業,08005,56.02,％
存貨率,I1,金屬機電工業,08006,59.45,％
存貨率,I1,金屬機電工業,08007,56.64,％
存貨率,I1,金屬機電工業,08008,59.05,％
存貨率,I1,金屬機電工業,08009,64.12,％
存貨率,I1,金屬機電工業,08010,64.59,％
存貨率,I1,金屬機電工業,08011,63.02,％
存貨率,I1,金屬機電工業,08012,71.13,％
存貨率,I1,金屬機電工業,08101,59.37,％
存貨率,I1,金屬機電工業,08102,83.90,％
存貨率,I1,金屬機電工業,08103,61.68,％
存貨率,I1,金屬機電工業,08104,59.78,％
存貨率,I1,金屬機電工業,08105,59.38,％
存貨率,I1,金屬機電工業,08106,60.18,％
存貨率,I1,金屬機電工業,08107,58.74,％
存貨率,I1,金屬機電工業,08108,61.62,％
存貨率,I1,金屬機電工業,08109,64.47,％
存貨率,I1,金屬機電工業,08110,62.61,％
存貨率,I1,金屬機電工業,08111,60.42,％
存貨率,I1,金屬機電工業,08112,66.90,％
存貨率,I1,金屬機電工業,08201,80.46,％
存貨率,I1,金屬機電工業,08202,69.07,％
存貨率,I1,金屬機電工業,08203,59.79,％
存貨率,I1,金屬機電工業,08204,57.68,％
存貨率,I1,金屬機電工業,08205,59.08,％
存貨率,I1,金屬機電工業,08206,59.32,％
存貨率,I1,金屬機電工業,08207,58.17,％
存貨率,I1,金屬機電工業,08208,61.84,％
存貨率,I1,金屬機電工業,08209,68.84,％
存貨率,I1,金屬機電工業,08210,66.01,％
存貨率,I1,金屬機電工業,08211,72.36,％
存貨率,I1,金屬機電工業,08212,74.50,％
存貨率,I1,金屬機電工業,08301,66.50,％
存貨率,I1,金屬機電工業,08302,85.13,％
存貨率,I1,金屬機電工業,08303,60.72,％
存貨率,I1,金屬機電工業,08304,55.96,％
存貨率,I1,金屬機電工業,08305,55.80,％
存貨率,I1,金屬機電工業,08306,55.28,％
存貨率,I1,金屬機電工業,08307,57.91,％
存貨率,I1,金屬機電工業,08308,62.10,％
存貨率,I1,金屬機電工業,08309,59.68,％
存貨率,I1,金屬機電工業,08310,60.65,％
存貨率,I1,金屬機電工業,08311,61.28,％
存貨率,I1,金屬機電工業,08312,68.70,％
存貨率,I1,金屬機電工業,08401,55.00,％
存貨率,I1,金屬機電工業,08402,65.29,％
存貨率,I1,金屬機電工業,08403,50.63,％
存貨率,I1,金屬機電工業,08404,52.25,％
存貨率,I1,金屬機電工業,08405,51.38,％
存貨率,I1,金屬機電工業,08406,56.12,％
存貨率,I1,金屬機電工業,08407,60.35,％
存貨率,I1,金屬機電工業,08408,65.34,％
存貨率,I1,金屬機電工業,08409,66.68,％
存貨率,I1,金屬機電工業,08410,69.73,％
存貨率,I1,金屬機電工業,08411,71.22,％
存貨率,I1,金屬機電工業,08412,79.63,％
存貨率,I1,金屬機電工業,08501,70.27,％
存貨率,I1,金屬機電工業,08502,87.99,％
存貨率,I1,金屬機電工業,08503,66.69,％
存貨率,I1,金屬機電工業,08504,63.32,％
存貨率,I1,金屬機電工業,08505,65.29,％
存貨率,I1,金屬機電工業,08506,65.09,％
存貨率,I1,金屬機電工業,08507,64.61,％
存貨率,I1,金屬機電工業,08508,67.14,％
存貨率,I1,金屬機電工業,08509,70.19,％
存貨率,I1,金屬機電工業,08510,67.37,％
存貨率,I1,金屬機電工業,08511,64.79,％
存貨率,I1,金屬機電工業,08512,72.23,％
存貨率,I1,金屬機電工業,08601,58.99,％
存貨率,I1,金屬機電工業,08602,81.02,％
存貨率,I1,金屬機電工業,08603,55.98,％
存貨率,I1,金屬機電工業,08604,55.06,％
存貨率,I1,金屬機電工業,08605,54.89,％
存貨率,I1,金屬機電工業,08606,61.39,％
存貨率,I1,金屬機電工業,08607,59.33,％
存貨率,I1,金屬機電工業,08608,63.62,％
存貨率,I1,金屬機電工業,08609,61.86,％
存貨率,I1,金屬機電工業,08610,60.97,％
存貨率,I1,金屬機電工業,08611,68.65,％
存貨率,I1,金屬機電工業,08612,70.52,％
存貨率,I1,金屬機電工業,08701,68.39,％
存貨率,I1,金屬機電工業,08702,70.31,％
存貨率,I1,金屬機電工業,08703,61.59,％
存貨率,I1,金屬機電工業,08704,62.34,％
存貨率,I1,金屬機電工業,08705,70.85,％
存貨率,I1,金屬機電工業,08706,70.24,％
存貨率,I1,金屬機電工業,08707,64.36,％
存貨率,I1,金屬機電工業,08708,65.67,％
存貨率,I1,金屬機電工業,08709,66.66,％
存貨率,I1,金屬機電工業,08710,68.22,％
存貨率,I1,金屬機電工業,08711,75.60,％
存貨率,I1,金屬機電工業,08712,75.56,％
存貨率,I1,金屬機電工業,08801,62.42,％
存貨率,I1,金屬機電工業,08802,80.12,％
存貨率,I1,金屬機電工業,08803,58.34,％
存貨率,I1,金屬機電工業,08804,56.19,％
存貨率,I1,金屬機電工業,08805,60.50,％
存貨率,I1,金屬機電工業,08806,61.59,％
存貨率,I1,金屬機電工業,08807,63.82,％
存貨率,I1,金屬機電工業,08808,65.97,％
存貨率,I1,金屬機電工業,08809,68.09,％
存貨率,I1,金屬機電工業,08810,60.52,％
存貨率,I1,金屬機電工業,08811,64.24,％
存貨率,I1,金屬機電工業,08812,69.98,％
存貨率,I1,金屬機電工業,08901,57.85,％
存貨率,I1,金屬機電工業,08902,78.01,％
存貨率,I1,金屬機電工業,08903,53.52,％
存貨率,I1,金屬機電工業,08904,57.60,％
存貨率,I1,金屬機電工業,08905,58.98,％
存貨率,I1,金屬機電工業,08906,62.25,％
存貨率,I1,金屬機電工業,08907,65.76,％
存貨率,I1,金屬機電工業,08908,67.07,％
存貨率,I1,金屬機電工業,08909,66.06,％
存貨率,I1,金屬機電工業,08910,72.16,％
存貨率,I1,金屬機電工業,08911,79.81,％
存貨率,I1,金屬機電工業,08912,86.96,％
存貨率,I1,金屬機電工業,09001,84.71,％
存貨率,I1,金屬機電工業,09002,82.31,％
存貨率,I1,金屬機電工業,09003,67.30,％
存貨率,I1,金屬機電工業,09004,73.55,％
存貨率,I1,金屬機電工業,09005,72.99,％
存貨率,I1,金屬機電工業,09006,78.69,％
存貨率,I1,金屬機電工業,09007,80.06,％
存貨率,I1,金屬機電工業,09008,78.70,％
存貨率,I1,金屬機電工業,09009,84.23,％
存貨率,I1,金屬機電工業,09010,72.39,％
存貨率,I1,金屬機電工業,09011,74.60,％
存貨率,I1,金屬機電工業,09012,83.64,％
存貨率,I1,金屬機電工業,09101,62.56,％
存貨率,I1,金屬機電工業,09102,84.59,％
存貨率,I1,金屬機電工業,09103,57.15,％
存貨率,I1,金屬機電工業,09104,56.92,％
存貨率,I1,金屬機電工業,09105,54.43,％
存貨率,I1,金屬機電工業,09106,56.97,％
存貨率,I1,金屬機電工業,09107,56.13,％
存貨率,I1,金屬機電工業,09108,59.99,％
存貨率,I1,金屬機電工業,09109,59.17,％
存貨率,I1,金屬機電工業,09110,57.93,％
存貨率,I1,金屬機電工業,09111,62.04,％
存貨率,I1,金屬機電工業,09112,59.43,％
存貨率,I1,金屬機電工業,09201,54.59,％
存貨率,I1,金屬機電工業,09202,69.06,％
存貨率,I1,金屬機電工業,09203,53.89,％
存貨率,I1,金屬機電工業,09204,56.93,％
存貨率,I1,金屬機電工業,09205,61.20,％
存貨率,I1,金屬機電工業,09206,60.55,％
存貨率,I1,金屬機電工業,09207,56.15,％
存貨率,I1,金屬機電工業,09208,60.74,％
存貨率,I1,金屬機電工業,09209,57.85,％
存貨率,I1,金屬機電工業,09210,52.28,％
存貨率,I1,金屬機電工業,09211,54.96,％
存貨率,I1,金屬機電工業,09212,58.66,％
存貨率,I1,金屬機電工業,09301,56.32,％
存貨率,I1,金屬機電工業,09302,52.63,％
存貨率,I1,金屬機電工業,09303,48.59,％
存貨率,I1,金屬機電工業,09304,50.72,％
存貨率,I1,金屬機電工業,09305,56.31,％
存貨率,I1,金屬機電工業,09306,56.72,％
存貨率,I1,金屬機電工業,09307,54.24,％
存貨率,I1,金屬機電工業,09308,56.67,％
存貨率,I1,金屬機電工業,09309,58.40,％
存貨率,I1,金屬機電工業,09310,57.59,％
存貨率,I1,金屬機電工業,09311,62.28,％
存貨率,I1,金屬機電工業,09312,69.59,％
存貨率,I1,金屬機電工業,09401,58.38,％
存貨率,I1,金屬機電工業,09402,80.56,％
存貨率,I1,金屬機電工業,09403,57.12,％
存貨率,I1,金屬機電工業,09404,61.94,％
存貨率,I1,金屬機電工業,09405,65.20,％
存貨率,I1,金屬機電工業,09406,69.49,％
存貨率,I1,金屬機電工業,09407,72.51,％
存貨率,I1,金屬機電工業,09408,68.75,％
存貨率,I1,金屬機電工業,09409,66.12,％
存貨率,I1,金屬機電工業,09410,66.39,％
存貨率,I1,金屬機電工業,09411,67.03,％
存貨率,I1,金屬機電工業,09412,69.25,％
存貨率,I1,金屬機電工業,09501,61.29,％
存貨率,I1,金屬機電工業,09502,75.13,％
存貨率,I1,金屬機電工業,09503,56.39,％
存貨率,I1,金屬機電工業,09504,61.24,％
存貨率,I1,金屬機電工業,09505,58.78,％
存貨率,I1,金屬機電工業,09506,60.53,％
存貨率,I1,金屬機電工業,09507,65.56,％
存貨率,I1,金屬機電工業,09508,62.79,％
存貨率,I1,金屬機電工業,09509,67.13,％
存貨率,I1,金屬機電工業,09510,63.51,％
存貨率,I1,金屬機電工業,09511,65.39,％
存貨率,I1,金屬機電工業,09512,66.09,％
存貨率,I1,金屬機電工業,09601,58.62,％
存貨率,I1,金屬機電工業,09602,81.59,％
存貨率,I1,金屬機電工業,09603,56.48,％
存貨率,I1,金屬機電工業,09604,59.50,％
存貨率,I1,金屬機電工業,09605,59.28,％
存貨率,I1,金屬機電工業,09606,65.69,％
存貨率,I1,金屬機電工業,09607,66.48,％
存貨率,I1,金屬機電工業,09608,67.79,％
存貨率,I1,金屬機電工業,09609,69.97,％
存貨率,I1,金屬機電工業,09610,62.35,％
存貨率,I1,金屬機電工業,09611,66.01,％
存貨率,I1,金屬機電工業,09612,68.09,％
存貨率,I1,金屬機電工業,09701,60.50,％
存貨率,I1,金屬機電工業,09702,79.02,％
存貨率,I1,金屬機電工業,09703,60.12,％
存貨率,I1,金屬機電工業,09704,62.30,％
存貨率,I1,金屬機電工業,09705,66.84,％
存貨率,I1,金屬機電工業,09706,68.86,％
存貨率,I1,金屬機電工業,09707,72.94,％
存貨率,I1,金屬機電工業,09708,82.11,％
存貨率,I1,金屬機電工業,09709,90.60,％
存貨率,I1,金屬機電工業,09710,94.20,％
存貨率,I1,金屬機電工業,09711,119.78,％
存貨率,I1,金屬機電工業,09712,106.21,％
存貨率,I1,金屬機電工業,09801,122.84,％
存貨率,I1,金屬機電工業,09802,105.50,％
存貨率,I1,金屬機電工業,09803,89.59,％
存貨率,I1,金屬機電工業,09804,84.27,％
存貨率,I1,金屬機電工業,09805,85.59,％
存貨率,I1,金屬機電工業,09806,70.68,％
存貨率,I1,金屬機電工業,09807,66.92,％
存貨率,I1,金屬機電工業,09808,71.35,％
存貨率,I1,金屬機電工業,09809,69.02,％
存貨率,I1,金屬機電工業,09810,67.85,％
存貨率,I1,金屬機電工業,09811,71.64,％
存貨率,I1,金屬機電工業,09812,61.52,％
存貨率,I1,金屬機電工業,09901,62.33,％
存貨率,I1,金屬機電工業,09902,84.25,％
存貨率,I1,金屬機電工業,09903,57.92,％
存貨率,I1,金屬機電工業,09904,57.61,％
存貨率,I1,金屬機電工業,09905,63.66,％
存貨率,I1,金屬機電工業,09906,66.72,％
存貨率,I1,金屬機電工業,09907,67.38,％
存貨率,I1,金屬機電工業,09908,68.94,％
存貨率,I1,金屬機電工業,09909,69.28,％
存貨率,I1,金屬機電工業,09910,68.85,％
存貨率,I1,金屬機電工業,09911,72.01,％
存貨率,I1,金屬機電工業,09912,66.85,％
存貨率,I1,金屬機電工業,10001,63.58,％
存貨率,I1,金屬機電工業,10002,90.17,％
存貨率,I1,金屬機電工業,10003,63.16,％
存貨率,I1,金屬機電工業,10004,71.14,％
存貨率,I1,金屬機電工業,10005,76.24,％
存貨率,I1,金屬機電工業,10006,71.38,％
存貨率,I1,金屬機電工業,10007,71.47,％
存貨率,I1,金屬機電工業,10008,72.90,％
存貨率,I1,金屬機電工業,10009,73.82,％
存貨率,I1,金屬機電工業,10010,77.46,％
存貨率,I1,金屬機電工業,10011,82.58,％
存貨率,I1,金屬機電工業,10012,78.71,％
存貨率,I1,金屬機電工業,10101,88.13,％
存貨率,I1,金屬機電工業,10102,77.16,％
存貨率,I1,金屬機電工業,10103,68.41,％
存貨率,I1,金屬機電工業,10104,73.72,％
存貨率,I1,金屬機電工業,10105,70.96,％
存貨率,I1,金屬機電工業,10106,76.71,％
存貨率,I1,金屬機電工業,10107,73.33,％
存貨率,I1,金屬機電工業,10108,75.11,％
存貨率,I1,金屬機電工業,10109,78.52,％
存貨率,I1,金屬機電工業,10110,73.97,％
存貨率,I1,金屬機電工業,10111,75.77,％
存貨率,I1,金屬機電工業,10112,76.77,％
存貨率,I1,金屬機電工業,10201,63.60,％
存貨率,I1,金屬機電工業,10202,95.49,％
存貨率,I1,金屬機電工業,10203,71.32,％
存貨率,I1,金屬機電工業,10204,74.78,％
存貨率,I1,金屬機電工業,10205,71.93,％
存貨率,I1,金屬機電工業,10206,77.80,％
存貨率,I1,金屬機電工業,10207,72.47,％
存貨率,I1,金屬機電工業,10208,72.43,％
存貨率,I1,金屬機電工業,10209,73.94,％
存貨率,I1,金屬機電工業,10210,68.79,％
存貨率,I1,金屬機電工業,10211,74.31,％
存貨率,I1,金屬機電工業,10212,69.83,％
存貨率,I1,金屬機電工業,10301,65.26,％
存貨率,I1,金屬機電工業,10302,80.18,％
存貨率,I1,金屬機電工業,10303,66.25,％
存貨率,I1,金屬機電工業,10304,65.12,％
存貨率,I1,金屬機電工業,10305,64.92,％
存貨率,I1,金屬機電工業,10306,68.76,％
存貨率,I1,金屬機電工業,10307,65.87,％
存貨率,I1,金屬機電工業,10308,72.95,％
存貨率,I1,金屬機電工業,10309,72.46,％
存貨率,I1,金屬機電工業,10310,71.34,％
存貨率,I1,金屬機電工業,10311,77.55,％
存貨率,I1,金屬機電工業,10312,75.36,％
存貨率,I1,金屬機電工業,10401,71.38,％
存貨率,I1,金屬機電工業,10402,100.92,％
存貨率,I1,金屬機電工業,10403,73.70,％
存貨率,I1,金屬機電工業,10404,77.51,％
存貨率,I1,金屬機電工業,10405,78.43,％
存貨率,I1,金屬機電工業,10406,76.23,％
存貨率,I1,金屬機電工業,10407,73.64,％
存貨率,I1,金屬機電工業,10408,82.90,％
存貨率,I1,金屬機電工業,10409,83.27,％
存貨率,I1,金屬機電工業,10410,79.53,％
存貨率,I1,金屬機電工業,10411,85.37,％
存貨率,I1,金屬機電工業,10412,80.14,％
存貨率,I1,金屬機電工業,10501,73.96,％
存貨率,I1,金屬機電工業,10502,102.56,％
存貨率,I1,金屬機電工業,10503,69.55,％
存貨率,I1,金屬機電工業,10504,72.44,％
存貨率,I1,金屬機電工業,10505,70.10,％
存貨率,I1,金屬機電工業,10506,70.66,％
存貨率,I1,金屬機電工業,10507,75.08,％
存貨率,I1,金屬機電工業,10508,75.07,％
存貨率,I1,金屬機電工業,10509,83.78,％
存貨率,I1,金屬機電工業,10510,77.94,％
存貨率,I1,金屬機電工業,10511,74.59,％
存貨率,I1,金屬機電工業,10512,76.17,％
存貨率,I1,金屬機電工業,10601,77.71,％
存貨率,I1,金屬機電工業,10602,90.41,％
存貨率,I1,金屬機電工業,10603,69.58,％
存貨率,I1,金屬機電工業,10604,81.30,％
存貨率,I1,金屬機電工業,10605,79.91,％
存貨率,I1,金屬機電工業,10606,77.37,％
存貨率,I1,金屬機電工業,10607,79.55,％
存貨率,I1,金屬機電工業,10608,74.32,％
存貨率,I1,金屬機電工業,10609,76.37,％
存貨率,I1,金屬機電工業,10610,78.83,％
存貨率,I1,金屬機電工業,10611,77.48,％
存貨率,I1,金屬機電工業,10612,79.68,％
存貨率,I1,金屬機電工業,10701,71.21,％
存貨率,I1,金屬機電工業,10702,98.67,％
存貨率,I1,金屬機電工業,10703,68.23,％
存貨率,I1,金屬機電工業,10704,79.64,％
存貨率,I1,金屬機電工業,10705,71.45,％
存貨率,I1,金屬機電工業,10706,74.03,％
存貨率,I1,金屬機電工業,10707,74.76,％
存貨率,I1,金屬機電工業,10708,77.10,％
存貨率,I1,金屬機電工業,10709,84.59,％
存貨率,I1,金屬機電工業,10710,81.35,％
存貨率,I1,金屬機電工業,10711,86.34,％
存貨率,I1,金屬機電工業,10712,87.19,％
存貨率,I1,金屬機電工業,10801,77.84,％
存貨率,I1,金屬機電工業,10802,112.10,％
存貨率,I1,金屬機電工業,10803,84.11,％
存貨率,I1,金屬機電工業,10804,85.61,％
存貨率,I1,金屬機電工業,10805,85.18,％
存貨率,I1,金屬機電工業,10806,90.50,％
存貨率,I1,金屬機電工業,10807,85.82,％
存貨率,I1,金屬機電工業,10808,91.23,％
存貨率,I1,金屬機電工業,10809,94.86,％
存貨率,I1,金屬機電工業,10810,91.17,％
存貨率,I1,金屬機電工業,10811,94.31,％
存貨率,I1,金屬機電工業,10812,85.05,％
存貨率,I1,金屬機電工業,10901,100.21,％
存貨率,I1,金屬機電工業,10902,93.39,％
存貨率,I1,金屬機電工業,10903,83.88,％
存貨率,I1,金屬機電工業,10904,96.67,％
存貨率,I1,金屬機電工業,10905,99.15,％
存貨率,I1,金屬機電工業,10906,93.29,％
存貨率,I1,金屬機電工業,10907,84.61,％
存貨率,I1,金屬機電工業,10908,89.58,％
存貨率,I1,金屬機電工業,10909,80.52,％
存貨率,I1,金屬機電工業,10910,82.12,％
存貨率,I1,金屬機電工業,10911,78.83,％
存貨率,I1,金屬機電工業,10912,71.29,％
存貨率,I1,金屬機電工業,11001,71.66,％
存貨率,I1,金屬機電工業,11002,93.01,％
存貨率,I1,金屬機電工業,11003,67.86,％
存貨率,I1,金屬機電工業,11004,74.16,％
存貨率,I1,金屬機電工業,11005,72.19,％
存貨率,I1,金屬機電工業,11006,75.33,％
存貨率,I1,金屬機電工業,11007,75.30,％
存貨率,I1,金屬機電工業,11008,81.60,％
存貨率,I1,金屬機電工業,11009,83.03,％
存貨率,I1,金屬機電工業,11010,84.48,％
存貨率,I1,金屬機電工業,11011,82.67,％
存貨率,I1,金屬機電工業,11012,86.76,％
存貨率,I1,金屬機電工業,11101,88.36,％
存貨率,I1,金屬機電工業,11102,110.85,％
存貨率,I1,金屬機電工業,11103,78.89,％
存貨率,I1,金屬機電工業,11104,88.31,％
存貨率,I1,金屬機電工業,11105,92.10,％
存貨率,I1,金屬機電工業,11106,93.52,％
存貨率,I1,金屬機電工業,11107,98.77,％
存貨率,I1,金屬機電工業,11108,95.74,％
存貨率,I1,金屬機電工業,11109,99.23,％
存貨率,I1,金屬機電工業,11110,101.17,％
存貨率,I1,金屬機電工業,11111,98.38,％
存貨率,I1,金屬機電工業,11112,97.48,％
存貨率,I1,金屬機電工業,11201,122.07,％
存貨率,I1,金屬機電工業,11202,109.28,％
存貨率,I1,金屬機電工業,11203,92.96,％
存貨率,I1,金屬機電工業,11204,110.56,％
存貨率,I1,金屬機電工業,11205,101.25,％
存貨率,I1,金屬機電工業,11206,105.88,％
存貨率,I1,金屬機電工業,11207,108.05,％
存貨率,I1,金屬機電工業,11208,101.14,％
存貨率,I1,金屬機電工業,11209,105.20,％
存貨率,I1,金屬機電工業,11210,109.58,％
存貨率,I1,金屬機電工業,11211,103.18,％
存貨率,I1,金屬機電工業,11212,103.07,％
存貨率,I1,金屬機電工業,11301,97.48,％
存貨率,I1,金屬機電工業,11302,131.18,％
存貨率,I1,金屬機電工業,11303,98.22,％
存貨率,I1,金屬機電工業,11304,102.84,％
存貨率,I1,金屬機電工業,11305,99.22,％
存貨率,I1,金屬機電工業,11306,105.58,％
存貨率,I1,金屬機電工業,11307,105.19,％
存貨率,I1,金屬機電工業,11308,108.04,％
存貨率,I1,金屬機電工業,11309,114.75,％
存貨率,I1,金屬機電工業,11310,115.75,％
存貨率,I1,金屬機電工業,11311,111.90,％
存貨率,I1,金屬機電工業,11312,106.33,％
存貨率,I1,金屬機電工業,11401,119.13,％
存貨率,I1,金屬機電工業,11402,117.61,％
存貨率,I1,金屬機電工業,11403,106.91,％
存貨率,I1,金屬機電工業,11404,106.50,％
存貨率,I1,金屬機電工業,11405,112.96,％
存貨率,I1,金屬機電工業,11406,113.26,％
存貨率,I1,金屬機電工業,11407,113.32,％
存貨率,I1,金屬機電工業,11408,118.00,％
存貨率,I1,金屬機電工業,11409,118.46,％
存貨率,I1,金屬機電工業,11410,120.39,％
存貨率,I1,金屬機電工業,11411,121.90,％
存貨率,I1,金屬機電工業,11412,109.63,％
存貨率,I1,金屬機電工業,11501,104.88,％
存貨率,I1,金屬機電工業,11502,143.63,％
存貨率,I1,金屬機電工業,11503,104.51,％
存貨率,I1,金屬機電工業,11504,105.78,％
存貨率,I1,金屬機電工業,11505,114.60,％
存貨率,I1,金屬機電工業,11506,106.55,％
存貨率,24,基本金屬製造業,07101,159.35,％
存貨率,24,基本金屬製造業,07102,135.57,％
存貨率,24,基本金屬製造業,07103,128.10,％
存貨率,24,基本金屬製造業,07104,122.62,％
存貨率,24,基本金屬製造業,07105,108.19,％
存貨率,24,基本金屬製造業,07106,112.46,％
存貨率,24,基本金屬製造業,07107,119.47,％
存貨率,24,基本金屬製造業,07108,109.63,％
存貨率,24,基本金屬製造業,07109,107.63,％
存貨率,24,基本金屬製造業,07110,120.63,％
存貨率,24,基本金屬製造業,07111,121.73,％
存貨率,24,基本金屬製造業,07112,120.43,％
存貨率,24,基本金屬製造業,07201,118.90,％
存貨率,24,基本金屬製造業,07202,131.53,％
存貨率,24,基本金屬製造業,07203,103.16,％
存貨率,24,基本金屬製造業,07204,98.78,％
存貨率,24,基本金屬製造業,07205,86.78,％
存貨率,24,基本金屬製造業,07206,98.49,％
存貨率,24,基本金屬製造業,07207,90.92,％
存貨率,24,基本金屬製造業,07208,83.97,％
存貨率,24,基本金屬製造業,07209,84.70,％
存貨率,24,基本金屬製造業,07210,109.87,％
存貨率,24,基本金屬製造業,07211,99.48,％
存貨率,24,基本金屬製造業,07212,100.78,％
存貨率,24,基本金屬製造業,07301,121.47,％
存貨率,24,基本金屬製造業,07302,146.45,％
存貨率,24,基本金屬製造業,07303,113.44,％
存貨率,24,基本金屬製造業,07304,108.93,％
存貨率,24,基本金屬製造業,07305,106.12,％
存貨率,24,基本金屬製造業,07306,102.55,％
存貨率,24,基本金屬製造業,07307,98.49,％
存貨率,24,基本金屬製造業,07308,104.75,％
存貨率,24,基本金屬製造業,07309,105.84,％
存貨率,24,基本金屬製造業,07310,103.79,％
存貨率,24,基本金屬製造業,07311,98.63,％
存貨率,24,基本金屬製造業,07312,102.66,％
存貨率,24,基本金屬製造業,07401,101.81,％
存貨率,24,基本金屬製造業,07402,126.00,％
存貨率,24,基本金屬製造業,07403,114.07,％
存貨率,24,基本金屬製造業,07404,107.40,％
存貨率,24,基本金屬製造業,07405,114.50,％
存貨率,24,基本金屬製造業,07406,111.94,％
存貨率,24,基本金屬製造業,07407,113.67,％
存貨率,24,基本金屬製造業,07408,114.64,％
存貨率,24,基本金屬製造業,07409,108.17,％
存貨率,24,基本金屬製造業,07410,93.39,％
存貨率,24,基本金屬製造業,07411,83.45,％
存貨率,24,基本金屬製造業,07412,80.57,％
存貨率,24,基本金屬製造業,07501,62.27,％
存貨率,24,基本金屬製造業,07502,90.41,％
存貨率,24,基本金屬製造業,07503,48.10,％
存貨率,24,基本金屬製造業,07504,80.81,％
存貨率,24,基本金屬製造業,07505,68.02,％
存貨率,24,基本金屬製造業,07506,71.56,％
存貨率,24,基本金屬製造業,07507,71.78,％
存貨率,24,基本金屬製造業,07508,78.75,％
存貨率,24,基本金屬製造業,07509,81.25,％
存貨率,24,基本金屬製造業,07510,75.85,％
存貨率,24,基本金屬製造業,07511,93.81,％
存貨率,24,基本金屬製造業,07512,74.62,％
存貨率,24,基本金屬製造業,07601,91.46,％
存貨率,24,基本金屬製造業,07602,93.85,％
存貨率,24,基本金屬製造業,07603,85.40,％
存貨率,24,基本金屬製造業,07604,74.40,％
存貨率,24,基本金屬製造業,07605,74.93,％
存貨率,24,基本金屬製造業,07606,78.58,％
存貨率,24,基本金屬製造業,07607,78.58,％
存貨率,24,基本金屬製造業,07608,83.91,％
存貨率,24,基本金屬製造業,07609,71.05,％
存貨率,24,基本金屬製造業,07610,73.03,％
存貨率,24,基本金屬製造業,07611,80.46,％
存貨率,24,基本金屬製造業,07612,65.06,％
存貨率,24,基本金屬製造業,07701,57.45,％
存貨率,24,基本金屬製造業,07702,73.42,％
存貨率,24,基本金屬製造業,07703,64.42,％
存貨率,24,基本金屬製造業,07704,64.44,％
存貨率,24,基本金屬製造業,07705,66.97,％
存貨率,24,基本金屬製造業,07706,76.22,％
存貨率,24,基本金屬製造業,07707,78.61,％
存貨率,24,基本金屬製造業,07708,80.05,％
存貨率,24,基本金屬製造業,07709,76.89,％
存貨率,24,基本金屬製造業,07710,77.90,％
存貨率,24,基本金屬製造業,07711,71.18,％
存貨率,24,基本金屬製造業,07712,63.03,％
存貨率,24,基本金屬製造業,07801,73.04,％
存貨率,24,基本金屬製造業,07802,94.55,％
存貨率,24,基本金屬製造業,07803,72.84,％
存貨率,24,基本金屬製造業,07804,71.71,％
存貨率,24,基本金屬製造業,07805,82.38,％
存貨率,24,基本金屬製造業,07806,79.75,％
存貨率,24,基本金屬製造業,07807,81.87,％
存貨率,24,基本金屬製造業,07808,87.22,％
存貨率,24,基本金屬製造業,07809,95.85,％
存貨率,24,基本金屬製造業,07810,87.19,％
存貨率,24,基本金屬製造業,07811,82.16,％
存貨率,24,基本金屬製造業,07812,82.46,％
存貨率,24,基本金屬製造業,07901,109.61,％
存貨率,24,基本金屬製造業,07902,86.26,％
存貨率,24,基本金屬製造業,07903,58.72,％
存貨率,24,基本金屬製造業,07904,71.72,％
存貨率,24,基本金屬製造業,07905,74.41,％
存貨率,24,基本金屬製造業,07906,74.04,％
存貨率,24,基本金屬製造業,07907,78.09,％
存貨率,24,基本金屬製造業,07908,74.05,％
存貨率,24,基本金屬製造業,07909,83.14,％
存貨率,24,基本金屬製造業,07910,75.16,％
存貨率,24,基本金屬製造業,07911,72.41,％
存貨率,24,基本金屬製造業,07912,68.26,％
存貨率,24,基本金屬製造業,08001,72.87,％
存貨率,24,基本金屬製造業,08002,99.03,％
存貨率,24,基本金屬製造業,08003,76.24,％
存貨率,24,基本金屬製造業,08004,72.07,％
存貨率,24,基本金屬製造業,08005,68.21,％
存貨率,24,基本金屬製造業,08006,75.45,％
存貨率,24,基本金屬製造業,08007,70.14,％
存貨率,24,基本金屬製造業,08008,67.43,％
存貨率,24,基本金屬製造業,08009,71.64,％
存貨率,24,基本金屬製造業,08010,71.20,％
存貨率,24,基本金屬製造業,08011,66.80,％
存貨率,24,基本金屬製造業,08012,71.19,％
存貨率,24,基本金屬製造業,08101,77.07,％
存貨率,24,基本金屬製造業,08102,108.67,％
存貨率,24,基本金屬製造業,08103,92.99,％
存貨率,24,基本金屬製造業,08104,88.60,％
存貨率,24,基本金屬製造業,08105,87.82,％
存貨率,24,基本金屬製造業,08106,83.87,％
存貨率,24,基本金屬製造業,08107,80.47,％
存貨率,24,基本金屬製造業,08108,78.71,％
存貨率,24,基本金屬製造業,08109,86.67,％
存貨率,24,基本金屬製造業,08110,79.28,％
存貨率,24,基本金屬製造業,08111,67.88,％
存貨率,24,基本金屬製造業,08112,67.77,％
存貨率,24,基本金屬製造業,08201,101.44,％
存貨率,24,基本金屬製造業,08202,85.92,％
存貨率,24,基本金屬製造業,08203,70.36,％
存貨率,24,基本金屬製造業,08204,73.05,％
存貨率,24,基本金屬製造業,08205,78.40,％
存貨率,24,基本金屬製造業,08206,89.51,％
存貨率,24,基本金屬製造業,08207,84.62,％
存貨率,24,基本金屬製造業,08208,85.19,％
存貨率,24,基本金屬製造業,08209,95.35,％
存貨率,24,基本金屬製造業,08210,88.77,％
存貨率,24,基本金屬製造業,08211,91.99,％
存貨率,24,基本金屬製造業,08212,99.52,％
存貨率,24,基本金屬製造業,08301,90.26,％
存貨率,24,基本金屬製造業,08302,124.20,％
存貨率,24,基本金屬製造業,08303,92.52,％
存貨率,24,基本金屬製造業,08304,82.09,％
存貨率,24,基本金屬製造業,08305,80.01,％
存貨率,24,基本金屬製造業,08306,83.40,％
存貨率,24,基本金屬製造業,08307,84.07,％
存貨率,24,基本金屬製造業,08308,88.30,％
存貨率,24,基本金屬製造業,08309,79.82,％
存貨率,24,基本金屬製造業,08310,74.39,％
存貨率,24,基本金屬製造業,08311,62.24,％
存貨率,24,基本金屬製造業,08312,60.80,％
存貨率,24,基本金屬製造業,08401,57.24,％
存貨率,24,基本金屬製造業,08402,65.32,％
存貨率,24,基本金屬製造業,08403,56.92,％
存貨率,24,基本金屬製造業,08404,66.92,％
存貨率,24,基本金屬製造業,08405,71.24,％
存貨率,24,基本金屬製造業,08406,80.53,％
存貨率,24,基本金屬製造業,08407,81.53,％
存貨率,24,基本金屬製造業,08408,82.70,％
存貨率,24,基本金屬製造業,08409,86.11,％
存貨率,24,基本金屬製造業,08410,88.74,％
存貨率,24,基本金屬製造業,08411,86.51,％
存貨率,24,基本金屬製造業,08412,92.21,％
存貨率,24,基本金屬製造業,08501,86.77,％
存貨率,24,基本金屬製造業,08502,113.14,％
存貨率,24,基本金屬製造業,08503,94.61,％
存貨率,24,基本金屬製造業,08504,88.91,％
存貨率,24,基本金屬製造業,08505,86.57,％
存貨率,24,基本金屬製造業,08506,96.56,％
存貨率,24,基本金屬製造業,08507,90.98,％
存貨率,24,基本金屬製造業,08508,103.11,％
存貨率,24,基本金屬製造業,08509,102.44,％
存貨率,24,基本金屬製造業,08510,88.98,％
存貨率,24,基本金屬製造業,08511,76.02,％
存貨率,24,基本金屬製造業,08512,73.02,％
存貨率,24,基本金屬製造業,08601,68.58,％
存貨率,24,基本金屬製造業,08602,94.57,％
存貨率,24,基本金屬製造業,08603,70.72,％
存貨率,24,基本金屬製造業,08604,70.06,％
存貨率,24,基本金屬製造業,08605,67.63,％
存貨率,24,基本金屬製造業,08606,83.62,％
存貨率,24,基本金屬製造業,08607,81.59,％
存貨率,24,基本金屬製造業,08608,85.46,％
存貨率,24,基本金屬製造業,08609,88.19,％
存貨率,24,基本金屬製造業,08610,86.06,％
存貨率,24,基本金屬製造業,08611,83.54,％
存貨率,24,基本金屬製造業,08612,80.32,％
存貨率,24,基本金屬製造業,08701,98.92,％
存貨率,24,基本金屬製造業,08702,103.69,％
存貨率,24,基本金屬製造業,08703,95.02,％
存貨率,24,基本金屬製造業,08704,98.73,％
存貨率,24,基本金屬製造業,08705,104.04,％
存貨率,24,基本金屬製造業,08706,104.96,％
存貨率,24,基本金屬製造業,08707,96.91,％
存貨率,24,基本金屬製造業,08708,99.01,％
存貨率,24,基本金屬製造業,08709,94.87,％
存貨率,24,基本金屬製造業,08710,94.14,％
存貨率,24,基本金屬製造業,08711,99.38,％
存貨率,24,基本金屬製造業,08712,99.94,％
存貨率,24,基本金屬製造業,08801,102.96,％
存貨率,24,基本金屬製造業,08802,123.52,％
存貨率,24,基本金屬製造業,08803,94.74,％
存貨率,24,基本金屬製造業,08804,88.28,％
存貨率,24,基本金屬製造業,08805,91.31,％
存貨率,24,基本金屬製造業,08806,93.56,％
存貨率,24,基本金屬製造業,08807,103.38,％
存貨率,24,基本金屬製造業,08808,106.43,％
存貨率,24,基本金屬製造業,08809,108.67,％
存貨率,24,基本金屬製造業,08810,96.38,％
存貨率,24,基本金屬製造業,08811,89.36,％
存貨率,24,基本金屬製造業,08812,93.29,％
存貨率,24,基本金屬製造業,08901,86.91,％
存貨率,24,基本金屬製造業,08902,112.82,％
存貨率,24,基本金屬製造業,08903,83.13,％
存貨率,24,基本金屬製造業,08904,86.52,％
存貨率,24,基本金屬製造業,08905,91.45,％
存貨率,24,基本金屬製造業,08906,108.55,％
存貨率,24,基本金屬製造業,08907,105.28,％
存貨率,24,基本金屬製造業,08908,102.87,％
存貨率,24,基本金屬製造業,08909,97.46,％
存貨率,24,基本金屬製造業,08910,109.24,％
存貨率,24,基本金屬製造業,08911,113.49,％
存貨率,24,基本金屬製造業,08912,109.84,％
存貨率,24,基本金屬製造業,09001,126.23,％
存貨率,24,基本金屬製造業,09002,111.00,％
存貨率,24,基本金屬製造業,09003,98.75,％
存貨率,24,基本金屬製造業,09004,102.78,％
存貨率,24,基本金屬製造業,09005,98.68,％
存貨率,24,基本金屬製造業,09006,110.39,％
存貨率,24,基本金屬製造業,09007,119.72,％
存貨率,24,基本金屬製造業,09008,109.93,％
存貨率,24,基本金屬製造業,09009,121.46,％
存貨率,24,基本金屬製造業,09010,106.18,％
存貨率,24,基本金屬製造業,09011,99.05,％
存貨率,24,基本金屬製造業,09012,107.54,％
存貨率,24,基本金屬製造業,09101,93.71,％
存貨率,24,基本金屬製造業,09102,112.08,％
存貨率,24,基本金屬製造業,09103,79.64,％
存貨率,24,基本金屬製造業,09104,75.67,％
存貨率,24,基本金屬製造業,09105,72.06,％
存貨率,24,基本金屬製造業,09106,74.66,％
存貨率,24,基本金屬製造業,09107,74.55,％
存貨率,24,基本金屬製造業,09108,78.36,％
存貨率,24,基本金屬製造業,09109,79.28,％
存貨率,24,基本金屬製造業,09110,76.68,％
存貨率,24,基本金屬製造業,09111,79.92,％
存貨率,24,基本金屬製造業,09112,79.76,％
存貨率,24,基本金屬製造業,09201,75.66,％
存貨率,24,基本金屬製造業,09202,80.51,％
存貨率,24,基本金屬製造業,09203,70.49,％
存貨率,24,基本金屬製造業,09204,79.92,％
存貨率,24,基本金屬製造業,09205,90.07,％
存貨率,24,基本金屬製造業,09206,86.80,％
存貨率,24,基本金屬製造業,09207,77.84,％
存貨率,24,基本金屬製造業,09208,78.05,％
存貨率,24,基本金屬製造業,09209,74.71,％
存貨率,24,基本金屬製造業,09210,69.55,％
存貨率,24,基本金屬製造業,09211,69.64,％
存貨率,24,基本金屬製造業,09212,69.21,％
存貨率,24,基本金屬製造業,09301,73.48,％
存貨率,24,基本金屬製造業,09302,67.29,％
存貨率,24,基本金屬製造業,09303,64.59,％
存貨率,24,基本金屬製造業,09304,68.86,％
存貨率,24,基本金屬製造業,09305,80.93,％
存貨率,24,基本金屬製造業,09306,81.05,％
存貨率,24,基本金屬製造業,09307,75.93,％
存貨率,24,基本金屬製造業,09308,72.49,％
存貨率,24,基本金屬製造業,09309,78.86,％
存貨率,24,基本金屬製造業,09310,75.61,％
存貨率,24,基本金屬製造業,09311,79.39,％
存貨率,24,基本金屬製造業,09312,91.02,％
存貨率,24,基本金屬製造業,09401,90.46,％
存貨率,24,基本金屬製造業,09402,111.22,％
存貨率,24,基本金屬製造業,09403,83.18,％
存貨率,24,基本金屬製造業,09404,82.06,％
存貨率,24,基本金屬製造業,09405,89.94,％
存貨率,24,基本金屬製造業,09406,112.98,％
存貨率,24,基本金屬製造業,09407,121.21,％
存貨率,24,基本金屬製造業,09408,105.75,％
存貨率,24,基本金屬製造業,09409,96.15,％
存貨率,24,基本金屬製造業,09410,94.58,％
存貨率,24,基本金屬製造業,09411,88.06,％
存貨率,24,基本金屬製造業,09412,89.36,％
存貨率,24,基本金屬製造業,09501,88.18,％
存貨率,24,基本金屬製造業,09502,89.08,％
存貨率,24,基本金屬製造業,09503,73.74,％
存貨率,24,基本金屬製造業,09504,76.70,％
存貨率,24,基本金屬製造業,09505,70.93,％
存貨率,24,基本金屬製造業,09506,76.65,％
存貨率,24,基本金屬製造業,09507,83.31,％
存貨率,24,基本金屬製造業,09508,74.36,％
存貨率,24,基本金屬製造業,09509,77.94,％
存貨率,24,基本金屬製造業,09510,72.15,％
存貨率,24,基本金屬製造業,09511,70.61,％
存貨率,24,基本金屬製造業,09512,74.31,％
存貨率,24,基本金屬製造業,09601,66.96,％
存貨率,24,基本金屬製造業,09602,88.01,％
存貨率,24,基本金屬製造業,09603,66.05,％
存貨率,24,基本金屬製造業,09604,67.57,％
存貨率,24,基本金屬製造業,09605,69.69,％
存貨率,24,基本金屬製造業,09606,80.07,％
存貨率,24,基本金屬製造業,09607,89.18,％
存貨率,24,基本金屬製造業,09608,88.97,％
存貨率,24,基本金屬製造業,09609,86.19,％
存貨率,24,基本金屬製造業,09610,72.17,％
存貨率,24,基本金屬製造業,09611,72.07,％
存貨率,24,基本金屬製造業,09612,77.29,％
存貨率,24,基本金屬製造業,09701,72.73,％
存貨率,24,基本金屬製造業,09702,86.67,％
存貨率,24,基本金屬製造業,09703,68.69,％
存貨率,24,基本金屬製造業,09704,73.33,％
存貨率,24,基本金屬製造業,09705,81.51,％
存貨率,24,基本金屬製造業,09706,86.16,％
存貨率,24,基本金屬製造業,09707,89.72,％
存貨率,24,基本金屬製造業,09708,108.39,％
存貨率,24,基本金屬製造業,09709,130.37,％
存貨率,24,基本金屬製造業,09710,140.32,％
存貨率,24,基本金屬製造業,09711,189.09,％
存貨率,24,基本金屬製造業,09712,153.77,％
存貨率,24,基本金屬製造業,09801,199.07,％
存貨率,24,基本金屬製造業,09802,141.78,％
存貨率,24,基本金屬製造業,09803,121.07,％
存貨率,24,基本金屬製造業,09804,112.77,％
存貨率,24,基本金屬製造業,09805,107.47,％
存貨率,24,基本金屬製造業,09806,84.75,％
存貨率,24,基本金屬製造業,09807,77.66,％
存貨率,24,基本金屬製造業,09808,82.68,％
存貨率,24,基本金屬製造業,09809,83.23,％
存貨率,24,基本金屬製造業,09810,86.48,％
存貨率,24,基本金屬製造業,09811,93.59,％
存貨率,24,基本金屬製造業,09812,84.18,％
存貨率,24,基本金屬製造業,09901,75.33,％
存貨率,24,基本金屬製造業,09902,104.64,％
存貨率,24,基本金屬製造業,09903,74.98,％
存貨率,24,基本金屬製造業,09904,70.35,％
存貨率,24,基本金屬製造業,09905,78.90,％
存貨率,24,基本金屬製造業,09906,92.71,％
存貨率,24,基本金屬製造業,09907,100.64,％
存貨率,24,基本金屬製造業,09908,99.85,％
存貨率,24,基本金屬製造業,09909,96.57,％
存貨率,24,基本金屬製造業,09910,98.68,％
存貨率,24,基本金屬製造業,09911,100.21,％
存貨率,24,基本金屬製造業,09912,92.03,％
存貨率,24,基本金屬製造業,10001,92.23,％
存貨率,24,基本金屬製造業,10002,120.76,％
存貨率,24,基本金屬製造業,10003,92.33,％
存貨率,24,基本金屬製造業,10004,104.54,％
存貨率,24,基本金屬製造業,10005,113.29,％
存貨率,24,基本金屬製造業,10006,111.24,％
存貨率,24,基本金屬製造業,10007,113.79,％
存貨率,24,基本金屬製造業,10008,107.22,％
存貨率,24,基本金屬製造業,10009,107.69,％
存貨率,24,基本金屬製造業,10010,113.39,％
存貨率,24,基本金屬製造業,10011,119.05,％
存貨率,24,基本金屬製造業,10012,116.61,％
存貨率,24,基本金屬製造業,10101,137.80,％
存貨率,24,基本金屬製造業,10102,115.48,％
存貨率,24,基本金屬製造業,10103,105.59,％
存貨率,24,基本金屬製造業,10104,109.62,％
存貨率,24,基本金屬製造業,10105,105.09,％
存貨率,24,基本金屬製造業,10106,123.52,％
存貨率,24,基本金屬製造業,10107,117.36,％
存貨率,24,基本金屬製造業,10108,124.91,％
存貨率,24,基本金屬製造業,10109,118.57,％
存貨率,24,基本金屬製造業,10110,111.68,％
存貨率,24,基本金屬製造業,10111,107.61,％
存貨率,24,基本金屬製造業,10112,108.03,％
存貨率,24,基本金屬製造業,10201,88.02,％
存貨率,24,基本金屬製造業,10202,129.72,％
存貨率,24,基本金屬製造業,10203,102.28,％
存貨率,24,基本金屬製造業,10204,105.94,％
存貨率,24,基本金屬製造業,10205,109.46,％
存貨率,24,基本金屬製造業,10206,127.75,％
存貨率,24,基本金屬製造業,10207,115.95,％
存貨率,24,基本金屬製造業,10208,105.71,％
存貨率,24,基本金屬製造業,10209,105.03,％
存貨率,24,基本金屬製造業,10210,93.48,％
存貨率,24,基本金屬製造業,10211,103.63,％
存貨率,24,基本金屬製造業,10212,95.65,％
存貨率,24,基本金屬製造業,10301,87.53,％
存貨率,24,基本金屬製造業,10302,102.50,％
存貨率,24,基本金屬製造業,10303,83.90,％
存貨率,24,基本金屬製造業,10304,85.97,％
存貨率,24,基本金屬製造業,10305,83.98,％
存貨率,24,基本金屬製造業,10306,90.20,％
存貨率,24,基本金屬製造業,10307,88.62,％
存貨率,24,基本金屬製造業,10308,95.59,％
存貨率,24,基本金屬製造業,10309,95.14,％
存貨率,24,基本金屬製造業,10310,99.13,％
存貨率,24,基本金屬製造業,10311,108.89,％
存貨率,24,基本金屬製造業,10312,112.46,％
存貨率,24,基本金屬製造業,10401,109.29,％
存貨率,24,基本金屬製造業,10402,153.60,％
存貨率,24,基本金屬製造業,10403,118.47,％
存貨率,24,基本金屬製造業,10404,126.98,％
存貨率,24,基本金屬製造業,10405,129.05,％
存貨率,24,基本金屬製造業,10406,127.79,％
存貨率,24,基本金屬製造業,10407,120.63,％
存貨率,24,基本金屬製造業,10408,130.02,％
存貨率,24,基本金屬製造業,10409,125.38,％
存貨率,24,基本金屬製造業,10410,126.62,％
存貨率,24,基本金屬製造業,10411,125.74,％
存貨率,24,基本金屬製造業,10412,115.44,％
存貨率,24,基本金屬製造業,10501,119.60,％
存貨率,24,基本金屬製造業,10502,149.75,％
存貨率,24,基本金屬製造業,10503,101.11,％
存貨率,24,基本金屬製造業,10504,103.98,％
存貨率,24,基本金屬製造業,10505,101.54,％
存貨率,24,基本金屬製造業,10506,104.59,％
存貨率,24,基本金屬製造業,10507,110.22,％
存貨率,24,基本金屬製造業,10508,105.91,％
存貨率,24,基本金屬製造業,10509,123.43,％
存貨率,24,基本金屬製造業,10510,109.15,％
存貨率,24,基本金屬製造業,10511,99.00,％
存貨率,24,基本金屬製造業,10512,96.80,％
存貨率,24,基本金屬製造業,10601,114.64,％
存貨率,24,基本金屬製造業,10602,121.27,％
存貨率,24,基本金屬製造業,10603,96.28,％
存貨率,24,基本金屬製造業,10604,112.75,％
存貨率,24,基本金屬製造業,10605,112.65,％
存貨率,24,基本金屬製造業,10606,118.30,％
存貨率,24,基本金屬製造業,10607,117.69,％
存貨率,24,基本金屬製造業,10608,100.82,％
存貨率,24,基本金屬製造業,10609,99.21,％
存貨率,24,基本金屬製造業,10610,103.41,％
存貨率,24,基本金屬製造業,10611,102.77,％
存貨率,24,基本金屬製造業,10612,104.45,％
存貨率,24,基本金屬製造業,10701,90.28,％
存貨率,24,基本金屬製造業,10702,116.66,％
存貨率,24,基本金屬製造業,10703,86.72,％
存貨率,24,基本金屬製造業,10704,97.77,％
存貨率,24,基本金屬製造業,10705,93.69,％
存貨率,24,基本金屬製造業,10706,96.06,％
存貨率,24,基本金屬製造業,10707,95.99,％
存貨率,24,基本金屬製造業,10708,102.44,％
存貨率,24,基本金屬製造業,10709,106.69,％
存貨率,24,基本金屬製造業,10710,101.52,％
存貨率,24,基本金屬製造業,10711,109.95,％
存貨率,24,基本金屬製造業,10712,119.08,％
存貨率,24,基本金屬製造業,10801,105.29,％
存貨率,24,基本金屬製造業,10802,143.92,％
存貨率,24,基本金屬製造業,10803,111.65,％
存貨率,24,基本金屬製造業,10804,120.75,％
存貨率,24,基本金屬製造業,10805,124.23,％
存貨率,24,基本金屬製造業,10806,134.83,％
存貨率,24,基本金屬製造業,10807,128.03,％
存貨率,24,基本金屬製造業,10808,133.56,％
存貨率,24,基本金屬製造業,10809,141.33,％
存貨率,24,基本金屬製造業,10810,136.12,％
存貨率,24,基本金屬製造業,10811,136.23,％
存貨率,24,基本金屬製造業,10812,127.57,％
存貨率,24,基本金屬製造業,10901,152.62,％
存貨率,24,基本金屬製造業,10902,132.36,％
存貨率,24,基本金屬製造業,10903,117.91,％
存貨率,24,基本金屬製造業,10904,131.73,％
存貨率,24,基本金屬製造業,10905,144.38,％
存貨率,24,基本金屬製造業,10906,135.06,％
存貨率,24,基本金屬製造業,10907,126.87,％
存貨率,24,基本金屬製造業,10908,125.14,％
存貨率,24,基本金屬製造業,10909,111.37,％
存貨率,24,基本金屬製造業,10910,110.45,％
存貨率,24,基本金屬製造業,10911,106.14,％
存貨率,24,基本金屬製造業,10912,93.57,％
存貨率,24,基本金屬製造業,11001,92.16,％
存貨率,24,基本金屬製造業,11002,117.90,％
存貨率,24,基本金屬製造業,11003,91.58,％
存貨率,24,基本金屬製造業,11004,92.22,％
存貨率,24,基本金屬製造業,11005,88.99,％
存貨率,24,基本金屬製造業,11006,94.20,％
存貨率,24,基本金屬製造業,11007,97.60,％
存貨率,24,基本金屬製造業,11008,105.82,％
存貨率,24,基本金屬製造業,11009,107.39,％
存貨率,24,基本金屬製造業,11010,110.44,％
存貨率,24,基本金屬製造業,11011,108.17,％
存貨率,24,基本金屬製造業,11012,122.57,％
存貨率,24,基本金屬製造業,11101,128.45,％
存貨率,24,基本金屬製造業,11102,150.92,％
存貨率,24,基本金屬製造業,11103,111.35,％
存貨率,24,基本金屬製造業,11104,118.44,％
存貨率,24,基本金屬製造業,11105,122.49,％
存貨率,24,基本金屬製造業,11106,134.18,％
存貨率,24,基本金屬製造業,11107,155.77,％
存貨率,24,基本金屬製造業,11108,152.09,％
存貨率,24,基本金屬製造業,11109,163.40,％
存貨率,24,基本金屬製造業,11110,152.80,％
存貨率,24,基本金屬製造業,11111,146.37,％
存貨率,24,基本金屬製造業,11112,143.50,％
存貨率,24,基本金屬製造業,11201,174.95,％
存貨率,24,基本金屬製造業,11202,148.34,％
存貨率,24,基本金屬製造業,11203,128.96,％
存貨率,24,基本金屬製造業,11204,149.13,％
存貨率,24,基本金屬製造業,11205,138.04,％
存貨率,24,基本金屬製造業,11206,158.31,％
存貨率,24,基本金屬製造業,11207,159.25,％
存貨率,24,基本金屬製造業,11208,138.90,％
存貨率,24,基本金屬製造業,11209,144.32,％
存貨率,24,基本金屬製造業,11210,146.22,％
存貨率,24,基本金屬製造業,11211,139.88,％
存貨率,24,基本金屬製造業,11212,139.04,％
存貨率,24,基本金屬製造業,11301,127.22,％
存貨率,24,基本金屬製造業,11302,166.06,％
存貨率,24,基本金屬製造業,11303,134.82,％
存貨率,24,基本金屬製造業,11304,136.05,％
存貨率,24,基本金屬製造業,11305,137.15,％
存貨率,24,基本金屬製造業,11306,147.35,％
存貨率,24,基本金屬製造業,11307,149.68,％
存貨率,24,基本金屬製造業,11308,150.24,％
存貨率,24,基本金屬製造業,11309,168.55,％
存貨率,24,基本金屬製造業,11310,168.40,％
存貨率,24,基本金屬製造業,11311,164.04,％
存貨率,24,基本金屬製造業,11312,154.74,％
存貨率,24,基本金屬製造業,11401,178.54,％
存貨率,24,基本金屬製造業,11402,164.84,％
存貨率,24,基本金屬製造業,11403,150.46,％
存貨率,24,基本金屬製造業,11404,143.11,％
存貨率,24,基本金屬製造業,11405,153.86,％
存貨率,24,基本金屬製造業,11406,160.07,％
存貨率,24,基本金屬製造業,11407,166.35,％
存貨率,24,基本金屬製造業,11408,170.28,％
存貨率,24,基本金屬製造業,11409,158.89,％
存貨率,24,基本金屬製造業,11410,167.44,％
存貨率,24,基本金屬製造業,11411,170.68,％
存貨率,24,基本金屬製造業,11412,154.46,％
存貨率,24,基本金屬製造業,11501,138.30,％
存貨率,24,基本金屬製造業,11502,180.04,％
存貨率,24,基本金屬製造業,11503,129.77,％
存貨率,24,基本金屬製造業,11504,128.74,％
存貨率,24,基本金屬製造業,11505,132.52,％
存貨率,24,基本金屬製造業,11506,145.00,％
存貨率,25,金屬製品製造業,07101,78.51,％
存貨率,25,金屬製品製造業,07102,82.85,％
存貨率,25,金屬製品製造業,07103,75.17,％
存貨率,25,金屬製品製造業,07104,73.17,％
存貨率,25,金屬製品製造業,07105,79.92,％
存貨率,25,金屬製品製造業,07106,82.05,％
存貨率,25,金屬製品製造業,07107,84.63,％
存貨率,25,金屬製品製造業,07108,91.42,％
存貨率,25,金屬製品製造業,07109,104.07,％
存貨率,25,金屬製品製造業,07110,92.15,％
存貨率,25,金屬製品製造業,07111,78.23,％
存貨率,25,金屬製品製造業,07112,77.98,％
存貨率,25,金屬製品製造業,07201,89.04,％
存貨率,25,金屬製品製造業,07202,113.28,％
存貨率,25,金屬製品製造業,07203,72.32,％
存貨率,25,金屬製品製造業,07204,77.12,％
存貨率,25,金屬製品製造業,07205,66.38,％
存貨率,25,金屬製品製造業,07206,80.85,％
存貨率,25,金屬製品製造業,07207,76.54,％
存貨率,25,金屬製品製造業,07208,72.46,％
存貨率,25,金屬製品製造業,07209,76.14,％
存貨率,25,金屬製品製造業,07210,88.98,％
存貨率,25,金屬製品製造業,07211,77.35,％
存貨率,25,金屬製品製造業,07212,72.51,％
存貨率,25,金屬製品製造業,07301,86.78,％
存貨率,25,金屬製品製造業,07302,112.51,％
存貨率,25,金屬製品製造業,07303,83.88,％
存貨率,25,金屬製品製造業,07304,89.67,％
存貨率,25,金屬製品製造業,07305,84.20,％
存貨率,25,金屬製品製造業,07306,80.36,％
存貨率,25,金屬製品製造業,07307,66.21,％
存貨率,25,金屬製品製造業,07308,76.79,％
存貨率,25,金屬製品製造業,07309,81.85,％
存貨率,25,金屬製品製造業,07310,83.85,％
存貨率,25,金屬製品製造業,07311,71.92,％
存貨率,25,金屬製品製造業,07312,66.89,％
存貨率,25,金屬製品製造業,07401,54.47,％
存貨率,25,金屬製品製造業,07402,73.35,％
存貨率,25,金屬製品製造業,07403,65.10,％
存貨率,25,金屬製品製造業,07404,62.01,％
存貨率,25,金屬製品製造業,07405,60.79,％
存貨率,25,金屬製品製造業,07406,63.51,％
存貨率,25,金屬製品製造業,07407,70.99,％
存貨率,25,金屬製品製造業,07408,81.92,％
存貨率,25,金屬製品製造業,07409,78.87,％
存貨率,25,金屬製品製造業,07410,79.73,％
存貨率,25,金屬製品製造業,07411,84.51,％
存貨率,25,金屬製品製造業,07412,71.48,％
存貨率,25,金屬製品製造業,07501,82.84,％
存貨率,25,金屬製品製造業,07502,111.00,％
存貨率,25,金屬製品製造業,07503,60.60,％
存貨率,25,金屬製品製造業,07504,93.26,％
存貨率,25,金屬製品製造業,07505,86.19,％
存貨率,25,金屬製品製造業,07506,71.13,％
存貨率,25,金屬製品製造業,07507,60.81,％
存貨率,25,金屬製品製造業,07508,73.19,％
存貨率,25,金屬製品製造業,07509,74.89,％
存貨率,25,金屬製品製造業,07510,66.46,％
存貨率,25,金屬製品製造業,07511,69.47,％
存貨率,25,金屬製品製造業,07512,63.82,％
存貨率,25,金屬製品製造業,07601,76.20,％
存貨率,25,金屬製品製造業,07602,85.52,％
存貨率,25,金屬製品製造業,07603,66.33,％
存貨率,25,金屬製品製造業,07604,66.12,％
存貨率,25,金屬製品製造業,07605,74.80,％
存貨率,25,金屬製品製造業,07606,70.22,％
存貨率,25,金屬製品製造業,07607,66.97,％
存貨率,25,金屬製品製造業,07608,68.69,％
存貨率,25,金屬製品製造業,07609,68.98,％
存貨率,25,金屬製品製造業,07610,73.56,％
存貨率,25,金屬製品製造業,07611,75.54,％
存貨率,25,金屬製品製造業,07612,69.89,％
存貨率,25,金屬製品製造業,07701,71.68,％
存貨率,25,金屬製品製造業,07702,98.75,％
存貨率,25,金屬製品製造業,07703,71.91,％
存貨率,25,金屬製品製造業,07704,69.28,％
存貨率,25,金屬製品製造業,07705,66.74,％
存貨率,25,金屬製品製造業,07706,65.82,％
存貨率,25,金屬製品製造業,07707,69.28,％
存貨率,25,金屬製品製造業,07708,66.99,％
存貨率,25,金屬製品製造業,07709,67.46,％
存貨率,25,金屬製品製造業,07710,70.91,％
存貨率,25,金屬製品製造業,07711,68.96,％
存貨率,25,金屬製品製造業,07712,62.60,％
存貨率,25,金屬製品製造業,07801,63.24,％
存貨率,25,金屬製品製造業,07802,84.69,％
存貨率,25,金屬製品製造業,07803,55.24,％
存貨率,25,金屬製品製造業,07804,65.19,％
存貨率,25,金屬製品製造業,07805,65.33,％
存貨率,25,金屬製品製造業,07806,69.69,％
存貨率,25,金屬製品製造業,07807,71.79,％
存貨率,25,金屬製品製造業,07808,62.19,％
存貨率,25,金屬製品製造業,07809,73.95,％
存貨率,25,金屬製品製造業,07810,73.24,％
存貨率,25,金屬製品製造業,07811,69.21,％
存貨率,25,金屬製品製造業,07812,73.29,％
存貨率,25,金屬製品製造業,07901,84.20,％
存貨率,25,金屬製品製造業,07902,85.29,％
存貨率,25,金屬製品製造業,07903,65.80,％
存貨率,25,金屬製品製造業,07904,73.60,％
存貨率,25,金屬製品製造業,07905,71.19,％
存貨率,25,金屬製品製造業,07906,73.76,％
存貨率,25,金屬製品製造業,07907,74.60,％
存貨率,25,金屬製品製造業,07908,70.20,％
存貨率,25,金屬製品製造業,07909,73.56,％
存貨率,25,金屬製品製造業,07910,72.95,％
存貨率,25,金屬製品製造業,07911,70.53,％
存貨率,25,金屬製品製造業,07912,68.94,％
存貨率,25,金屬製品製造業,08001,57.82,％
存貨率,25,金屬製品製造業,08002,83.53,％
存貨率,25,金屬製品製造業,08003,73.06,％
存貨率,25,金屬製品製造業,08004,77.55,％
存貨率,25,金屬製品製造業,08005,72.53,％
存貨率,25,金屬製品製造業,08006,80.68,％
存貨率,25,金屬製品製造業,08007,72.67,％
存貨率,25,金屬製品製造業,08008,74.91,％
存貨率,25,金屬製品製造業,08009,73.49,％
存貨率,25,金屬製品製造業,08010,74.65,％
存貨率,25,金屬製品製造業,08011,72.23,％
存貨率,25,金屬製品製造業,08012,71.36,％
存貨率,25,金屬製品製造業,08101,66.88,％
存貨率,25,金屬製品製造業,08102,87.90,％
存貨率,25,金屬製品製造業,08103,62.12,％
存貨率,25,金屬製品製造業,08104,64.05,％
存貨率,25,金屬製品製造業,08105,61.78,％
存貨率,25,金屬製品製造業,08106,62.42,％
存貨率,25,金屬製品製造業,08107,62.49,％
存貨率,25,金屬製品製造業,08108,63.62,％
存貨率,25,金屬製品製造業,08109,69.70,％
存貨率,25,金屬製品製造業,08110,68.28,％
存貨率,25,金屬製品製造業,08111,67.20,％
存貨率,25,金屬製品製造業,08112,60.40,％
存貨率,25,金屬製品製造業,08201,83.74,％
存貨率,25,金屬製品製造業,08202,68.78,％
存貨率,25,金屬製品製造業,08203,62.24,％
存貨率,25,金屬製品製造業,08204,63.02,％
存貨率,25,金屬製品製造業,08205,64.15,％
存貨率,25,金屬製品製造業,08206,66.64,％
存貨率,25,金屬製品製造業,08207,66.91,％
存貨率,25,金屬製品製造業,08208,66.25,％
存貨率,25,金屬製品製造業,08209,70.20,％
存貨率,25,金屬製品製造業,08210,69.65,％
存貨率,25,金屬製品製造業,08211,73.29,％
存貨率,25,金屬製品製造業,08212,63.94,％
存貨率,25,金屬製品製造業,08301,62.35,％
存貨率,25,金屬製品製造業,08302,82.89,％
存貨率,25,金屬製品製造業,08303,59.99,％
存貨率,25,金屬製品製造業,08304,61.27,％
存貨率,25,金屬製品製造業,08305,58.86,％
存貨率,25,金屬製品製造業,08306,58.61,％
存貨率,25,金屬製品製造業,08307,61.40,％
存貨率,25,金屬製品製造業,08308,61.09,％
存貨率,25,金屬製品製造業,08309,58.84,％
存貨率,25,金屬製品製造業,08310,60.72,％
存貨率,25,金屬製品製造業,08311,58.52,％
存貨率,25,金屬製品製造業,08312,54.27,％
存貨率,25,金屬製品製造業,08401,61.21,％
存貨率,25,金屬製品製造業,08402,70.84,％
存貨率,25,金屬製品製造業,08403,56.01,％
存貨率,25,金屬製品製造業,08404,65.72,％
存貨率,25,金屬製品製造業,08405,62.34,％
存貨率,25,金屬製品製造業,08406,66.59,％
存貨率,25,金屬製品製造業,08407,66.00,％
存貨率,25,金屬製品製造業,08408,64.65,％
存貨率,25,金屬製品製造業,08409,63.91,％
存貨率,25,金屬製品製造業,08410,67.18,％
存貨率,25,金屬製品製造業,08411,65.35,％
存貨率,25,金屬製品製造業,08412,70.49,％
存貨率,25,金屬製品製造業,08501,69.55,％
存貨率,25,金屬製品製造業,08502,85.64,％
存貨率,25,金屬製品製造業,08503,68.15,％
存貨率,25,金屬製品製造業,08504,66.15,％
存貨率,25,金屬製品製造業,08505,65.63,％
存貨率,25,金屬製品製造業,08506,66.88,％
存貨率,25,金屬製品製造業,08507,62.67,％
存貨率,25,金屬製品製造業,08508,59.41,％
存貨率,25,金屬製品製造業,08509,62.68,％
存貨率,25,金屬製品製造業,08510,60.18,％
存貨率,25,金屬製品製造業,08511,58.27,％
存貨率,25,金屬製品製造業,08512,58.15,％
存貨率,25,金屬製品製造業,08601,56.16,％
存貨率,25,金屬製品製造業,08602,83.21,％
存貨率,25,金屬製品製造業,08603,55.89,％
存貨率,25,金屬製品製造業,08604,55.76,％
存貨率,25,金屬製品製造業,08605,52.89,％
存貨率,25,金屬製品製造業,08606,56.25,％
存貨率,25,金屬製品製造業,08607,53.61,％
存貨率,25,金屬製品製造業,08608,54.69,％
存貨率,25,金屬製品製造業,08609,56.57,％
存貨率,25,金屬製品製造業,08610,54.40,％
存貨率,25,金屬製品製造業,08611,56.25,％
存貨率,25,金屬製品製造業,08612,53.89,％
存貨率,25,金屬製品製造業,08701,71.89,％
存貨率,25,金屬製品製造業,08702,67.85,％
存貨率,25,金屬製品製造業,08703,58.42,％
存貨率,25,金屬製品製造業,08704,55.28,％
存貨率,25,金屬製品製造業,08705,63.08,％
存貨率,25,金屬製品製造業,08706,63.55,％
存貨率,25,金屬製品製造業,08707,56.78,％
存貨率,25,金屬製品製造業,08708,58.61,％
存貨率,25,金屬製品製造業,08709,57.55,％
存貨率,25,金屬製品製造業,08710,60.18,％
存貨率,25,金屬製品製造業,08711,64.94,％
存貨率,25,金屬製品製造業,08712,57.38,％
存貨率,25,金屬製品製造業,08801,58.32,％
存貨率,25,金屬製品製造業,08802,77.15,％
存貨率,25,金屬製品製造業,08803,49.29,％
存貨率,25,金屬製品製造業,08804,47.36,％
存貨率,25,金屬製品製造業,08805,50.49,％
存貨率,25,金屬製品製造業,08806,51.52,％
存貨率,25,金屬製品製造業,08807,52.43,％
存貨率,25,金屬製品製造業,08808,53.98,％
存貨率,25,金屬製品製造業,08809,57.22,％
存貨率,25,金屬製品製造業,08810,52.83,％
存貨率,25,金屬製品製造業,08811,56.83,％
存貨率,25,金屬製品製造業,08812,56.45,％
存貨率,25,金屬製品製造業,08901,58.93,％
存貨率,25,金屬製品製造業,08902,75.71,％
存貨率,25,金屬製品製造業,08903,49.77,％
存貨率,25,金屬製品製造業,08904,56.83,％
存貨率,25,金屬製品製造業,08905,57.08,％
存貨率,25,金屬製品製造業,08906,55.43,％
存貨率,25,金屬製品製造業,08907,59.64,％
存貨率,25,金屬製品製造業,08908,57.43,％
存貨率,25,金屬製品製造業,08909,59.49,％
存貨率,25,金屬製品製造業,08910,60.85,％
存貨率,25,金屬製品製造業,08911,60.62,％
存貨率,25,金屬製品製造業,08912,59.27,％
存貨率,25,金屬製品製造業,09001,79.82,％
存貨率,25,金屬製品製造業,09002,69.28,％
存貨率,25,金屬製品製造業,09003,59.04,％
存貨率,25,金屬製品製造業,09004,65.85,％
存貨率,25,金屬製品製造業,09005,65.04,％
存貨率,25,金屬製品製造業,09006,65.67,％
存貨率,25,金屬製品製造業,09007,67.43,％
存貨率,25,金屬製品製造業,09008,60.92,％
存貨率,25,金屬製品製造業,09009,67.22,％
存貨率,25,金屬製品製造業,09010,59.70,％
存貨率,25,金屬製品製造業,09011,62.07,％
存貨率,25,金屬製品製造業,09012,61.03,％
存貨率,25,金屬製品製造業,09101,52.53,％
存貨率,25,金屬製品製造業,09102,69.23,％
存貨率,25,金屬製品製造業,09103,48.80,％
存貨率,25,金屬製品製造業,09104,49.65,％
存貨率,25,金屬製品製造業,09105,48.14,％
存貨率,25,金屬製品製造業,09106,51.17,％
存貨率,25,金屬製品製造業,09107,49.84,％
存貨率,25,金屬製品製造業,09108,48.90,％
存貨率,25,金屬製品製造業,09109,51.76,％
存貨率,25,金屬製品製造業,09110,53.13,％
存貨率,25,金屬製品製造業,09111,53.59,％
存貨率,25,金屬製品製造業,09112,49.33,％
存貨率,25,金屬製品製造業,09201,51.76,％
存貨率,25,金屬製品製造業,09202,62.05,％
存貨率,25,金屬製品製造業,09203,49.30,％
存貨率,25,金屬製品製造業,09204,52.19,％
存貨率,25,金屬製品製造業,09205,56.64,％
存貨率,25,金屬製品製造業,09206,58.95,％
存貨率,25,金屬製品製造業,09207,54.06,％
存貨率,25,金屬製品製造業,09208,57.60,％
存貨率,25,金屬製品製造業,09209,56.90,％
存貨率,25,金屬製品製造業,09210,54.04,％
存貨率,25,金屬製品製造業,09211,55.90,％
存貨率,25,金屬製品製造業,09212,46.66,％
存貨率,25,金屬製品製造業,09301,65.83,％
存貨率,25,金屬製品製造業,09302,54.73,％
存貨率,25,金屬製品製造業,09303,50.26,％
存貨率,25,金屬製品製造業,09304,51.50,％
存貨率,25,金屬製品製造業,09305,56.16,％
存貨率,25,金屬製品製造業,09306,54.92,％
存貨率,25,金屬製品製造業,09307,52.60,％
存貨率,25,金屬製品製造業,09308,53.89,％
存貨率,25,金屬製品製造業,09309,54.01,％
存貨率,25,金屬製品製造業,09310,55.34,％
存貨率,25,金屬製品製造業,09311,57.14,％
存貨率,25,金屬製品製造業,09312,54.61,％
存貨率,25,金屬製品製造業,09401,60.57,％
存貨率,25,金屬製品製造業,09402,79.60,％
存貨率,25,金屬製品製造業,09403,55.27,％
存貨率,25,金屬製品製造業,09404,65.61,％
存貨率,25,金屬製品製造業,09405,70.28,％
存貨率,25,金屬製品製造業,09406,70.76,％
存貨率,25,金屬製品製造業,09407,77.98,％
存貨率,25,金屬製品製造業,09408,68.43,％
存貨率,25,金屬製品製造業,09409,65.13,％
存貨率,25,金屬製品製造業,09410,68.41,％
存貨率,25,金屬製品製造業,09411,69.16,％
存貨率,25,金屬製品製造業,09412,62.81,％
存貨率,25,金屬製品製造業,09501,72.30,％
存貨率,25,金屬製品製造業,09502,80.78,％
存貨率,25,金屬製品製造業,09503,57.76,％
存貨率,25,金屬製品製造業,09504,61.08,％
存貨率,25,金屬製品製造業,09505,59.96,％
存貨率,25,金屬製品製造業,09506,59.69,％
存貨率,25,金屬製品製造業,09507,66.95,％
存貨率,25,金屬製品製造業,09508,61.64,％
存貨率,25,金屬製品製造業,09509,66.57,％
存貨率,25,金屬製品製造業,09510,66.83,％
存貨率,25,金屬製品製造業,09511,65.87,％
存貨率,25,金屬製品製造業,09512,66.22,％
存貨率,25,金屬製品製造業,09601,67.27,％
存貨率,25,金屬製品製造業,09602,96.49,％
存貨率,25,金屬製品製造業,09603,62.98,％
存貨率,25,金屬製品製造業,09604,69.50,％
存貨率,25,金屬製品製造業,09605,65.91,％
存貨率,25,金屬製品製造業,09606,73.69,％
存貨率,25,金屬製品製造業,09607,75.18,％
存貨率,25,金屬製品製造業,09608,75.38,％
存貨率,25,金屬製品製造業,09609,76.83,％
存貨率,25,金屬製品製造業,09610,69.69,％
存貨率,25,金屬製品製造業,09611,71.49,％
存貨率,25,金屬製品製造業,09612,70.79,％
存貨率,25,金屬製品製造業,09701,68.55,％
存貨率,25,金屬製品製造業,09702,92.77,％
存貨率,25,金屬製品製造業,09703,66.82,％
存貨率,25,金屬製品製造業,09704,69.20,％
存貨率,25,金屬製品製造業,09705,68.52,％
存貨率,25,金屬製品製造業,09706,69.78,％
存貨率,25,金屬製品製造業,09707,75.25,％
存貨率,25,金屬製品製造業,09708,80.76,％
存貨率,25,金屬製品製造業,09709,91.79,％
存貨率,25,金屬製品製造業,09710,99.71,％
存貨率,25,金屬製品製造業,09711,119.12,％
存貨率,25,金屬製品製造業,09712,106.10,％
存貨率,25,金屬製品製造業,09801,134.84,％
存貨率,25,金屬製品製造業,09802,115.93,％
存貨率,25,金屬製品製造業,09803,97.00,％
存貨率,25,金屬製品製造業,09804,89.71,％
存貨率,25,金屬製品製造業,09805,88.55,％
存貨率,25,金屬製品製造業,09806,74.81,％
存貨率,25,金屬製品製造業,09807,74.57,％
存貨率,25,金屬製品製造業,09808,74.64,％
存貨率,25,金屬製品製造業,09809,74.60,％
存貨率,25,金屬製品製造業,09810,76.11,％
存貨率,25,金屬製品製造業,09811,77.23,％
存貨率,25,金屬製品製造業,09812,65.64,％
存貨率,25,金屬製品製造業,09901,68.00,％
存貨率,25,金屬製品製造業,09902,90.63,％
存貨率,25,金屬製品製造業,09903,62.01,％
存貨率,25,金屬製品製造業,09904,61.03,％
存貨率,25,金屬製品製造業,09905,71.06,％
存貨率,25,金屬製品製造業,09906,75.25,％
存貨率,25,金屬製品製造業,09907,74.31,％
存貨率,25,金屬製品製造業,09908,72.32,％
存貨率,25,金屬製品製造業,09909,75.28,％
存貨率,25,金屬製品製造業,09910,76.62,％
存貨率,25,金屬製品製造業,09911,78.99,％
存貨率,25,金屬製品製造業,09912,67.01,％
存貨率,25,金屬製品製造業,10001,68.68,％
存貨率,25,金屬製品製造業,10002,94.39,％
存貨率,25,金屬製品製造業,10003,65.36,％
存貨率,25,金屬製品製造業,10004,70.82,％
存貨率,25,金屬製品製造業,10005,76.31,％
存貨率,25,金屬製品製造業,10006,75.80,％
存貨率,25,金屬製品製造業,10007,74.67,％
存貨率,25,金屬製品製造業,10008,73.89,％
存貨率,25,金屬製品製造業,10009,76.70,％
存貨率,25,金屬製品製造業,10010,83.11,％
存貨率,25,金屬製品製造業,10011,87.24,％
存貨率,25,金屬製品製造業,10012,76.05,％
存貨率,25,金屬製品製造業,10101,91.93,％
存貨率,25,金屬製品製造業,10102,75.52,％
存貨率,25,金屬製品製造業,10103,69.10,％
存貨率,25,金屬製品製造業,10104,70.72,％
存貨率,25,金屬製品製造業,10105,72.32,％
存貨率,25,金屬製品製造業,10106,79.68,％
存貨率,25,金屬製品製造業,10107,74.67,％
存貨率,25,金屬製品製造業,10108,73.46,％
存貨率,25,金屬製品製造業,10109,78.26,％
存貨率,25,金屬製品製造業,10110,74.06,％
存貨率,25,金屬製品製造業,10111,74.43,％
存貨率,25,金屬製品製造業,10112,71.28,％
存貨率,25,金屬製品製造業,10201,65.19,％
存貨率,25,金屬製品製造業,10202,94.09,％
存貨率,25,金屬製品製造業,10203,69.73,％
存貨率,25,金屬製品製造業,10204,74.21,％
存貨率,25,金屬製品製造業,10205,73.14,％
存貨率,25,金屬製品製造業,10206,76.31,％
存貨率,25,金屬製品製造業,10207,70.28,％
存貨率,25,金屬製品製造業,10208,68.50,％
存貨率,25,金屬製品製造業,10209,75.76,％
存貨率,25,金屬製品製造業,10210,70.38,％
存貨率,25,金屬製品製造業,10211,76.47,％
存貨率,25,金屬製品製造業,10212,69.64,％
存貨率,25,金屬製品製造業,10301,72.40,％
存貨率,25,金屬製品製造業,10302,86.56,％
存貨率,25,金屬製品製造業,10303,74.82,％
存貨率,25,金屬製品製造業,10304,71.10,％
存貨率,25,金屬製品製造業,10305,74.28,％
存貨率,25,金屬製品製造業,10306,78.66,％
存貨率,25,金屬製品製造業,10307,75.27,％
存貨率,25,金屬製品製造業,10308,82.30,％
存貨率,25,金屬製品製造業,10309,81.90,％
存貨率,25,金屬製品製造業,10310,79.32,％
存貨率,25,金屬製品製造業,10311,85.75,％
存貨率,25,金屬製品製造業,10312,76.09,％
存貨率,25,金屬製品製造業,10401,77.53,％
存貨率,25,金屬製品製造業,10402,107.28,％
存貨率,25,金屬製品製造業,10403,77.64,％
存貨率,25,金屬製品製造業,10404,78.60,％
存貨率,25,金屬製品製造業,10405,84.58,％
存貨率,25,金屬製品製造業,10406,79.83,％
存貨率,25,金屬製品製造業,10407,78.18,％
存貨率,25,金屬製品製造業,10408,86.06,％
存貨率,25,金屬製品製造業,10409,87.25,％
存貨率,25,金屬製品製造業,10410,84.96,％
存貨率,25,金屬製品製造業,10411,91.92,％
存貨率,25,金屬製品製造業,10412,77.61,％
存貨率,25,金屬製品製造業,10501,81.03,％
存貨率,25,金屬製品製造業,10502,110.70,％
存貨率,25,金屬製品製造業,10503,75.06,％
存貨率,25,金屬製品製造業,10504,79.08,％
存貨率,25,金屬製品製造業,10505,78.62,％
存貨率,25,金屬製品製造業,10506,81.27,％
存貨率,25,金屬製品製造業,10507,85.50,％
存貨率,25,金屬製品製造業,10508,79.98,％
存貨率,25,金屬製品製造業,10509,89.75,％
存貨率,25,金屬製品製造業,10510,87.72,％
存貨率,25,金屬製品製造業,10511,81.77,％
存貨率,25,金屬製品製造業,10512,78.97,％
存貨率,25,金屬製品製造業,10601,86.44,％
存貨率,25,金屬製品製造業,10602,95.48,％
存貨率,25,金屬製品製造業,10603,72.88,％
存貨率,25,金屬製品製造業,10604,89.99,％
存貨率,25,金屬製品製造業,10605,85.77,％
存貨率,25,金屬製品製造業,10606,81.39,％
存貨率,25,金屬製品製造業,10607,84.37,％
存貨率,25,金屬製品製造業,10608,78.59,％
存貨率,25,金屬製品製造業,10609,81.99,％
存貨率,25,金屬製品製造業,10610,91.10,％
存貨率,25,金屬製品製造業,10611,84.76,％
存貨率,25,金屬製品製造業,10612,84.45,％
存貨率,25,金屬製品製造業,10701,80.59,％
存貨率,25,金屬製品製造業,10702,111.07,％
存貨率,25,金屬製品製造業,10703,75.94,％
存貨率,25,金屬製品製造業,10704,88.26,％
存貨率,25,金屬製品製造業,10705,78.40,％
存貨率,25,金屬製品製造業,10706,82.42,％
存貨率,25,金屬製品製造業,10707,83.56,％
存貨率,25,金屬製品製造業,10708,82.94,％
存貨率,25,金屬製品製造業,10709,90.50,％
存貨率,25,金屬製品製造業,10710,88.92,％
存貨率,25,金屬製品製造業,10711,94.23,％
存貨率,25,金屬製品製造業,10712,91.38,％
存貨率,25,金屬製品製造業,10801,81.41,％
存貨率,25,金屬製品製造業,10802,117.34,％
存貨率,25,金屬製品製造業,10803,87.52,％
存貨率,25,金屬製品製造業,10804,89.10,％
存貨率,25,金屬製品製造業,10805,86.64,％
存貨率,25,金屬製品製造業,10806,95.27,％
存貨率,25,金屬製品製造業,10807,86.36,％
存貨率,25,金屬製品製造業,10808,89.31,％
存貨率,25,金屬製品製造業,10809,94.50,％
存貨率,25,金屬製品製造業,10810,91.01,％
存貨率,25,金屬製品製造業,10811,94.65,％
存貨率,25,金屬製品製造業,10812,82.83,％
存貨率,25,金屬製品製造業,10901,100.63,％
存貨率,25,金屬製品製造業,10902,89.95,％
存貨率,25,金屬製品製造業,10903,85.01,％
存貨率,25,金屬製品製造業,10904,105.01,％
存貨率,25,金屬製品製造業,10905,106.29,％
存貨率,25,金屬製品製造業,10906,101.97,％
存貨率,25,金屬製品製造業,10907,92.59,％
存貨率,25,金屬製品製造業,10908,91.72,％
存貨率,25,金屬製品製造業,10909,85.11,％
存貨率,25,金屬製品製造業,10910,90.03,％
存貨率,25,金屬製品製造業,10911,87.14,％
存貨率,25,金屬製品製造業,10912,74.03,％
存貨率,25,金屬製品製造業,11001,80.43,％
存貨率,25,金屬製品製造業,11002,100.41,％
存貨率,25,金屬製品製造業,11003,71.72,％
存貨率,25,金屬製品製造業,11004,80.92,％
存貨率,25,金屬製品製造業,11005,76.76,％
存貨率,25,金屬製品製造業,11006,77.93,％
存貨率,25,金屬製品製造業,11007,79.65,％
存貨率,25,金屬製品製造業,11008,92.19,％
存貨率,25,金屬製品製造業,11009,93.24,％
存貨率,25,金屬製品製造業,11010,94.76,％
存貨率,25,金屬製品製造業,11011,91.76,％
存貨率,25,金屬製品製造業,11012,94.46,％
存貨率,25,金屬製品製造業,11101,95.75,％
存貨率,25,金屬製品製造業,11102,120.82,％
存貨率,25,金屬製品製造業,11103,83.58,％
存貨率,25,金屬製品製造業,11104,95.57,％
存貨率,25,金屬製品製造業,11105,100.81,％
存貨率,25,金屬製品製造業,11106,105.14,％
存貨率,25,金屬製品製造業,11107,105.64,％
存貨率,25,金屬製品製造業,11108,96.92,％
存貨率,25,金屬製品製造業,11109,101.97,％
存貨率,25,金屬製品製造業,11110,107.37,％
存貨率,25,金屬製品製造業,11111,103.66,％
存貨率,25,金屬製品製造業,11112,96.62,％
存貨率,25,金屬製品製造業,11201,130.79,％
存貨率,25,金屬製品製造業,11202,109.19,％
存貨率,25,金屬製品製造業,11203,94.38,％
存貨率,25,金屬製品製造業,11204,118.23,％
存貨率,25,金屬製品製造業,11205,105.51,％
存貨率,25,金屬製品製造業,11206,104.46,％
存貨率,25,金屬製品製造業,11207,104.81,％
存貨率,25,金屬製品製造業,11208,96.41,％
存貨率,25,金屬製品製造業,11209,104.15,％
存貨率,25,金屬製品製造業,11210,109.22,％
存貨率,25,金屬製品製造業,11211,102.32,％
存貨率,25,金屬製品製造業,11212,97.98,％
存貨率,25,金屬製品製造業,11301,91.43,％
存貨率,25,金屬製品製造業,11302,130.52,％
存貨率,25,金屬製品製造業,11303,93.20,％
存貨率,25,金屬製品製造業,11304,103.70,％
存貨率,25,金屬製品製造業,11305,98.36,％
存貨率,25,金屬製品製造業,11306,108.87,％
存貨率,25,金屬製品製造業,11307,102.94,％
存貨率,25,金屬製品製造業,11308,101.54,％
存貨率,25,金屬製品製造業,11309,111.54,％
存貨率,25,金屬製品製造業,11310,109.82,％
存貨率,25,金屬製品製造業,11311,107.29,％
存貨率,25,金屬製品製造業,11312,101.98,％
存貨率,25,金屬製品製造業,11401,115.23,％
存貨率,25,金屬製品製造業,11402,112.20,％
存貨率,25,金屬製品製造業,11403,104.22,％
存貨率,25,金屬製品製造業,11404,107.46,％
存貨率,25,金屬製品製造業,11405,114.24,％
存貨率,25,金屬製品製造業,11406,110.34,％
存貨率,25,金屬製品製造業,11407,108.28,％
存貨率,25,金屬製品製造業,11408,110.13,％
存貨率,25,金屬製品製造業,11409,118.06,％
存貨率,25,金屬製品製造業,11410,116.44,％
存貨率,25,金屬製品製造業,11411,120.95,％
存貨率,25,金屬製品製造業,11412,108.59,％
存貨率,25,金屬製品製造業,11501,107.82,％
存貨率,25,金屬製品製造業,11502,145.55,％
存貨率,25,金屬製品製造業,11503,107.74,％
存貨率,25,金屬製品製造業,11504,115.01,％
存貨率,25,金屬製品製造業,11505,131.50,％
存貨率,25,金屬製品製造業,11506,110.32,％
存貨率,28,電力設備及配備製造業,07101,110.01,％
存貨率,28,電力設備及配備製造業,07102,105.15,％
存貨率,28,電力設備及配備製造業,07103,83.22,％
存貨率,28,電力設備及配備製造業,07104,90.70,％
存貨率,28,電力設備及配備製造業,07105,81.52,％
存貨率,28,電力設備及配備製造業,07106,74.03,％
存貨率,28,電力設備及配備製造業,07107,62.50,％
存貨率,28,電力設備及配備製造業,07108,76.58,％
存貨率,28,電力設備及配備製造業,07109,82.41,％
存貨率,28,電力設備及配備製造業,07110,105.79,％
存貨率,28,電力設備及配備製造業,07111,97.21,％
存貨率,28,電力設備及配備製造業,07112,91.12,％
存貨率,28,電力設備及配備製造業,07201,98.07,％
存貨率,28,電力設備及配備製造業,07202,118.20,％
存貨率,28,電力設備及配備製造業,07203,87.90,％
存貨率,28,電力設備及配備製造業,07204,79.02,％
存貨率,28,電力設備及配備製造業,07205,74.28,％
存貨率,28,電力設備及配備製造業,07206,56.51,％
存貨率,28,電力設備及配備製造業,07207,49.29,％
存貨率,28,電力設備及配備製造業,07208,58.64,％
存貨率,28,電力設備及配備製造業,07209,68.22,％
存貨率,28,電力設備及配備製造業,07210,75.09,％
存貨率,28,電力設備及配備製造業,07211,88.29,％
存貨率,28,電力設備及配備製造業,07212,93.81,％
存貨率,28,電力設備及配備製造業,07301,74.48,％
存貨率,28,電力設備及配備製造業,07302,95.14,％
存貨率,28,電力設備及配備製造業,07303,69.06,％
存貨率,28,電力設備及配備製造業,07304,65.10,％
存貨率,28,電力設備及配備製造業,07305,63.98,％
存貨率,28,電力設備及配備製造業,07306,61.75,％
存貨率,28,電力設備及配備製造業,07307,63.66,％
存貨率,28,電力設備及配備製造業,07308,74.43,％
存貨率,28,電力設備及配備製造業,07309,94.84,％
存貨率,28,電力設備及配備製造業,07310,105.06,％
存貨率,28,電力設備及配備製造業,07311,126.95,％
存貨率,28,電力設備及配備製造業,07312,114.72,％
存貨率,28,電力設備及配備製造業,07401,121.03,％
存貨率,28,電力設備及配備製造業,07402,118.88,％
存貨率,28,電力設備及配備製造業,07403,86.27,％
存貨率,28,電力設備及配備製造業,07404,83.74,％
存貨率,28,電力設備及配備製造業,07405,81.74,％
存貨率,28,電力設備及配備製造業,07406,84.03,％
存貨率,28,電力設備及配備製造業,07407,91.14,％
存貨率,28,電力設備及配備製造業,07408,87.58,％
存貨率,28,電力設備及配備製造業,07409,103.82,％
存貨率,28,電力設備及配備製造業,07410,113.99,％
存貨率,28,電力設備及配備製造業,07411,116.28,％
存貨率,28,電力設備及配備製造業,07412,98.86,％
存貨率,28,電力設備及配備製造業,07501,96.19,％
存貨率,28,電力設備及配備製造業,07502,126.96,％
存貨率,28,電力設備及配備製造業,07503,57.87,％
存貨率,28,電力設備及配備製造業,07504,82.86,％
存貨率,28,電力設備及配備製造業,07505,72.53,％
存貨率,28,電力設備及配備製造業,07506,64.03,％
存貨率,28,電力設備及配備製造業,07507,62.78,％
存貨率,28,電力設備及配備製造業,07508,64.42,％
存貨率,28,電力設備及配備製造業,07509,75.45,％
存貨率,28,電力設備及配備製造業,07510,74.17,％
存貨率,28,電力設備及配備製造業,07511,85.68,％
存貨率,28,電力設備及配備製造業,07512,71.78,％
存貨率,28,電力設備及配備製造業,07601,86.87,％
存貨率,28,電力設備及配備製造業,07602,94.43,％
存貨率,28,電力設備及配備製造業,07603,74.50,％
存貨率,28,電力設備及配備製造業,07604,73.02,％
存貨率,28,電力設備及配備製造業,07605,75.69,％
存貨率,28,電力設備及配備製造業,07606,71.03,％
存貨率,28,電力設備及配備製造業,07607,64.01,％
存貨率,28,電力設備及配備製造業,07608,67.19,％
存貨率,28,電力設備及配備製造業,07609,73.94,％
存貨率,28,電力設備及配備製造業,07610,77.77,％
存貨率,28,電力設備及配備製造業,07611,80.27,％
存貨率,28,電力設備及配備製造業,07612,72.24,％
存貨率,28,電力設備及配備製造業,07701,70.48,％
存貨率,28,電力設備及配備製造業,07702,82.00,％
存貨率,28,電力設備及配備製造業,07703,66.95,％
存貨率,28,電力設備及配備製造業,07704,58.91,％
存貨率,28,電力設備及配備製造業,07705,53.89,％
存貨率,28,電力設備及配備製造業,07706,52.17,％
存貨率,28,電力設備及配備製造業,07707,54.12,％
存貨率,28,電力設備及配備製造業,07708,55.65,％
存貨率,28,電力設備及配備製造業,07709,50.49,％
存貨率,28,電力設備及配備製造業,07710,56.39,％
存貨率,28,電力設備及配備製造業,07711,62.72,％
存貨率,28,電力設備及配備製造業,07712,76.24,％
存貨率,28,電力設備及配備製造業,07801,81.78,％
存貨率,28,電力設備及配備製造業,07802,110.82,％
存貨率,28,電力設備及配備製造業,07803,58.80,％
存貨率,28,電力設備及配備製造業,07804,61.67,％
存貨率,28,電力設備及配備製造業,07805,58.69,％
存貨率,28,電力設備及配備製造業,07806,64.78,％
存貨率,28,電力設備及配備製造業,07807,74.14,％
存貨率,28,電力設備及配備製造業,07808,80.97,％
存貨率,28,電力設備及配備製造業,07809,91.42,％
存貨率,28,電力設備及配備製造業,07810,108.41,％
存貨率,28,電力設備及配備製造業,07811,121.75,％
存貨率,28,電力設備及配備製造業,07812,117.25,％
存貨率,28,電力設備及配備製造業,07901,112.61,％
存貨率,28,電力設備及配備製造業,07902,116.23,％
存貨率,28,電力設備及配備製造業,07903,79.25,％
存貨率,28,電力設備及配備製造業,07904,84.53,％
存貨率,28,電力設備及配備製造業,07905,83.90,％
存貨率,28,電力設備及配備製造業,07906,83.06,％
存貨率,28,電力設備及配備製造業,07907,81.94,％
存貨率,28,電力設備及配備製造業,07908,88.53,％
存貨率,28,電力設備及配備製造業,07909,83.59,％
存貨率,28,電力設備及配備製造業,07910,89.70,％
存貨率,28,電力設備及配備製造業,07911,86.51,％
存貨率,28,電力設備及配備製造業,07912,97.71,％
存貨率,28,電力設備及配備製造業,08001,107.96,％
存貨率,28,電力設備及配備製造業,08002,126.94,％
存貨率,28,電力設備及配備製造業,08003,77.05,％
存貨率,28,電力設備及配備製造業,08004,66.79,％
存貨率,28,電力設備及配備製造業,08005,62.96,％
存貨率,28,電力設備及配備製造業,08006,63.88,％
存貨率,28,電力設備及配備製造業,08007,65.95,％
存貨率,28,電力設備及配備製造業,08008,71.22,％
存貨率,28,電力設備及配備製造業,08009,83.41,％
存貨率,28,電力設備及配備製造業,08010,87.31,％
存貨率,28,電力設備及配備製造業,08011,85.63,％
存貨率,28,電力設備及配備製造業,08012,98.09,％
存貨率,28,電力設備及配備製造業,08101,89.49,％
存貨率,28,電力設備及配備製造業,08102,112.49,％
存貨率,28,電力設備及配備製造業,08103,81.59,％
存貨率,28,電力設備及配備製造業,08104,76.33,％
存貨率,28,電力設備及配備製造業,08105,77.00,％
存貨率,28,電力設備及配備製造業,08106,80.09,％
存貨率,28,電力設備及配備製造業,08107,74.17,％
存貨率,28,電力設備及配備製造業,08108,82.36,％
存貨率,28,電力設備及配備製造業,08109,84.95,％
存貨率,28,電力設備及配備製造業,08110,93.41,％
存貨率,28,電力設備及配備製造業,08111,89.38,％
存貨率,28,電力設備及配備製造業,08112,94.90,％
存貨率,28,電力設備及配備製造業,08201,136.79,％
存貨率,28,電力設備及配備製造業,08202,99.64,％
存貨率,28,電力設備及配備製造業,08203,86.44,％
存貨率,28,電力設備及配備製造業,08204,69.26,％
存貨率,28,電力設備及配備製造業,08205,69.16,％
存貨率,28,電力設備及配備製造業,08206,66.66,％
存貨率,28,電力設備及配備製造業,08207,65.90,％
存貨率,28,電力設備及配備製造業,08208,73.70,％
存貨率,28,電力設備及配備製造業,08209,84.50,％
存貨率,28,電力設備及配備製造業,08210,87.90,％
存貨率,28,電力設備及配備製造業,08211,95.31,％
存貨率,28,電力設備及配備製造業,08212,96.94,％
存貨率,28,電力設備及配備製造業,08301,112.65,％
存貨率,28,電力設備及配備製造業,08302,106.15,％
存貨率,28,電力設備及配備製造業,08303,75.78,％
存貨率,28,電力設備及配備製造業,08304,64.07,％
存貨率,28,電力設備及配備製造業,08305,68.63,％
存貨率,28,電力設備及配備製造業,08306,66.24,％
存貨率,28,電力設備及配備製造業,08307,75.68,％
存貨率,28,電力設備及配備製造業,08308,85.95,％
存貨率,28,電力設備及配備製造業,08309,92.53,％
存貨率,28,電力設備及配備製造業,08310,103.05,％
存貨率,28,電力設備及配備製造業,08311,100.95,％
存貨率,28,電力設備及配備製造業,08312,101.36,％
存貨率,28,電力設備及配備製造業,08401,106.01,％
存貨率,28,電力設備及配備製造業,08402,95.31,％
存貨率,28,電力設備及配備製造業,08403,74.10,％
存貨率,28,電力設備及配備製造業,08404,63.37,％
存貨率,28,電力設備及配備製造業,08405,68.92,％
存貨率,28,電力設備及配備製造業,08406,70.94,％
存貨率,28,電力設備及配備製造業,08407,83.73,％
存貨率,28,電力設備及配備製造業,08408,93.89,％
存貨率,28,電力設備及配備製造業,08409,94.24,％
存貨率,28,電力設備及配備製造業,08410,107.46,％
存貨率,28,電力設備及配備製造業,08411,100.73,％
存貨率,28,電力設備及配備製造業,08412,107.12,％
存貨率,28,電力設備及配備製造業,08501,122.50,％
存貨率,28,電力設備及配備製造業,08502,120.35,％
存貨率,28,電力設備及配備製造業,08503,84.82,％
存貨率,28,電力設備及配備製造業,08504,74.65,％
存貨率,28,電力設備及配備製造業,08505,83.25,％
存貨率,28,電力設備及配備製造業,08506,76.97,％
存貨率,28,電力設備及配備製造業,08507,88.06,％
存貨率,28,電力設備及配備製造業,08508,87.85,％
存貨率,28,電力設備及配備製造業,08509,101.26,％
存貨率,28,電力設備及配備製造業,08510,102.87,％
存貨率,28,電力設備及配備製造業,08511,101.15,％
存貨率,28,電力設備及配備製造業,08512,106.21,％
存貨率,28,電力設備及配備製造業,08601,124.55,％
存貨率,28,電力設備及配備製造業,08602,119.70,％
存貨率,28,電力設備及配備製造業,08603,86.44,％
存貨率,28,電力設備及配備製造業,08604,77.27,％
存貨率,28,電力設備及配備製造業,08605,80.64,％
存貨率,28,電力設備及配備製造業,08606,91.75,％
存貨率,28,電力設備及配備製造業,08607,94.11,％
存貨率,28,電力設備及配備製造業,08608,94.55,％
存貨率,28,電力設備及配備製造業,08609,94.44,％
存貨率,28,電力設備及配備製造業,08610,97.77,％
存貨率,28,電力設備及配備製造業,08611,109.31,％
存貨率,28,電力設備及配備製造業,08612,101.36,％
存貨率,28,電力設備及配備製造業,08701,111.77,％
存貨率,28,電力設備及配備製造業,08702,83.13,％
存貨率,28,電力設備及配備製造業,08703,81.17,％
存貨率,28,電力設備及配備製造業,08704,73.60,％
存貨率,28,電力設備及配備製造業,08705,95.56,％
存貨率,28,電力設備及配備製造業,08706,92.59,％
存貨率,28,電力設備及配備製造業,08707,90.18,％
存貨率,28,電力設備及配備製造業,08708,88.10,％
存貨率,28,電力設備及配備製造業,08709,91.30,％
存貨率,28,電力設備及配備製造業,08710,102.67,％
存貨率,28,電力設備及配備製造業,08711,108.67,％
存貨率,28,電力設備及配備製造業,08712,93.74,％
存貨率,28,電力設備及配備製造業,08801,96.90,％
存貨率,28,電力設備及配備製造業,08802,99.49,％
存貨率,28,電力設備及配備製造業,08803,75.34,％
存貨率,28,電力設備及配備製造業,08804,69.29,％
存貨率,28,電力設備及配備製造業,08805,79.17,％
存貨率,28,電力設備及配備製造業,08806,82.87,％
存貨率,28,電力設備及配備製造業,08807,82.84,％
存貨率,28,電力設備及配備製造業,08808,85.53,％
存貨率,28,電力設備及配備製造業,08809,86.92,％
存貨率,28,電力設備及配備製造業,08810,80.66,％
存貨率,28,電力設備及配備製造業,08811,89.51,％
存貨率,28,電力設備及配備製造業,08812,92.93,％
存貨率,28,電力設備及配備製造業,08901,98.46,％
存貨率,28,電力設備及配備製造業,08902,100.76,％
存貨率,28,電力設備及配備製造業,08903,78.72,％
存貨率,28,電力設備及配備製造業,08904,74.79,％
存貨率,28,電力設備及配備製造業,08905,78.28,％
存貨率,28,電力設備及配備製造業,08906,81.80,％
存貨率,28,電力設備及配備製造業,08907,84.88,％
存貨率,28,電力設備及配備製造業,08908,90.07,％
存貨率,28,電力設備及配備製造業,08909,92.51,％
存貨率,28,電力設備及配備製造業,08910,104.21,％
存貨率,28,電力設備及配備製造業,08911,111.23,％
存貨率,28,電力設備及配備製造業,08912,117.18,％
存貨率,28,電力設備及配備製造業,09001,140.57,％
存貨率,28,電力設備及配備製造業,09002,105.31,％
存貨率,28,電力設備及配備製造業,09003,86.40,％
存貨率,28,電力設備及配備製造業,09004,97.23,％
存貨率,28,電力設備及配備製造業,09005,97.68,％
存貨率,28,電力設備及配備製造業,09006,105.48,％
存貨率,28,電力設備及配備製造業,09007,109.56,％
存貨率,28,電力設備及配備製造業,09008,107.65,％
存貨率,28,電力設備及配備製造業,09009,112.31,％
存貨率,28,電力設備及配備製造業,09010,104.49,％
存貨率,28,電力設備及配備製造業,09011,100.31,％
存貨率,28,電力設備及配備製造業,09012,110.31,％
存貨率,28,電力設備及配備製造業,09101,98.72,％
存貨率,28,電力設備及配備製造業,09102,119.78,％
存貨率,28,電力設備及配備製造業,09103,80.18,％
存貨率,28,電力設備及配備製造業,09104,80.13,％
存貨率,28,電力設備及配備製造業,09105,76.72,％
存貨率,28,電力設備及配備製造業,09106,83.33,％
存貨率,28,電力設備及配備製造業,09107,89.65,％
存貨率,28,電力設備及配備製造業,09108,91.59,％
存貨率,28,電力設備及配備製造業,09109,91.76,％
存貨率,28,電力設備及配備製造業,09110,89.43,％
存貨率,28,電力設備及配備製造業,09111,95.79,％
存貨率,28,電力設備及配備製造業,09112,88.73,％
存貨率,28,電力設備及配備製造業,09201,95.42,％
存貨率,28,電力設備及配備製造業,09202,102.92,％
存貨率,28,電力設備及配備製造業,09203,82.53,％
存貨率,28,電力設備及配備製造業,09204,78.85,％
存貨率,28,電力設備及配備製造業,09205,81.20,％
存貨率,28,電力設備及配備製造業,09206,85.95,％
存貨率,28,電力設備及配備製造業,09207,84.29,％
存貨率,28,電力設備及配備製造業,09208,84.82,％
存貨率,28,電力設備及配備製造業,09209,86.54,％
存貨率,28,電力設備及配備製造業,09210,74.26,％
存貨率,28,電力設備及配備製造業,09211,73.42,％
存貨率,28,電力設備及配備製造業,09212,68.47,％
存貨率,28,電力設備及配備製造業,09301,81.30,％
存貨率,28,電力設備及配備製造業,09302,66.64,％
存貨率,28,電力設備及配備製造業,09303,62.83,％
存貨率,28,電力設備及配備製造業,09304,62.56,％
存貨率,28,電力設備及配備製造業,09305,67.57,％
存貨率,28,電力設備及配備製造業,09306,71.82,％
存貨率,28,電力設備及配備製造業,09307,69.40,％
存貨率,28,電力設備及配備製造業,09308,77.31,％
存貨率,28,電力設備及配備製造業,09309,72.73,％
存貨率,28,電力設備及配備製造業,09310,74.28,％
存貨率,28,電力設備及配備製造業,09311,85.38,％
存貨率,28,電力設備及配備製造業,09312,81.65,％
存貨率,28,電力設備及配備製造業,09401,86.07,％
存貨率,28,電力設備及配備製造業,09402,97.20,％
存貨率,28,電力設備及配備製造業,09403,77.78,％
存貨率,28,電力設備及配備製造業,09404,76.56,％
存貨率,28,電力設備及配備製造業,09405,77.21,％
存貨率,28,電力設備及配備製造業,09406,76.07,％
存貨率,28,電力設備及配備製造業,09407,76.16,％
存貨率,28,電力設備及配備製造業,09408,73.60,％
存貨率,28,電力設備及配備製造業,09409,77.13,％
存貨率,28,電力設備及配備製造業,09410,81.89,％
存貨率,28,電力設備及配備製造業,09411,78.36,％
存貨率,28,電力設備及配備製造業,09412,72.51,％
存貨率,28,電力設備及配備製造業,09501,80.56,％
存貨率,28,電力設備及配備製造業,09502,91.43,％
存貨率,28,電力設備及配備製造業,09503,67.56,％
存貨率,28,電力設備及配備製造業,09504,71.17,％
存貨率,28,電力設備及配備製造業,09505,70.50,％
存貨率,28,電力設備及配備製造業,09506,76.85,％
存貨率,28,電力設備及配備製造業,09507,74.11,％
存貨率,28,電力設備及配備製造業,09508,78.78,％
存貨率,28,電力設備及配備製造業,09509,84.74,％
存貨率,28,電力設備及配備製造業,09510,85.46,％
存貨率,28,電力設備及配備製造業,09511,81.28,％
存貨率,28,電力設備及配備製造業,09512,84.26,％
存貨率,28,電力設備及配備製造業,09601,82.56,％
存貨率,28,電力設備及配備製造業,09602,102.95,％
存貨率,28,電力設備及配備製造業,09603,68.32,％
存貨率,28,電力設備及配備製造業,09604,68.51,％
存貨率,28,電力設備及配備製造業,09605,73.59,％
存貨率,28,電力設備及配備製造業,09606,78.41,％
存貨率,28,電力設備及配備製造業,09607,72.05,％
存貨率,28,電力設備及配備製造業,09608,80.65,％
存貨率,28,電力設備及配備製造業,09609,85.46,％
存貨率,28,電力設備及配備製造業,09610,81.37,％
存貨率,28,電力設備及配備製造業,09611,90.33,％
存貨率,28,電力設備及配備製造業,09612,88.09,％
存貨率,28,電力設備及配備製造業,09701,80.40,％
存貨率,28,電力設備及配備製造業,09702,91.37,％
存貨率,28,電力設備及配備製造業,09703,70.51,％
存貨率,28,電力設備及配備製造業,09704,69.41,％
存貨率,28,電力設備及配備製造業,09705,76.83,％
存貨率,28,電力設備及配備製造業,09706,80.19,％
存貨率,28,電力設備及配備製造業,09707,84.87,％
存貨率,28,電力設備及配備製造業,09708,89.41,％
存貨率,28,電力設備及配備製造業,09709,85.87,％
存貨率,28,電力設備及配備製造業,09710,98.68,％
存貨率,28,電力設備及配備製造業,09711,116.86,％
存貨率,28,電力設備及配備製造業,09712,113.52,％
存貨率,28,電力設備及配備製造業,09801,126.02,％
存貨率,28,電力設備及配備製造業,09802,100.30,％
存貨率,28,電力設備及配備製造業,09803,83.40,％
存貨率,28,電力設備及配備製造業,09804,81.95,％
存貨率,28,電力設備及配備製造業,09805,92.68,％
存貨率,28,電力設備及配備製造業,09806,79.84,％
存貨率,28,電力設備及配備製造業,09807,77.34,％
存貨率,28,電力設備及配備製造業,09808,82.31,％
存貨率,28,電力設備及配備製造業,09809,76.58,％
存貨率,28,電力設備及配備製造業,09810,74.69,％
存貨率,28,電力設備及配備製造業,09811,78.87,％
存貨率,28,電力設備及配備製造業,09812,71.26,％
存貨率,28,電力設備及配備製造業,09901,74.86,％
存貨率,28,電力設備及配備製造業,09902,97.40,％
存貨率,28,電力設備及配備製造業,09903,63.43,％
存貨率,28,電力設備及配備製造業,09904,69.10,％
存貨率,28,電力設備及配備製造業,09905,70.66,％
存貨率,28,電力設備及配備製造業,09906,66.30,％
存貨率,28,電力設備及配備製造業,09907,64.21,％
存貨率,28,電力設備及配備製造業,09908,66.97,％
存貨率,28,電力設備及配備製造業,09909,76.81,％
存貨率,28,電力設備及配備製造業,09910,77.49,％
存貨率,28,電力設備及配備製造業,09911,85.30,％
存貨率,28,電力設備及配備製造業,09912,78.87,％
存貨率,28,電力設備及配備製造業,10001,86.85,％
存貨率,28,電力設備及配備製造業,10002,107.19,％
存貨率,28,電力設備及配備製造業,10003,75.74,％
存貨率,28,電力設備及配備製造業,10004,78.45,％
存貨率,28,電力設備及配備製造業,10005,87.26,％
存貨率,28,電力設備及配備製造業,10006,78.37,％
存貨率,28,電力設備及配備製造業,10007,79.89,％
存貨率,28,電力設備及配備製造業,10008,88.32,％
存貨率,28,電力設備及配備製造業,10009,89.86,％
存貨率,28,電力設備及配備製造業,10010,89.65,％
存貨率,28,電力設備及配備製造業,10011,90.70,％
存貨率,28,電力設備及配備製造業,10012,87.92,％
存貨率,28,電力設備及配備製造業,10101,98.90,％
存貨率,28,電力設備及配備製造業,10102,81.38,％
存貨率,28,電力設備及配備製造業,10103,70.93,％
存貨率,28,電力設備及配備製造業,10104,75.63,％
存貨率,28,電力設備及配備製造業,10105,77.38,％
存貨率,28,電力設備及配備製造業,10106,79.23,％
存貨率,28,電力設備及配備製造業,10107,74.41,％
存貨率,28,電力設備及配備製造業,10108,77.15,％
存貨率,28,電力設備及配備製造業,10109,88.35,％
存貨率,28,電力設備及配備製造業,10110,83.18,％
存貨率,28,電力設備及配備製造業,10111,90.63,％
存貨率,28,電力設備及配備製造業,10112,88.05,％
存貨率,28,電力設備及配備製造業,10201,84.27,％
存貨率,28,電力設備及配備製造業,10202,110.73,％
存貨率,28,電力設備及配備製造業,10203,90.28,％
存貨率,28,電力設備及配備製造業,10204,80.96,％
存貨率,28,電力設備及配備製造業,10205,76.26,％
存貨率,28,電力設備及配備製造業,10206,80.57,％
存貨率,28,電力設備及配備製造業,10207,80.69,％
存貨率,28,電力設備及配備製造業,10208,82.44,％
存貨率,28,電力設備及配備製造業,10209,87.12,％
存貨率,28,電力設備及配備製造業,10210,84.81,％
存貨率,28,電力設備及配備製造業,10211,87.17,％
存貨率,28,電力設備及配備製造業,10212,77.81,％
存貨率,28,電力設備及配備製造業,10301,81.15,％
存貨率,28,電力設備及配備製造業,10302,93.39,％
存貨率,28,電力設備及配備製造業,10303,81.03,％
存貨率,28,電力設備及配備製造業,10304,77.42,％
存貨率,28,電力設備及配備製造業,10305,77.37,％
存貨率,28,電力設備及配備製造業,10306,85.65,％
存貨率,28,電力設備及配備製造業,10307,78.51,％
存貨率,28,電力設備及配備製造業,10308,87.06,％
存貨率,28,電力設備及配備製造業,10309,88.73,％
存貨率,28,電力設備及配備製造業,10310,88.22,％
存貨率,28,電力設備及配備製造業,10311,88.04,％
存貨率,28,電力設備及配備製造業,10312,83.83,％
存貨率,28,電力設備及配備製造業,10401,88.68,％
存貨率,28,電力設備及配備製造業,10402,116.20,％
存貨率,28,電力設備及配備製造業,10403,79.82,％
存貨率,28,電力設備及配備製造業,10404,77.41,％
存貨率,28,電力設備及配備製造業,10405,80.37,％
存貨率,28,電力設備及配備製造業,10406,76.05,％
存貨率,28,電力設備及配備製造業,10407,76.45,％
存貨率,28,電力設備及配備製造業,10408,83.50,％
存貨率,28,電力設備及配備製造業,10409,88.53,％
存貨率,28,電力設備及配備製造業,10410,82.97,％
存貨率,28,電力設備及配備製造業,10411,89.39,％
存貨率,28,電力設備及配備製造業,10412,77.37,％
存貨率,28,電力設備及配備製造業,10501,74.40,％
存貨率,28,電力設備及配備製造業,10502,96.58,％
存貨率,28,電力設備及配備製造業,10503,73.35,％
存貨率,28,電力設備及配備製造業,10504,77.11,％
存貨率,28,電力設備及配備製造業,10505,73.95,％
存貨率,28,電力設備及配備製造業,10506,72.07,％
存貨率,28,電力設備及配備製造業,10507,80.25,％
存貨率,28,電力設備及配備製造業,10508,82.73,％
存貨率,28,電力設備及配備製造業,10509,87.88,％
存貨率,28,電力設備及配備製造業,10510,85.40,％
存貨率,28,電力設備及配備製造業,10511,83.96,％
存貨率,28,電力設備及配備製造業,10512,89.44,％
存貨率,28,電力設備及配備製造業,10601,98.32,％
存貨率,28,電力設備及配備製造業,10602,109.11,％
存貨率,28,電力設備及配備製造業,10603,83.90,％
存貨率,28,電力設備及配備製造業,10604,90.09,％
存貨率,28,電力設備及配備製造業,10605,95.26,％
存貨率,28,電力設備及配備製造業,10606,92.02,％
存貨率,28,電力設備及配備製造業,10607,93.59,％
存貨率,28,電力設備及配備製造業,10608,103.62,％
存貨率,28,電力設備及配備製造業,10609,101.65,％
存貨率,28,電力設備及配備製造業,10610,93.42,％
存貨率,28,電力設備及配備製造業,10611,96.69,％
存貨率,28,電力設備及配備製造業,10612,92.38,％
存貨率,28,電力設備及配備製造業,10701,92.61,％
存貨率,28,電力設備及配備製造業,10702,128.47,％
存貨率,28,電力設備及配備製造業,10703,96.06,％
存貨率,28,電力設備及配備製造業,10704,97.18,％
存貨率,28,電力設備及配備製造業,10705,93.38,％
存貨率,28,電力設備及配備製造業,10706,96.15,％
存貨率,28,電力設備及配備製造業,10707,96.40,％
存貨率,28,電力設備及配備製造業,10708,95.78,％
存貨率,28,電力設備及配備製造業,10709,108.28,％
存貨率,28,電力設備及配備製造業,10710,99.66,％
存貨率,28,電力設備及配備製造業,10711,100.22,％
存貨率,28,電力設備及配備製造業,10712,102.66,％
存貨率,28,電力設備及配備製造業,10801,96.87,％
存貨率,28,電力設備及配備製造業,10802,131.13,％
存貨率,28,電力設備及配備製造業,10803,96.75,％
存貨率,28,電力設備及配備製造業,10804,93.23,％
存貨率,28,電力設備及配備製造業,10805,92.75,％
存貨率,28,電力設備及配備製造業,10806,98.00,％
存貨率,28,電力設備及配備製造業,10807,96.20,％
存貨率,28,電力設備及配備製造業,10808,92.35,％
存貨率,28,電力設備及配備製造業,10809,96.11,％
存貨率,28,電力設備及配備製造業,10810,95.67,％
存貨率,28,電力設備及配備製造業,10811,103.07,％
存貨率,28,電力設備及配備製造業,10812,88.82,％
存貨率,28,電力設備及配備製造業,10901,101.10,％
存貨率,28,電力設備及配備製造業,10902,106.45,％
存貨率,28,電力設備及配備製造業,10903,92.19,％
存貨率,28,電力設備及配備製造業,10904,96.84,％
存貨率,28,電力設備及配備製造業,10905,101.18,％
存貨率,28,電力設備及配備製造業,10906,102.10,％
存貨率,28,電力設備及配備製造業,10907,91.77,％
存貨率,28,電力設備及配備製造業,10908,108.73,％
存貨率,28,電力設備及配備製造業,10909,98.99,％
存貨率,28,電力設備及配備製造業,10910,100.64,％
存貨率,28,電力設備及配備製造業,10911,98.11,％
存貨率,28,電力設備及配備製造業,10912,94.83,％
存貨率,28,電力設備及配備製造業,11001,98.19,％
存貨率,28,電力設備及配備製造業,11002,123.60,％
存貨率,28,電力設備及配備製造業,11003,90.13,％
存貨率,28,電力設備及配備製造業,11004,90.51,％
存貨率,28,電力設備及配備製造業,11005,94.23,％
存貨率,28,電力設備及配備製造業,11006,92.76,％
存貨率,28,電力設備及配備製造業,11007,93.73,％
存貨率,28,電力設備及配備製造業,11008,97.38,％
存貨率,28,電力設備及配備製造業,11009,98.39,％
存貨率,28,電力設備及配備製造業,11010,98.57,％
存貨率,28,電力設備及配備製造業,11011,96.64,％
存貨率,28,電力設備及配備製造業,11012,90.17,％
存貨率,28,電力設備及配備製造業,11101,106.51,％
存貨率,28,電力設備及配備製造業,11102,134.18,％
存貨率,28,電力設備及配備製造業,11103,99.16,％
存貨率,28,電力設備及配備製造業,11104,103.49,％
存貨率,28,電力設備及配備製造業,11105,109.06,％
存貨率,28,電力設備及配備製造業,11106,106.87,％
存貨率,28,電力設備及配備製造業,11107,122.75,％
存貨率,28,電力設備及配備製造業,11108,109.69,％
存貨率,28,電力設備及配備製造業,11109,121.27,％
存貨率,28,電力設備及配備製造業,11110,120.23,％
存貨率,28,電力設備及配備製造業,11111,116.34,％
存貨率,28,電力設備及配備製造業,11112,121.32,％
存貨率,28,電力設備及配備製造業,11201,147.33,％
存貨率,28,電力設備及配備製造業,11202,131.56,％
存貨率,28,電力設備及配備製造業,11203,115.50,％
存貨率,28,電力設備及配備製造業,11204,125.15,％
存貨率,28,電力設備及配備製造業,11205,123.53,％
存貨率,28,電力設備及配備製造業,11206,130.15,％
存貨率,28,電力設備及配備製造業,11207,130.20,％
存貨率,28,電力設備及配備製造業,11208,130.57,％
存貨率,28,電力設備及配備製造業,11209,136.74,％
存貨率,28,電力設備及配備製造業,11210,131.44,％
存貨率,28,電力設備及配備製造業,11211,116.71,％
存貨率,28,電力設備及配備製造業,11212,114.84,％
存貨率,28,電力設備及配備製造業,11301,123.19,％
存貨率,28,電力設備及配備製造業,11302,150.23,％
存貨率,28,電力設備及配備製造業,11303,116.56,％
存貨率,28,電力設備及配備製造業,11304,116.38,％
存貨率,28,電力設備及配備製造業,11305,109.39,％
存貨率,28,電力設備及配備製造業,11306,126.01,％
存貨率,28,電力設備及配備製造業,11307,120.36,％
存貨率,28,電力設備及配備製造業,11308,134.41,％
存貨率,28,電力設備及配備製造業,11309,144.51,％
存貨率,28,電力設備及配備製造業,11310,145.68,％
存貨率,28,電力設備及配備製造業,11311,136.33,％
存貨率,28,電力設備及配備製造業,11312,129.00,％
存貨率,28,電力設備及配備製造業,11401,150.45,％
存貨率,28,電力設備及配備製造業,11402,136.09,％
存貨率,28,電力設備及配備製造業,11403,131.89,％
存貨率,28,電力設備及配備製造業,11404,130.94,％
存貨率,28,電力設備及配備製造業,11405,133.22,％
存貨率,28,電力設備及配備製造業,11406,141.97,％
存貨率,28,電力設備及配備製造業,11407,142.95,％
存貨率,28,電力設備及配備製造業,11408,151.59,％
存貨率,28,電力設備及配備製造業,11409,149.42,％
存貨率,28,電力設備及配備製造業,11410,151.62,％
存貨率,28,電力設備及配備製造業,11411,149.25,％
存貨率,28,電力設備及配備製造業,11412,141.13,％
存貨率,28,電力設備及配備製造業,11501,140.10,％
存貨率,28,電力設備及配備製造業,11502,209.88,％
存貨率,28,電力設備及配備製造業,11503,148.28,％
存貨率,28,電力設備及配備製造業,11504,136.01,％
存貨率,28,電力設備及配備製造業,11505,152.16,％
存貨率,28,電力設備及配備製造業,11506,142.01,％
存貨率,29,機械設備製造業,07101,81.99,％
存貨率,29,機械設備製造業,07102,72.76,％
存貨率,29,機械設備製造業,07103,56.61,％
存貨率,29,機械設備製造業,07104,61.40,％
存貨率,29,機械設備製造業,07105,58.68,％
存貨率,29,機械設備製造業,07106,63.83,％
存貨率,29,機械設備製造業,07107,67.70,％
存貨率,29,機械設備製造業,07108,63.84,％
存貨率,29,機械設備製造業,07109,55.43,％
存貨率,29,機械設備製造業,07110,60.84,％
存貨率,29,機械設備製造業,07111,66.61,％
存貨率,29,機械設備製造業,07112,43.81,％
存貨率,29,機械設備製造業,07201,70.76,％
存貨率,29,機械設備製造業,07202,80.12,％
存貨率,29,機械設備製造業,07203,70.36,％
存貨率,29,機械設備製造業,07204,68.96,％
存貨率,29,機械設備製造業,07205,45.00,％
存貨率,29,機械設備製造業,07206,47.75,％
存貨率,29,機械設備製造業,07207,51.73,％
存貨率,29,機械設備製造業,07208,47.03,％
存貨率,29,機械設備製造業,07209,54.95,％
存貨率,29,機械設備製造業,07210,55.54,％
存貨率,29,機械設備製造業,07211,49.64,％
存貨率,29,機械設備製造業,07212,42.31,％
存貨率,29,機械設備製造業,07301,46.76,％
存貨率,29,機械設備製造業,07302,63.99,％
存貨率,29,機械設備製造業,07303,54.02,％
存貨率,29,機械設備製造業,07304,47.76,％
存貨率,29,機械設備製造業,07305,49.54,％
存貨率,29,機械設備製造業,07306,45.41,％
存貨率,29,機械設備製造業,07307,42.34,％
存貨率,29,機械設備製造業,07308,45.96,％
存貨率,29,機械設備製造業,07309,52.72,％
存貨率,29,機械設備製造業,07310,50.90,％
存貨率,29,機械設備製造業,07311,56.24,％
存貨率,29,機械設備製造業,07312,44.55,％
存貨率,29,機械設備製造業,07401,78.29,％
存貨率,29,機械設備製造業,07402,74.04,％
存貨率,29,機械設備製造業,07403,69.82,％
存貨率,29,機械設備製造業,07404,63.93,％
存貨率,29,機械設備製造業,07405,52.23,％
存貨率,29,機械設備製造業,07406,45.67,％
存貨率,29,機械設備製造業,07407,48.26,％
存貨率,29,機械設備製造業,07408,47.97,％
存貨率,29,機械設備製造業,07409,46.26,％
存貨率,29,機械設備製造業,07410,48.25,％
存貨率,29,機械設備製造業,07411,51.91,％
存貨率,29,機械設備製造業,07412,43.70,％
存貨率,29,機械設備製造業,07501,65.60,％
存貨率,29,機械設備製造業,07502,75.10,％
存貨率,29,機械設備製造業,07503,37.70,％
存貨率,29,機械設備製造業,07504,53.97,％
存貨率,29,機械設備製造業,07505,55.29,％
存貨率,29,機械設備製造業,07506,57.25,％
存貨率,29,機械設備製造業,07507,57.01,％
存貨率,29,機械設備製造業,07508,59.07,％
存貨率,29,機械設備製造業,07509,53.11,％
存貨率,29,機械設備製造業,07510,49.65,％
存貨率,29,機械設備製造業,07511,46.31,％
存貨率,29,機械設備製造業,07512,35.42,％
存貨率,29,機械設備製造業,07601,47.97,％
存貨率,29,機械設備製造業,07602,51.90,％
存貨率,29,機械設備製造業,07603,44.16,％
存貨率,29,機械設備製造業,07604,39.95,％
存貨率,29,機械設備製造業,07605,39.78,％
存貨率,29,機械設備製造業,07606,33.85,％
存貨率,29,機械設備製造業,07607,42.32,％
存貨率,29,機械設備製造業,07608,37.76,％
存貨率,29,機械設備製造業,07609,36.73,％
存貨率,29,機械設備製造業,07610,42.69,％
存貨率,29,機械設備製造業,07611,47.18,％
存貨率,29,機械設備製造業,07612,37.48,％
存貨率,29,機械設備製造業,07701,42.02,％
存貨率,29,機械設備製造業,07702,47.37,％
存貨率,29,機械設備製造業,07703,46.26,％
存貨率,29,機械設備製造業,07704,43.02,％
存貨率,29,機械設備製造業,07705,43.19,％
存貨率,29,機械設備製造業,07706,36.85,％
存貨率,29,機械設備製造業,07707,43.79,％
存貨率,29,機械設備製造業,07708,45.09,％
存貨率,29,機械設備製造業,07709,42.79,％
存貨率,29,機械設備製造業,07710,34.38,％
存貨率,29,機械設備製造業,07711,35.52,％
存貨率,29,機械設備製造業,07712,38.44,％
存貨率,29,機械設備製造業,07801,49.83,％
存貨率,29,機械設備製造業,07802,64.79,％
存貨率,29,機械設備製造業,07803,39.78,％
存貨率,29,機械設備製造業,07804,42.12,％
存貨率,29,機械設備製造業,07805,40.45,％
存貨率,29,機械設備製造業,07806,36.96,％
存貨率,29,機械設備製造業,07807,41.95,％
存貨率,29,機械設備製造業,07808,45.67,％
存貨率,29,機械設備製造業,07809,52.30,％
存貨率,29,機械設備製造業,07810,52.18,％
存貨率,29,機械設備製造業,07811,44.59,％
存貨率,29,機械設備製造業,07812,41.79,％
存貨率,29,機械設備製造業,07901,72.24,％
存貨率,29,機械設備製造業,07902,78.48,％
存貨率,29,機械設備製造業,07903,61.85,％
存貨率,29,機械設備製造業,07904,56.40,％
存貨率,29,機械設備製造業,07905,47.28,％
存貨率,29,機械設備製造業,07906,46.73,％
存貨率,29,機械設備製造業,07907,46.89,％
存貨率,29,機械設備製造業,07908,47.70,％
存貨率,29,機械設備製造業,07909,45.11,％
存貨率,29,機械設備製造業,07910,46.37,％
存貨率,29,機械設備製造業,07911,39.27,％
存貨率,29,機械設備製造業,07912,40.12,％
存貨率,29,機械設備製造業,08001,50.77,％
存貨率,29,機械設備製造業,08002,66.56,％
存貨率,29,機械設備製造業,08003,45.58,％
存貨率,29,機械設備製造業,08004,46.81,％
存貨率,29,機械設備製造業,08005,45.46,％
存貨率,29,機械設備製造業,08006,43.33,％
存貨率,29,機械設備製造業,08007,41.83,％
存貨率,29,機械設備製造業,08008,41.02,％
存貨率,29,機械設備製造業,08009,43.89,％
存貨率,29,機械設備製造業,08010,43.86,％
存貨率,29,機械設備製造業,08011,44.39,％
存貨率,29,機械設備製造業,08012,40.22,％
存貨率,29,機械設備製造業,08101,46.94,％
存貨率,29,機械設備製造業,08102,65.29,％
存貨率,29,機械設備製造業,08103,42.98,％
存貨率,29,機械設備製造業,08104,42.11,％
存貨率,29,機械設備製造業,08105,40.43,％
存貨率,29,機械設備製造業,08106,50.77,％
存貨率,29,機械設備製造業,08107,45.25,％
存貨率,29,機械設備製造業,08108,41.14,％
存貨率,29,機械設備製造業,08109,41.32,％
存貨率,29,機械設備製造業,08110,47.96,％
存貨率,29,機械設備製造業,08111,40.20,％
存貨率,29,機械設備製造業,08112,42.64,％
存貨率,29,機械設備製造業,08201,64.55,％
存貨率,29,機械設備製造業,08202,51.77,％
存貨率,29,機械設備製造業,08203,45.86,％
存貨率,29,機械設備製造業,08204,48.78,％
存貨率,29,機械設備製造業,08205,48.88,％
存貨率,29,機械設備製造業,08206,44.12,％
存貨率,29,機械設備製造業,08207,40.62,％
存貨率,29,機械設備製造業,08208,41.54,％
存貨率,29,機械設備製造業,08209,44.35,％
存貨率,29,機械設備製造業,08210,50.64,％
存貨率,29,機械設備製造業,08211,46.30,％
存貨率,29,機械設備製造業,08212,36.73,％
存貨率,29,機械設備製造業,08301,50.94,％
存貨率,29,機械設備製造業,08302,61.77,％
存貨率,29,機械設備製造業,08303,45.14,％
存貨率,29,機械設備製造業,08304,44.75,％
存貨率,29,機械設備製造業,08305,40.84,％
存貨率,29,機械設備製造業,08306,41.60,％
存貨率,29,機械設備製造業,08307,39.96,％
存貨率,29,機械設備製造業,08308,42.85,％
存貨率,29,機械設備製造業,08309,41.14,％
存貨率,29,機械設備製造業,08310,44.48,％
存貨率,29,機械設備製造業,08311,39.57,％
存貨率,29,機械設備製造業,08312,41.61,％
存貨率,29,機械設備製造業,08401,44.14,％
存貨率,29,機械設備製造業,08402,52.42,％
存貨率,29,機械設備製造業,08403,33.67,％
存貨率,29,機械設備製造業,08404,37.67,％
存貨率,29,機械設備製造業,08405,30.22,％
存貨率,29,機械設備製造業,08406,34.20,％
存貨率,29,機械設備製造業,08407,34.95,％
存貨率,29,機械設備製造業,08408,38.12,％
存貨率,29,機械設備製造業,08409,39.85,％
存貨率,29,機械設備製造業,08410,42.50,％
存貨率,29,機械設備製造業,08411,40.88,％
存貨率,29,機械設備製造業,08412,39.95,％
存貨率,29,機械設備製造業,08501,52.30,％
存貨率,29,機械設備製造業,08502,61.95,％
存貨率,29,機械設備製造業,08503,45.56,％
存貨率,29,機械設備製造業,08504,46.09,％
存貨率,29,機械設備製造業,08505,43.56,％
存貨率,29,機械設備製造業,08506,45.81,％
存貨率,29,機械設備製造業,08507,45.28,％
存貨率,29,機械設備製造業,08508,44.67,％
存貨率,29,機械設備製造業,08509,50.05,％
存貨率,29,機械設備製造業,08510,57.81,％
存貨率,29,機械設備製造業,08511,41.07,％
存貨率,29,機械設備製造業,08512,31.96,％
存貨率,29,機械設備製造業,08601,40.43,％
存貨率,29,機械設備製造業,08602,55.86,％
存貨率,29,機械設備製造業,08603,38.21,％
存貨率,29,機械設備製造業,08604,36.49,％
存貨率,29,機械設備製造業,08605,36.34,％
存貨率,29,機械設備製造業,08606,37.68,％
存貨率,29,機械設備製造業,08607,37.77,％
存貨率,29,機械設備製造業,08608,38.83,％
存貨率,29,機械設備製造業,08609,39.52,％
存貨率,29,機械設備製造業,08610,35.35,％
存貨率,29,機械設備製造業,08611,41.15,％
存貨率,29,機械設備製造業,08612,32.78,％
存貨率,29,機械設備製造業,08701,54.25,％
存貨率,29,機械設備製造業,08702,49.72,％
存貨率,29,機械設備製造業,08703,41.49,％
存貨率,29,機械設備製造業,08704,39.89,％
存貨率,29,機械設備製造業,08705,41.04,％
存貨率,29,機械設備製造業,08706,37.52,％
存貨率,29,機械設備製造業,08707,41.97,％
存貨率,29,機械設備製造業,08708,44.18,％
存貨率,29,機械設備製造業,08709,45.54,％
存貨率,29,機械設備製造業,08710,42.60,％
存貨率,29,機械設備製造業,08711,48.54,％
存貨率,29,機械設備製造業,08712,41.88,％
存貨率,29,機械設備製造業,08801,44.24,％
存貨率,29,機械設備製造業,08802,52.98,％
存貨率,29,機械設備製造業,08803,40.42,％
存貨率,29,機械設備製造業,08804,37.84,％
存貨率,29,機械設備製造業,08805,41.05,％
存貨率,29,機械設備製造業,08806,40.64,％
存貨率,29,機械設備製造業,08807,42.31,％
存貨率,29,機械設備製造業,08808,41.11,％
存貨率,29,機械設備製造業,08809,43.54,％
存貨率,29,機械設備製造業,08810,42.27,％
存貨率,29,機械設備製造業,08811,41.83,％
存貨率,29,機械設備製造業,08812,34.13,％
存貨率,29,機械設備製造業,08901,46.32,％
存貨率,29,機械設備製造業,08902,55.88,％
存貨率,29,機械設備製造業,08903,32.68,％
存貨率,29,機械設備製造業,08904,38.79,％
存貨率,29,機械設備製造業,08905,36.31,％
存貨率,29,機械設備製造業,08906,34.24,％
存貨率,29,機械設備製造業,08907,41.32,％
存貨率,29,機械設備製造業,08908,40.18,％
存貨率,29,機械設備製造業,08909,39.31,％
存貨率,29,機械設備製造業,08910,41.30,％
存貨率,29,機械設備製造業,08911,43.89,％
存貨率,29,機械設備製造業,08912,45.44,％
存貨率,29,機械設備製造業,09001,71.42,％
存貨率,29,機械設備製造業,09002,56.41,％
存貨率,29,機械設備製造業,09003,42.82,％
存貨率,29,機械設備製造業,09004,47.95,％
存貨率,29,機械設備製造業,09005,47.90,％
存貨率,29,機械設備製造業,09006,49.40,％
存貨率,29,機械設備製造業,09007,52.27,％
存貨率,29,機械設備製造業,09008,53.23,％
存貨率,29,機械設備製造業,09009,56.22,％
存貨率,29,機械設備製造業,09010,57.56,％
存貨率,29,機械設備製造業,09011,56.43,％
存貨率,29,機械設備製造業,09012,50.14,％
存貨率,29,機械設備製造業,09101,54.67,％
存貨率,29,機械設備製造業,09102,67.31,％
存貨率,29,機械設備製造業,09103,42.46,％
存貨率,29,機械設備製造業,09104,44.05,％
存貨率,29,機械設備製造業,09105,38.69,％
存貨率,29,機械設備製造業,09106,43.56,％
存貨率,29,機械設備製造業,09107,42.58,％
存貨率,29,機械設備製造業,09108,44.24,％
存貨率,29,機械設備製造業,09109,42.62,％
存貨率,29,機械設備製造業,09110,40.79,％
存貨率,29,機械設備製造業,09111,43.05,％
存貨率,29,機械設備製造業,09112,42.89,％
存貨率,29,機械設備製造業,09201,46.80,％
存貨率,29,機械設備製造業,09202,60.69,％
存貨率,29,機械設備製造業,09203,40.31,％
存貨率,29,機械設備製造業,09204,40.18,％
存貨率,29,機械設備製造業,09205,39.34,％
存貨率,29,機械設備製造業,09206,38.57,％
存貨率,29,機械設備製造業,09207,40.10,％
存貨率,29,機械設備製造業,09208,39.71,％
存貨率,29,機械設備製造業,09209,38.90,％
存貨率,29,機械設備製造業,09210,36.03,％
存貨率,29,機械設備製造業,09211,40.06,％
存貨率,29,機械設備製造業,09212,35.70,％
存貨率,29,機械設備製造業,09301,46.72,％
存貨率,29,機械設備製造業,09302,37.27,％
存貨率,29,機械設備製造業,09303,32.40,％
存貨率,29,機械設備製造業,09304,31.44,％
存貨率,29,機械設備製造業,09305,33.71,％
存貨率,29,機械設備製造業,09306,30.80,％
存貨率,29,機械設備製造業,09307,31.51,％
存貨率,29,機械設備製造業,09308,34.50,％
存貨率,29,機械設備製造業,09309,32.86,％
存貨率,29,機械設備製造業,09310,34.46,％
存貨率,29,機械設備製造業,09311,36.23,％
存貨率,29,機械設備製造業,09312,35.68,％
存貨率,29,機械設備製造業,09401,41.67,％
存貨率,29,機械設備製造業,09402,49.48,％
存貨率,29,機械設備製造業,09403,33.17,％
存貨率,29,機械設備製造業,09404,37.64,％
存貨率,29,機械設備製造業,09405,34.53,％
存貨率,29,機械設備製造業,09406,35.93,％
存貨率,29,機械設備製造業,09407,38.45,％
存貨率,29,機械設備製造業,09408,38.59,％
存貨率,29,機械設備製造業,09409,41.04,％
存貨率,29,機械設備製造業,09410,38.83,％
存貨率,29,機械設備製造業,09411,37.76,％
存貨率,29,機械設備製造業,09412,35.81,％
存貨率,29,機械設備製造業,09501,41.13,％
存貨率,29,機械設備製造業,09502,48.09,％
存貨率,29,機械設備製造業,09503,31.19,％
存貨率,29,機械設備製造業,09504,32.96,％
存貨率,29,機械設備製造業,09505,30.53,％
存貨率,29,機械設備製造業,09506,29.54,％
存貨率,29,機械設備製造業,09507,33.73,％
存貨率,29,機械設備製造業,09508,33.21,％
存貨率,29,機械設備製造業,09509,35.35,％
存貨率,29,機械設備製造業,09510,33.70,％
存貨率,29,機械設備製造業,09511,35.43,％
存貨率,29,機械設備製造業,09512,31.78,％
存貨率,29,機械設備製造業,09601,38.49,％
存貨率,29,機械設備製造業,09602,53.96,％
存貨率,29,機械設備製造業,09603,34.08,％
存貨率,29,機械設備製造業,09604,36.01,％
存貨率,29,機械設備製造業,09605,33.19,％
存貨率,29,機械設備製造業,09606,34.41,％
存貨率,29,機械設備製造業,09607,35.07,％
存貨率,29,機械設備製造業,09608,34.12,％
存貨率,29,機械設備製造業,09609,38.75,％
存貨率,29,機械設備製造業,09610,36.12,％
存貨率,29,機械設備製造業,09611,36.11,％
存貨率,29,機械設備製造業,09612,34.60,％
存貨率,29,機械設備製造業,09701,37.02,％
存貨率,29,機械設備製造業,09702,50.34,％
存貨率,29,機械設備製造業,09703,37.12,％
存貨率,29,機械設備製造業,09704,36.34,％
存貨率,29,機械設備製造業,09705,37.10,％
存貨率,29,機械設備製造業,09706,37.65,％
存貨率,29,機械設備製造業,09707,41.44,％
存貨率,29,機械設備製造業,09708,42.69,％
存貨率,29,機械設備製造業,09709,44.43,％
存貨率,29,機械設備製造業,09710,47.54,％
存貨率,29,機械設備製造業,09711,63.52,％
存貨率,29,機械設備製造業,09712,62.05,％
存貨率,29,機械設備製造業,09801,85.38,％
存貨率,29,機械設備製造業,09802,84.32,％
存貨率,29,機械設備製造業,09803,75.43,％
存貨率,29,機械設備製造業,09804,72.57,％
存貨率,29,機械設備製造業,09805,79.96,％
存貨率,29,機械設備製造業,09806,65.28,％
存貨率,29,機械設備製造業,09807,63.09,％
存貨率,29,機械設備製造業,09808,65.15,％
存貨率,29,機械設備製造業,09809,57.25,％
存貨率,29,機械設備製造業,09810,52.07,％
存貨率,29,機械設備製造業,09811,55.12,％
存貨率,29,機械設備製造業,09812,44.02,％
存貨率,29,機械設備製造業,09901,52.74,％
存貨率,29,機械設備製造業,09902,62.89,％
存貨率,29,機械設備製造業,09903,39.42,％
存貨率,29,機械設備製造業,09904,39.04,％
存貨率,29,機械設備製造業,09905,39.90,％
存貨率,29,機械設備製造業,09906,37.08,％
存貨率,29,機械設備製造業,09907,35.65,％
存貨率,29,機械設備製造業,09908,35.75,％
存貨率,29,機械設備製造業,09909,36.21,％
存貨率,29,機械設備製造業,09910,35.25,％
存貨率,29,機械設備製造業,09911,35.53,％
存貨率,29,機械設備製造業,09912,31.41,％
存貨率,29,機械設備製造業,10001,37.13,％
存貨率,29,機械設備製造業,10002,50.42,％
存貨率,29,機械設備製造業,10003,32.68,％
存貨率,29,機械設備製造業,10004,35.95,％
存貨率,29,機械設備製造業,10005,35.42,％
存貨率,29,機械設備製造業,10006,32.30,％
存貨率,29,機械設備製造業,10007,33.10,％
存貨率,29,機械設備製造業,10008,35.95,％
存貨率,29,機械設備製造業,10009,36.73,％
存貨率,29,機械設備製造業,10010,38.41,％
存貨率,29,機械設備製造業,10011,42.84,％
存貨率,29,機械設備製造業,10012,37.44,％
存貨率,29,機械設備製造業,10101,58.43,％
存貨率,29,機械設備製造業,10102,50.35,％
存貨率,29,機械設備製造業,10103,41.47,％
存貨率,29,機械設備製造業,10104,44.30,％
存貨率,29,機械設備製造業,10105,41.35,％
存貨率,29,機械設備製造業,10106,41.79,％
存貨率,29,機械設備製造業,10107,41.85,％
存貨率,29,機械設備製造業,10108,40.04,％
存貨率,29,機械設備製造業,10109,44.30,％
存貨率,29,機械設備製造業,10110,41.91,％
存貨率,29,機械設備製造業,10111,43.35,％
存貨率,29,機械設備製造業,10112,41.89,％
存貨率,29,機械設備製造業,10201,45.04,％
存貨率,29,機械設備製造業,10202,61.67,％
存貨率,29,機械設備製造業,10203,41.40,％
存貨率,29,機械設備製造業,10204,45.03,％
存貨率,29,機械設備製造業,10205,39.64,％
存貨率,29,機械設備製造業,10206,42.20,％
存貨率,29,機械設備製造業,10207,41.63,％
存貨率,29,機械設備製造業,10208,43.32,％
存貨率,29,機械設備製造業,10209,45.52,％
存貨率,29,機械設備製造業,10210,44.85,％
存貨率,29,機械設備製造業,10211,45.51,％
存貨率,29,機械設備製造業,10212,38.93,％
存貨率,29,機械設備製造業,10301,52.01,％
存貨率,29,機械設備製造業,10302,56.03,％
存貨率,29,機械設備製造業,10303,48.00,％
存貨率,29,機械設備製造業,10304,41.74,％
存貨率,29,機械設備製造業,10305,41.47,％
存貨率,29,機械設備製造業,10306,41.82,％
存貨率,29,機械設備製造業,10307,43.14,％
存貨率,29,機械設備製造業,10308,41.40,％
存貨率,29,機械設備製造業,10309,43.55,％
存貨率,29,機械設備製造業,10310,39.65,％
存貨率,29,機械設備製造業,10311,42.12,％
存貨率,29,機械設備製造業,10312,34.76,％
存貨率,29,機械設備製造業,10401,42.96,％
存貨率,29,機械設備製造業,10402,56.74,％
存貨率,29,機械設備製造業,10403,38.92,％
存貨率,29,機械設備製造業,10404,42.14,％
存貨率,29,機械設備製造業,10405,42.66,％
存貨率,29,機械設備製造業,10406,43.72,％
存貨率,29,機械設備製造業,10407,45.14,％
存貨率,29,機械設備製造業,10408,51.53,％
存貨率,29,機械設備製造業,10409,55.02,％
存貨率,29,機械設備製造業,10410,51.02,％
存貨率,29,機械設備製造業,10411,53.61,％
存貨率,29,機械設備製造業,10412,49.14,％
存貨率,29,機械設備製造業,10501,63.36,％
存貨率,29,機械設備製造業,10502,78.01,％
存貨率,29,機械設備製造業,10503,49.35,％
存貨率,29,機械設備製造業,10504,52.07,％
存貨率,29,機械設備製造業,10505,50.69,％
存貨率,29,機械設備製造業,10506,48.79,％
存貨率,29,機械設備製造業,10507,50.48,％
存貨率,29,機械設備製造業,10508,53.47,％
存貨率,29,機械設備製造業,10509,59.43,％
存貨率,29,機械設備製造業,10510,55.54,％
存貨率,29,機械設備製造業,10511,48.25,％
存貨率,29,機械設備製造業,10512,43.81,％
存貨率,29,機械設備製造業,10601,55.99,％
存貨率,29,機械設備製造業,10602,64.24,％
存貨率,29,機械設備製造業,10603,48.96,％
存貨率,29,機械設備製造業,10604,54.47,％
存貨率,29,機械設備製造業,10605,53.06,％
存貨率,29,機械設備製造業,10606,49.01,％
存貨率,29,機械設備製造業,10607,52.50,％
存貨率,29,機械設備製造業,10608,46.69,％
存貨率,29,機械設備製造業,10609,48.91,％
存貨率,29,機械設備製造業,10610,52.40,％
存貨率,29,機械設備製造業,10611,50.36,％
存貨率,29,機械設備製造業,10612,46.70,％
存貨率,29,機械設備製造業,10701,54.73,％
存貨率,29,機械設備製造業,10702,74.10,％
存貨率,29,機械設備製造業,10703,44.12,％
存貨率,29,機械設備製造業,10704,53.09,％
存貨率,29,機械設備製造業,10705,43.54,％
存貨率,29,機械設備製造業,10706,45.37,％
存貨率,29,機械設備製造業,10707,46.78,％
存貨率,29,機械設備製造業,10708,47.75,％
存貨率,29,機械設備製造業,10709,52.36,％
存貨率,29,機械設備製造業,10710,53.17,％
存貨率,29,機械設備製造業,10711,55.76,％
存貨率,29,機械設備製造業,10712,50.92,％
存貨率,29,機械設備製造業,10801,58.51,％
存貨率,29,機械設備製造業,10802,83.84,％
存貨率,29,機械設備製造業,10803,63.47,％
存貨率,29,機械設備製造業,10804,62.75,％
存貨率,29,機械設備製造業,10805,60.64,％
存貨率,29,機械設備製造業,10806,63.67,％
存貨率,29,機械設備製造業,10807,62.54,％
存貨率,29,機械設備製造業,10808,69.71,％
存貨率,29,機械設備製造業,10809,75.93,％
存貨率,29,機械設備製造業,10810,69.49,％
存貨率,29,機械設備製造業,10811,69.17,％
存貨率,29,機械設備製造業,10812,60.45,％
存貨率,29,機械設備製造業,10901,84.60,％
存貨率,29,機械設備製造業,10902,72.38,％
存貨率,29,機械設備製造業,10903,63.74,％
存貨率,29,機械設備製造業,10904,68.63,％
存貨率,29,機械設備製造業,10905,68.64,％
存貨率,29,機械設備製造業,10906,66.51,％
存貨率,29,機械設備製造業,10907,63.84,％
存貨率,29,機械設備製造業,10908,68.96,％
存貨率,29,機械設備製造業,10909,64.42,％
存貨率,29,機械設備製造業,10910,64.80,％
存貨率,29,機械設備製造業,10911,61.61,％
存貨率,29,機械設備製造業,10912,48.86,％
存貨率,29,機械設備製造業,11001,55.68,％
存貨率,29,機械設備製造業,11002,66.20,％
存貨率,29,機械設備製造業,11003,47.79,％
存貨率,29,機械設備製造業,11004,53.79,％
存貨率,29,機械設備製造業,11005,49.18,％
存貨率,29,機械設備製造業,11006,49.64,％
存貨率,29,機械設備製造業,11007,48.55,％
存貨率,29,機械設備製造業,11008,49.43,％
存貨率,29,機械設備製造業,11009,50.93,％
存貨率,29,機械設備製造業,11010,51.57,％
存貨率,29,機械設備製造業,11011,53.30,％
存貨率,29,機械設備製造業,11012,49.76,％
存貨率,29,機械設備製造業,11101,54.89,％
存貨率,29,機械設備製造業,11102,66.15,％
存貨率,29,機械設備製造業,11103,49.76,％
存貨率,29,機械設備製造業,11104,59.68,％
存貨率,29,機械設備製造業,11105,59.17,％
存貨率,29,機械設備製造業,11106,55.62,％
存貨率,29,機械設備製造業,11107,56.74,％
存貨率,29,機械設備製造業,11108,58.61,％
存貨率,29,機械設備製造業,11109,59.35,％
存貨率,29,機械設備製造業,11110,67.27,％
存貨率,29,機械設備製造業,11111,64.10,％
存貨率,29,機械設備製造業,11112,62.05,％
存貨率,29,機械設備製造業,11201,91.11,％
存貨率,29,機械設備製造業,11202,87.56,％
存貨率,29,機械設備製造業,11203,69.72,％
存貨率,29,機械設備製造業,11204,82.39,％
存貨率,29,機械設備製造業,11205,72.45,％
存貨率,29,機械設備製造業,11206,73.06,％
存貨率,29,機械設備製造業,11207,78.12,％
存貨率,29,機械設備製造業,11208,72.14,％
存貨率,29,機械設備製造業,11209,73.39,％
存貨率,29,機械設備製造業,11210,79.61,％
存貨率,29,機械設備製造業,11211,73.65,％
存貨率,29,機械設備製造業,11212,70.93,％
存貨率,29,機械設備製造業,11301,78.90,％
存貨率,29,機械設備製造業,11302,98.83,％
存貨率,29,機械設備製造業,11303,72.59,％
存貨率,29,機械設備製造業,11304,72.60,％
存貨率,29,機械設備製造業,11305,68.43,％
存貨率,29,機械設備製造業,11306,66.33,％
存貨率,29,機械設備製造業,11307,71.20,％
存貨率,29,機械設備製造業,11308,69.23,％
存貨率,29,機械設備製造業,11309,71.24,％
存貨率,29,機械設備製造業,11310,74.32,％
存貨率,29,機械設備製造業,11311,68.63,％
存貨率,29,機械設備製造業,11312,57.88,％
存貨率,29,機械設備製造業,11401,76.43,％
存貨率,29,機械設備製造業,11402,76.74,％
存貨率,29,機械設備製造業,11403,67.66,％
存貨率,29,機械設備製造業,11404,67.15,％
存貨率,29,機械設備製造業,11405,71.87,％
存貨率,29,機械設備製造業,11406,69.99,％
存貨率,29,機械設備製造業,11407,70.56,％
存貨率,29,機械設備製造業,11408,70.98,％
存貨率,29,機械設備製造業,11409,73.56,％
存貨率,29,機械設備製造業,11410,75.93,％
存貨率,29,機械設備製造業,11411,74.45,％
存貨率,29,機械設備製造業,11412,60.54,％
存貨率,29,機械設備製造業,11501,64.44,％
存貨率,29,機械設備製造業,11502,85.55,％
存貨率,29,機械設備製造業,11503,63.27,％
存貨率,29,機械設備製造業,11504,60.29,％
存貨率,29,機械設備製造業,11505,62.61,％
存貨率,29,機械設備製造業,11506,62.11,％
存貨率,30,汽車及其零件製造業,07101,50.77,％
存貨率,30,汽車及其零件製造業,07102,69.26,％
存貨率,30,汽車及其零件製造業,07103,79.17,％
存貨率,30,汽車及其零件製造業,07104,91.09,％
存貨率,30,汽車及其零件製造業,07105,93.72,％
存貨率,30,汽車及其零件製造業,07106,85.09,％
存貨率,30,汽車及其零件製造業,07107,84.32,％
存貨率,30,汽車及其零件製造業,07108,85.12,％
存貨率,30,汽車及其零件製造業,07109,72.97,％
存貨率,30,汽車及其零件製造業,07110,51.96,％
存貨率,30,汽車及其零件製造業,07111,61.46,％
存貨率,30,汽車及其零件製造業,07112,41.20,％
存貨率,30,汽車及其零件製造業,07201,33.99,％
存貨率,30,汽車及其零件製造業,07202,59.27,％
存貨率,30,汽車及其零件製造業,07203,32.70,％
存貨率,30,汽車及其零件製造業,07204,30.15,％
存貨率,30,汽車及其零件製造業,07205,36.20,％
存貨率,30,汽車及其零件製造業,07206,36.35,％
存貨率,30,汽車及其零件製造業,07207,30.36,％
存貨率,30,汽車及其零件製造業,07208,31.03,％
存貨率,30,汽車及其零件製造業,07209,39.61,％
存貨率,30,汽車及其零件製造業,07210,53.95,％
存貨率,30,汽車及其零件製造業,07211,48.01,％
存貨率,30,汽車及其零件製造業,07212,55.05,％
存貨率,30,汽車及其零件製造業,07301,15.88,％
存貨率,30,汽車及其零件製造業,07302,35.05,％
存貨率,30,汽車及其零件製造業,07303,28.14,％
存貨率,30,汽車及其零件製造業,07304,32.53,％
存貨率,30,汽車及其零件製造業,07305,34.24,％
存貨率,30,汽車及其零件製造業,07306,43.37,％
存貨率,30,汽車及其零件製造業,07307,63.19,％
存貨率,30,汽車及其零件製造業,07308,64.63,％
存貨率,30,汽車及其零件製造業,07309,60.47,％
存貨率,30,汽車及其零件製造業,07310,48.81,％
存貨率,30,汽車及其零件製造業,07311,53.53,％
存貨率,30,汽車及其零件製造業,07312,57.15,％
存貨率,30,汽車及其零件製造業,07401,81.51,％
存貨率,30,汽車及其零件製造業,07402,61.71,％
存貨率,30,汽車及其零件製造業,07403,48.79,％
存貨率,30,汽車及其零件製造業,07404,43.14,％
存貨率,30,汽車及其零件製造業,07405,37.73,％
存貨率,30,汽車及其零件製造業,07406,39.79,％
存貨率,30,汽車及其零件製造業,07407,38.14,％
存貨率,30,汽車及其零件製造業,07408,52.48,％
存貨率,30,汽車及其零件製造業,07409,66.94,％
存貨率,30,汽車及其零件製造業,07410,60.87,％
存貨率,30,汽車及其零件製造業,07411,68.95,％
存貨率,30,汽車及其零件製造業,07412,48.81,％
存貨率,30,汽車及其零件製造業,07501,35.05,％
存貨率,30,汽車及其零件製造業,07502,63.53,％
存貨率,30,汽車及其零件製造業,07503,21.94,％
存貨率,30,汽車及其零件製造業,07504,40.16,％
存貨率,30,汽車及其零件製造業,07505,43.70,％
存貨率,30,汽車及其零件製造業,07506,53.54,％
存貨率,30,汽車及其零件製造業,07507,43.99,％
存貨率,30,汽車及其零件製造業,07508,57.92,％
存貨率,30,汽車及其零件製造業,07509,52.67,％
存貨率,30,汽車及其零件製造業,07510,45.66,％
存貨率,30,汽車及其零件製造業,07511,49.88,％
存貨率,30,汽車及其零件製造業,07512,39.29,％
存貨率,30,汽車及其零件製造業,07601,26.77,％
存貨率,30,汽車及其零件製造業,07602,41.73,％
存貨率,30,汽車及其零件製造業,07603,27.16,％
存貨率,30,汽車及其零件製造業,07604,24.29,％
存貨率,30,汽車及其零件製造業,07605,26.13,％
存貨率,30,汽車及其零件製造業,07606,26.74,％
存貨率,30,汽車及其零件製造業,07607,26.45,％
存貨率,30,汽車及其零件製造業,07608,37.70,％
存貨率,30,汽車及其零件製造業,07609,32.16,％
存貨率,30,汽車及其零件製造業,07610,30.81,％
存貨率,30,汽車及其零件製造業,07611,33.57,％
存貨率,30,汽車及其零件製造業,07612,37.35,％
存貨率,30,汽車及其零件製造業,07701,39.61,％
存貨率,30,汽車及其零件製造業,07702,98.10,％
存貨率,30,汽車及其零件製造業,07703,79.93,％
存貨率,30,汽車及其零件製造業,07704,65.95,％
存貨率,30,汽車及其零件製造業,07705,49.97,％
存貨率,30,汽車及其零件製造業,07706,52.67,％
存貨率,30,汽車及其零件製造業,07707,46.43,％
存貨率,30,汽車及其零件製造業,07708,48.37,％
存貨率,30,汽車及其零件製造業,07709,50.57,％
存貨率,30,汽車及其零件製造業,07710,42.79,％
存貨率,30,汽車及其零件製造業,07711,40.12,％
存貨率,30,汽車及其零件製造業,07712,56.15,％
存貨率,30,汽車及其零件製造業,07801,24.46,％
存貨率,30,汽車及其零件製造業,07802,43.73,％
存貨率,30,汽車及其零件製造業,07803,23.88,％
存貨率,30,汽車及其零件製造業,07804,23.91,％
存貨率,30,汽車及其零件製造業,07805,27.28,％
存貨率,30,汽車及其零件製造業,07806,37.47,％
存貨率,30,汽車及其零件製造業,07807,31.36,％
存貨率,30,汽車及其零件製造業,07808,36.30,％
存貨率,30,汽車及其零件製造業,07809,31.03,％
存貨率,30,汽車及其零件製造業,07810,25.99,％
存貨率,30,汽車及其零件製造業,07811,24.54,％
存貨率,30,汽車及其零件製造業,07812,33.05,％
存貨率,30,汽車及其零件製造業,07901,19.75,％
存貨率,30,汽車及其零件製造業,07902,22.73,％
存貨率,30,汽車及其零件製造業,07903,18.23,％
存貨率,30,汽車及其零件製造業,07904,28.01,％
存貨率,30,汽車及其零件製造業,07905,23.78,％
存貨率,30,汽車及其零件製造業,07906,28.05,％
存貨率,30,汽車及其零件製造業,07907,41.33,％
存貨率,30,汽車及其零件製造業,07908,39.48,％
存貨率,30,汽車及其零件製造業,07909,48.26,％
存貨率,30,汽車及其零件製造業,07910,38.66,％
存貨率,30,汽車及其零件製造業,07911,46.30,％
存貨率,30,汽車及其零件製造業,07912,47.67,％
存貨率,30,汽車及其零件製造業,08001,27.00,％
存貨率,30,汽車及其零件製造業,08002,48.39,％
存貨率,30,汽車及其零件製造業,08003,24.80,％
存貨率,30,汽車及其零件製造業,08004,20.30,％
存貨率,30,汽車及其零件製造業,08005,17.27,％
存貨率,30,汽車及其零件製造業,08006,17.69,％
存貨率,30,汽車及其零件製造業,08007,17.79,％
存貨率,30,汽車及其零件製造業,08008,25.05,％
存貨率,30,汽車及其零件製造業,08009,30.25,％
存貨率,30,汽車及其零件製造業,08010,32.09,％
存貨率,30,汽車及其零件製造業,08011,40.69,％
存貨率,30,汽車及其零件製造業,08012,97.15,％
存貨率,30,汽車及其零件製造業,08101,16.44,％
存貨率,30,汽車及其零件製造業,08102,26.71,％
存貨率,30,汽車及其零件製造業,08103,19.73,％
存貨率,30,汽車及其零件製造業,08104,18.55,％
存貨率,30,汽車及其零件製造業,08105,21.09,％
存貨率,30,汽車及其零件製造業,08106,21.32,％
存貨率,30,汽車及其零件製造業,08107,29.40,％
存貨率,30,汽車及其零件製造業,08108,44.55,％
存貨率,30,汽車及其零件製造業,08109,44.23,％
存貨率,30,汽車及其零件製造業,08110,32.92,％
存貨率,30,汽車及其零件製造業,08111,43.91,％
存貨率,30,汽車及其零件製造業,08112,105.18,％
存貨率,30,汽車及其零件製造業,08201,32.87,％
存貨率,30,汽車及其零件製造業,08202,45.04,％
存貨率,30,汽車及其零件製造業,08203,43.11,％
存貨率,30,汽車及其零件製造業,08204,38.96,％
存貨率,30,汽車及其零件製造業,08205,37.91,％
存貨率,30,汽車及其零件製造業,08206,27.28,％
存貨率,30,汽車及其零件製造業,08207,29.55,％
存貨率,30,汽車及其零件製造業,08208,44.48,％
存貨率,30,汽車及其零件製造業,08209,60.67,％
存貨率,30,汽車及其零件製造業,08210,42.03,％
存貨率,30,汽車及其零件製造業,08211,65.42,％
存貨率,30,汽車及其零件製造業,08212,110.21,％
存貨率,30,汽車及其零件製造業,08301,27.35,％
存貨率,30,汽車及其零件製造業,08302,52.28,％
存貨率,30,汽車及其零件製造業,08303,32.02,％
存貨率,30,汽車及其零件製造業,08304,25.56,％
存貨率,30,汽車及其零件製造業,08305,30.41,％
存貨率,30,汽車及其零件製造業,08306,25.61,％
存貨率,30,汽車及其零件製造業,08307,27.14,％
存貨率,30,汽車及其零件製造業,08308,28.31,％
存貨率,30,汽車及其零件製造業,08309,26.41,％
存貨率,30,汽車及其零件製造業,08310,25.11,％
存貨率,30,汽車及其零件製造業,08311,61.53,％
存貨率,30,汽車及其零件製造業,08312,171.10,％
存貨率,30,汽車及其零件製造業,08401,18.76,％
存貨率,30,汽車及其零件製造業,08402,43.77,％
存貨率,30,汽車及其零件製造業,08403,31.03,％
存貨率,30,汽車及其零件製造業,08404,20.55,％
存貨率,30,汽車及其零件製造業,08405,16.20,％
存貨率,30,汽車及其零件製造業,08406,18.92,％
存貨率,30,汽車及其零件製造業,08407,29.88,％
存貨率,30,汽車及其零件製造業,08408,51.17,％
存貨率,30,汽車及其零件製造業,08409,61.57,％
存貨率,30,汽車及其零件製造業,08410,55.89,％
存貨率,30,汽車及其零件製造業,08411,98.76,％
存貨率,30,汽車及其零件製造業,08412,171.49,％
存貨率,30,汽車及其零件製造業,08501,32.98,％
存貨率,30,汽車及其零件製造業,08502,58.13,％
存貨率,30,汽車及其零件製造業,08503,43.72,％
存貨率,30,汽車及其零件製造業,08504,38.90,％
存貨率,30,汽車及其零件製造業,08505,46.83,％
存貨率,30,汽車及其零件製造業,08506,34.92,％
存貨率,30,汽車及其零件製造業,08507,35.26,％
存貨率,30,汽車及其零件製造業,08508,50.28,％
存貨率,30,汽車及其零件製造業,08509,39.33,％
存貨率,30,汽車及其零件製造業,08510,35.59,％
存貨率,30,汽車及其零件製造業,08511,65.97,％
存貨率,30,汽車及其零件製造業,08512,189.85,％
存貨率,30,汽車及其零件製造業,08601,16.53,％
存貨率,30,汽車及其零件製造業,08602,38.34,％
存貨率,30,汽車及其零件製造業,08603,21.42,％
存貨率,30,汽車及其零件製造業,08604,26.24,％
存貨率,30,汽車及其零件製造業,08605,35.05,％
存貨率,30,汽車及其零件製造業,08606,33.12,％
存貨率,30,汽車及其零件製造業,08607,25.86,％
存貨率,30,汽車及其零件製造業,08608,45.51,％
存貨率,30,汽車及其零件製造業,08609,29.98,％
存貨率,30,汽車及其零件製造業,08610,30.56,％
存貨率,30,汽車及其零件製造業,08611,64.45,％
存貨率,30,汽車及其零件製造業,08612,145.31,％
存貨率,30,汽車及其零件製造業,08701,16.16,％
存貨率,30,汽車及其零件製造業,08702,38.83,％
存貨率,30,汽車及其零件製造業,08703,31.82,％
存貨率,30,汽車及其零件製造業,08704,40.11,％
存貨率,30,汽車及其零件製造業,08705,47.13,％
存貨率,30,汽車及其零件製造業,08706,49.04,％
存貨率,30,汽車及其零件製造業,08707,32.98,％
存貨率,30,汽車及其零件製造業,08708,34.10,％
存貨率,30,汽車及其零件製造業,08709,51.74,％
存貨率,30,汽車及其零件製造業,08710,43.59,％
存貨率,30,汽車及其零件製造業,08711,69.58,％
存貨率,30,汽車及其零件製造業,08712,150.47,％
存貨率,30,汽車及其零件製造業,08801,23.99,％
存貨率,30,汽車及其零件製造業,08802,44.61,％
存貨率,30,汽車及其零件製造業,08803,33.24,％
存貨率,30,汽車及其零件製造業,08804,36.61,％
存貨率,30,汽車及其零件製造業,08805,37.50,％
存貨率,30,汽車及其零件製造業,08806,32.08,％
存貨率,30,汽車及其零件製造業,08807,33.26,％
存貨率,30,汽車及其零件製造業,08808,31.25,％
存貨率,30,汽車及其零件製造業,08809,36.78,％
存貨率,30,汽車及其零件製造業,08810,24.52,％
存貨率,30,汽車及其零件製造業,08811,43.74,％
存貨率,30,汽車及其零件製造業,08812,124.31,％
存貨率,30,汽車及其零件製造業,08901,10.27,％
存貨率,30,汽車及其零件製造業,08902,27.28,％
存貨率,30,汽車及其零件製造業,08903,18.49,％
存貨率,30,汽車及其零件製造業,08904,18.95,％
存貨率,30,汽車及其零件製造業,08905,22.97,％
存貨率,30,汽車及其零件製造業,08906,22.49,％
存貨率,30,汽車及其零件製造業,08907,31.13,％
存貨率,30,汽車及其零件製造業,08908,31.11,％
存貨率,30,汽車及其零件製造業,08909,36.18,％
存貨率,30,汽車及其零件製造業,08910,43.86,％
存貨率,30,汽車及其零件製造業,08911,88.11,％
存貨率,30,汽車及其零件製造業,08912,203.36,％
存貨率,30,汽車及其零件製造業,09001,29.95,％
存貨率,30,汽車及其零件製造業,09002,82.70,％
存貨率,30,汽車及其零件製造業,09003,52.64,％
存貨率,30,汽車及其零件製造業,09004,54.97,％
存貨率,30,汽車及其零件製造業,09005,53.95,％
存貨率,30,汽車及其零件製造業,09006,65.75,％
存貨率,30,汽車及其零件製造業,09007,51.72,％
存貨率,30,汽車及其零件製造業,09008,72.39,％
存貨率,30,汽車及其零件製造業,09009,76.54,％
存貨率,30,汽車及其零件製造業,09010,38.31,％
存貨率,30,汽車及其零件製造業,09011,63.31,％
存貨率,30,汽車及其零件製造業,09012,156.66,％
存貨率,30,汽車及其零件製造業,09101,22.89,％
存貨率,30,汽車及其零件製造業,09102,52.18,％
存貨率,30,汽車及其零件製造業,09103,33.61,％
存貨率,30,汽車及其零件製造業,09104,34.04,％
存貨率,30,汽車及其零件製造業,09105,35.96,％
存貨率,30,汽車及其零件製造業,09106,30.40,％
存貨率,30,汽車及其零件製造業,09107,24.12,％
存貨率,30,汽車及其零件製造業,09108,35.98,％
存貨率,30,汽車及其零件製造業,09109,30.54,％
存貨率,30,汽車及其零件製造業,09110,28.06,％
存貨率,30,汽車及其零件製造業,09111,38.60,％
存貨率,30,汽車及其零件製造業,09112,38.98,％
存貨率,30,汽車及其零件製造業,09201,12.59,％
存貨率,30,汽車及其零件製造業,09202,37.77,％
存貨率,30,汽車及其零件製造業,09203,26.07,％
存貨率,30,汽車及其零件製造業,09204,28.03,％
存貨率,30,汽車及其零件製造業,09205,30.09,％
存貨率,30,汽車及其零件製造業,09206,23.68,％
存貨率,30,汽車及其零件製造業,09207,20.18,％
存貨率,30,汽車及其零件製造業,09208,35.71,％
存貨率,30,汽車及其零件製造業,09209,28.34,％
存貨率,30,汽車及其零件製造業,09210,21.47,％
存貨率,30,汽車及其零件製造業,09211,33.32,％
存貨率,30,汽車及其零件製造業,09212,117.10,％
存貨率,30,汽車及其零件製造業,09301,19.39,％
存貨率,30,汽車及其零件製造業,09302,31.72,％
存貨率,30,汽車及其零件製造業,09303,26.42,％
存貨率,30,汽車及其零件製造業,09304,31.14,％
存貨率,30,汽車及其零件製造業,09305,31.34,％
存貨率,30,汽車及其零件製造業,09306,36.03,％
存貨率,30,汽車及其零件製造業,09307,32.56,％
存貨率,30,汽車及其零件製造業,09308,39.36,％
存貨率,30,汽車及其零件製造業,09309,50.51,％
存貨率,30,汽車及其零件製造業,09310,43.85,％
存貨率,30,汽車及其零件製造業,09311,56.76,％
存貨率,30,汽車及其零件製造業,09312,131.22,％
存貨率,30,汽車及其零件製造業,09401,16.12,％
存貨率,30,汽車及其零件製造業,09402,48.17,％
存貨率,30,汽車及其零件製造業,09403,29.45,％
存貨率,30,汽車及其零件製造業,09404,37.06,％
存貨率,30,汽車及其零件製造業,09405,41.42,％
存貨率,30,汽車及其零件製造業,09406,36.73,％
存貨率,30,汽車及其零件製造業,09407,30.14,％
存貨率,30,汽車及其零件製造業,09408,41.26,％
存貨率,30,汽車及其零件製造業,09409,44.27,％
存貨率,30,汽車及其零件製造業,09410,37.84,％
存貨率,30,汽車及其零件製造業,09411,59.19,％
存貨率,30,汽車及其零件製造業,09412,126.72,％
存貨率,30,汽車及其零件製造業,09501,22.11,％
存貨率,30,汽車及其零件製造業,09502,63.26,％
存貨率,30,汽車及其零件製造業,09503,49.95,％
存貨率,30,汽車及其零件製造業,09504,63.93,％
存貨率,30,汽車及其零件製造業,09505,62.07,％
存貨率,30,汽車及其零件製造業,09506,55.78,％
存貨率,30,汽車及其零件製造業,09507,63.45,％
存貨率,30,汽車及其零件製造業,09508,81.66,％
存貨率,30,汽車及其零件製造業,09509,88.89,％
存貨率,30,汽車及其零件製造業,09510,57.93,％
存貨率,30,汽車及其零件製造業,09511,104.96,％
存貨率,30,汽車及其零件製造業,09512,101.68,％
存貨率,30,汽車及其零件製造業,09601,28.16,％
存貨率,30,汽車及其零件製造業,09602,53.12,％
存貨率,30,汽車及其零件製造業,09603,43.04,％
存貨率,30,汽車及其零件製造業,09604,45.56,％
存貨率,30,汽車及其零件製造業,09605,41.75,％
存貨率,30,汽車及其零件製造業,09606,45.62,％
存貨率,30,汽車及其零件製造業,09607,40.92,％
存貨率,30,汽車及其零件製造業,09608,48.82,％
存貨率,30,汽車及其零件製造業,09609,55.35,％
存貨率,30,汽車及其零件製造業,09610,49.43,％
存貨率,30,汽車及其零件製造業,09611,73.80,％
存貨率,30,汽車及其零件製造業,09612,101.53,％
存貨率,30,汽車及其零件製造業,09701,30.57,％
存貨率,30,汽車及其零件製造業,09702,65.15,％
存貨率,30,汽車及其零件製造業,09703,50.55,％
存貨率,30,汽車及其零件製造業,09704,56.21,％
存貨率,30,汽車及其零件製造業,09705,66.78,％
存貨率,30,汽車及其零件製造業,09706,64.98,％
存貨率,30,汽車及其零件製造業,09707,70.15,％
存貨率,30,汽車及其零件製造業,09708,104.83,％
存貨率,30,汽車及其零件製造業,09709,96.56,％
存貨率,30,汽車及其零件製造業,09710,56.74,％
存貨率,30,汽車及其零件製造業,09711,120.80,％
存貨率,30,汽車及其零件製造業,09712,169.87,％
存貨率,30,汽車及其零件製造業,09801,36.79,％
存貨率,30,汽車及其零件製造業,09802,54.90,％
存貨率,30,汽車及其零件製造業,09803,39.35,％
存貨率,30,汽車及其零件製造業,09804,36.64,％
存貨率,30,汽車及其零件製造業,09805,34.99,％
存貨率,30,汽車及其零件製造業,09806,32.04,％
存貨率,30,汽車及其零件製造業,09807,30.30,％
存貨率,30,汽車及其零件製造業,09808,39.69,％
存貨率,30,汽車及其零件製造業,09809,42.01,％
存貨率,30,汽車及其零件製造業,09810,29.47,％
存貨率,30,汽車及其零件製造業,09811,32.76,％
存貨率,30,汽車及其零件製造業,09812,27.14,％
存貨率,30,汽車及其零件製造業,09901,25.93,％
存貨率,30,汽車及其零件製造業,09902,40.17,％
存貨率,30,汽車及其零件製造業,09903,31.91,％
存貨率,30,汽車及其零件製造業,09904,36.41,％
存貨率,30,汽車及其零件製造業,09905,39.13,％
存貨率,30,汽車及其零件製造業,09906,37.29,％
存貨率,30,汽車及其零件製造業,09907,33.73,％
存貨率,30,汽車及其零件製造業,09908,44.57,％
存貨率,30,汽車及其零件製造業,09909,40.01,％
存貨率,30,汽車及其零件製造業,09910,28.99,％
存貨率,30,汽車及其零件製造業,09911,36.60,％
存貨率,30,汽車及其零件製造業,09912,71.99,％
存貨率,30,汽車及其零件製造業,10001,13.90,％
存貨率,30,汽車及其零件製造業,10002,37.12,％
存貨率,30,汽車及其零件製造業,10003,22.80,％
存貨率,30,汽車及其零件製造業,10004,29.15,％
存貨率,30,汽車及其零件製造業,10005,36.03,％
存貨率,30,汽車及其零件製造業,10006,28.09,％
存貨率,30,汽車及其零件製造業,10007,24.59,％
存貨率,30,汽車及其零件製造業,10008,34.39,％
存貨率,30,汽車及其零件製造業,10009,38.11,％
存貨率,30,汽車及其零件製造業,10010,34.32,％
存貨率,30,汽車及其零件製造業,10011,51.13,％
存貨率,30,汽車及其零件製造業,10012,82.96,％
存貨率,30,汽車及其零件製造業,10101,22.83,％
存貨率,30,汽車及其零件製造業,10102,33.60,％
存貨率,30,汽車及其零件製造業,10103,25.79,％
存貨率,30,汽車及其零件製造業,10104,37.95,％
存貨率,30,汽車及其零件製造業,10105,36.09,％
存貨率,30,汽車及其零件製造業,10106,33.33,％
存貨率,30,汽車及其零件製造業,10107,33.25,％
存貨率,30,汽車及其零件製造業,10108,43.29,％
存貨率,30,汽車及其零件製造業,10109,51.78,％
存貨率,30,汽車及其零件製造業,10110,44.78,％
存貨率,30,汽車及其零件製造業,10111,62.25,％
存貨率,30,汽車及其零件製造業,10112,92.97,％
存貨率,30,汽車及其零件製造業,10201,27.73,％
存貨率,30,汽車及其零件製造業,10202,59.16,％
存貨率,30,汽車及其零件製造業,10203,36.27,％
存貨率,30,汽車及其零件製造業,10204,47.58,％
存貨率,30,汽車及其零件製造業,10205,40.56,％
存貨率,30,汽車及其零件製造業,10206,37.22,％
存貨率,30,汽車及其零件製造業,10207,38.00,％
存貨率,30,汽車及其零件製造業,10208,56.16,％
存貨率,30,汽車及其零件製造業,10209,38.83,％
存貨率,30,汽車及其零件製造業,10210,42.65,％
存貨率,30,汽車及其零件製造業,10211,45.92,％
存貨率,30,汽車及其零件製造業,10212,76.03,％
存貨率,30,汽車及其零件製造業,10301,22.09,％
存貨率,30,汽車及其零件製造業,10302,46.80,％
存貨率,30,汽車及其零件製造業,10303,34.63,％
存貨率,30,汽車及其零件製造業,10304,39.46,％
存貨率,30,汽車及其零件製造業,10305,37.80,％
存貨率,30,汽車及其零件製造業,10306,37.84,％
存貨率,30,汽車及其零件製造業,10307,36.59,％
存貨率,30,汽車及其零件製造業,10308,54.28,％
存貨率,30,汽車及其零件製造業,10309,49.68,％
存貨率,30,汽車及其零件製造業,10310,44.03,％
存貨率,30,汽車及其零件製造業,10311,55.22,％
存貨率,30,汽車及其零件製造業,10312,87.80,％
存貨率,30,汽車及其零件製造業,10401,29.13,％
存貨率,30,汽車及其零件製造業,10402,52.19,％
存貨率,30,汽車及其零件製造業,10403,40.58,％
存貨率,30,汽車及其零件製造業,10404,54.29,％
存貨率,30,汽車及其零件製造業,10405,43.64,％
存貨率,30,汽車及其零件製造業,10406,47.75,％
存貨率,30,汽車及其零件製造業,10407,46.41,％
存貨率,30,汽車及其零件製造業,10408,65.46,％
存貨率,30,汽車及其零件製造業,10409,72.53,％
存貨率,30,汽車及其零件製造業,10410,57.36,％
存貨率,30,汽車及其零件製造業,10411,76.30,％
存貨率,30,汽車及其零件製造業,10412,130.79,％
存貨率,30,汽車及其零件製造業,10501,32.63,％
存貨率,30,汽車及其零件製造業,10502,75.06,％
存貨率,30,汽車及其零件製造業,10503,51.45,％
存貨率,30,汽車及其零件製造業,10504,43.35,％
存貨率,30,汽車及其零件製造業,10505,38.93,％
存貨率,30,汽車及其零件製造業,10506,40.61,％
存貨率,30,汽車及其零件製造業,10507,43.94,％
存貨率,30,汽車及其零件製造業,10508,63.34,％
存貨率,30,汽車及其零件製造業,10509,62.08,％
存貨率,30,汽車及其零件製造業,10510,46.79,％
存貨率,30,汽車及其零件製造業,10511,69.11,％
存貨率,30,汽車及其零件製造業,10512,111.50,％
存貨率,30,汽車及其零件製造業,10601,28.08,％
存貨率,30,汽車及其零件製造業,10602,49.75,％
存貨率,30,汽車及其零件製造業,10603,39.06,％
存貨率,30,汽車及其零件製造業,10604,40.71,％
存貨率,30,汽車及其零件製造業,10605,43.64,％
存貨率,30,汽車及其零件製造業,10606,44.52,％
存貨率,30,汽車及其零件製造業,10607,44.12,％
存貨率,30,汽車及其零件製造業,10608,49.58,％
存貨率,30,汽車及其零件製造業,10609,61.65,％
存貨率,30,汽車及其零件製造業,10610,44.55,％
存貨率,30,汽車及其零件製造業,10611,58.52,％
存貨率,30,汽車及其零件製造業,10612,102.97,％
存貨率,30,汽車及其零件製造業,10701,35.64,％
存貨率,30,汽車及其零件製造業,10702,59.13,％
存貨率,30,汽車及其零件製造業,10703,39.04,％
存貨率,30,汽車及其零件製造業,10704,57.24,％
存貨率,30,汽車及其零件製造業,10705,50.61,％
存貨率,30,汽車及其零件製造業,10706,51.33,％
存貨率,30,汽車及其零件製造業,10707,50.01,％
存貨率,30,汽車及其零件製造業,10708,61.94,％
存貨率,30,汽車及其零件製造業,10709,81.22,％
存貨率,30,汽車及其零件製造業,10710,65.01,％
存貨率,30,汽車及其零件製造業,10711,83.42,％
存貨率,30,汽車及其零件製造業,10712,99.09,％
存貨率,30,汽車及其零件製造業,10801,49.85,％
存貨率,30,汽車及其零件製造業,10802,88.02,％
存貨率,30,汽車及其零件製造業,10803,61.84,％
存貨率,30,汽車及其零件製造業,10804,63.31,％
存貨率,30,汽車及其零件製造業,10805,65.39,％
存貨率,30,汽車及其零件製造業,10806,62.41,％
存貨率,30,汽車及其零件製造業,10807,58.07,％
存貨率,30,汽車及其零件製造業,10808,82.57,％
存貨率,30,汽車及其零件製造業,10809,65.17,％
存貨率,30,汽車及其零件製造業,10810,70.26,％
存貨率,30,汽車及其零件製造業,10811,79.18,％
存貨率,30,汽車及其零件製造業,10812,80.93,％
存貨率,30,汽車及其零件製造業,10901,55.13,％
存貨率,30,汽車及其零件製造業,10902,70.38,％
存貨率,30,汽車及其零件製造業,10903,59.63,％
存貨率,30,汽車及其零件製造業,10904,78.47,％
存貨率,30,汽車及其零件製造業,10905,81.06,％
存貨率,30,汽車及其零件製造業,10906,65.61,％
存貨率,30,汽車及其零件製造業,10907,54.12,％
存貨率,30,汽車及其零件製造業,10908,81.07,％
存貨率,30,汽車及其零件製造業,10909,55.22,％
存貨率,30,汽車及其零件製造業,10910,54.34,％
存貨率,30,汽車及其零件製造業,10911,49.59,％
存貨率,30,汽車及其零件製造業,10912,74.34,％
存貨率,30,汽車及其零件製造業,11001,39.08,％
存貨率,30,汽車及其零件製造業,11002,65.60,％
存貨率,30,汽車及其零件製造業,11003,45.24,％
存貨率,30,汽車及其零件製造業,11004,51.39,％
存貨率,30,汽車及其零件製造業,11005,54.54,％
存貨率,30,汽車及其零件製造業,11006,77.73,％
存貨率,30,汽車及其零件製造業,11007,67.44,％
存貨率,30,汽車及其零件製造業,11008,58.51,％
存貨率,30,汽車及其零件製造業,11009,61.91,％
存貨率,30,汽車及其零件製造業,11010,59.22,％
存貨率,30,汽車及其零件製造業,11011,60.16,％
存貨率,30,汽車及其零件製造業,11012,81.48,％
存貨率,30,汽車及其零件製造業,11101,43.39,％
存貨率,30,汽車及其零件製造業,11102,67.44,％
存貨率,30,汽車及其零件製造業,11103,45.20,％
存貨率,30,汽車及其零件製造業,11104,47.20,％
存貨率,30,汽車及其零件製造業,11105,55.53,％
存貨率,30,汽車及其零件製造業,11106,49.35,％
存貨率,30,汽車及其零件製造業,11107,50.91,％
存貨率,30,汽車及其零件製造業,11108,68.00,％
存貨率,30,汽車及其零件製造業,11109,62.37,％
存貨率,30,汽車及其零件製造業,11110,64.80,％
存貨率,30,汽車及其零件製造業,11111,72.24,％
存貨率,30,汽車及其零件製造業,11112,92.61,％
存貨率,30,汽車及其零件製造業,11201,64.73,％
存貨率,30,汽車及其零件製造業,11202,70.08,％
存貨率,30,汽車及其零件製造業,11203,58.20,％
存貨率,30,汽車及其零件製造業,11204,64.87,％
存貨率,30,汽車及其零件製造業,11205,65.52,％
存貨率,30,汽車及其零件製造業,11206,67.16,％
存貨率,30,汽車及其零件製造業,11207,71.48,％
存貨率,30,汽車及其零件製造業,11208,82.52,％
存貨率,30,汽車及其零件製造業,11209,75.81,％
存貨率,30,汽車及其零件製造業,11210,83.42,％
存貨率,30,汽車及其零件製造業,11211,90.95,％
存貨率,30,汽車及其零件製造業,11212,115.43,％
存貨率,30,汽車及其零件製造業,11301,74.77,％
存貨率,30,汽車及其零件製造業,11302,114.83,％
存貨率,30,汽車及其零件製造業,11303,81.88,％
存貨率,30,汽車及其零件製造業,11304,89.55,％
存貨率,30,汽車及其零件製造業,11305,87.93,％
存貨率,30,汽車及其零件製造業,11306,84.35,％
存貨率,30,汽車及其零件製造業,11307,87.16,％
存貨率,30,汽車及其零件製造業,11308,114.32,％
存貨率,30,汽車及其零件製造業,11309,94.11,％
存貨率,30,汽車及其零件製造業,11310,93.52,％
存貨率,30,汽車及其零件製造業,11311,94.98,％
存貨率,30,汽車及其零件製造業,11312,122.38,％
存貨率,30,汽車及其零件製造業,11401,82.93,％
存貨率,30,汽車及其零件製造業,11402,122.23,％
存貨率,30,汽車及其零件製造業,11403,93.17,％
存貨率,30,汽車及其零件製造業,11404,98.49,％
存貨率,30,汽車及其零件製造業,11405,109.25,％
存貨率,30,汽車及其零件製造業,11406,110.35,％
存貨率,30,汽車及其零件製造業,11407,114.78,％
存貨率,30,汽車及其零件製造業,11408,138.28,％
存貨率,30,汽車及其零件製造業,11409,132.97,％
存貨率,30,汽車及其零件製造業,11410,116.93,％
存貨率,30,汽車及其零件製造業,11411,123.21,％
存貨率,30,汽車及其零件製造業,11412,127.55,％
存貨率,30,汽車及其零件製造業,11501,82.72,％
存貨率,30,汽車及其零件製造業,11502,128.39,％
存貨率,30,汽車及其零件製造業,11503,91.82,％
存貨率,30,汽車及其零件製造業,11504,116.01,％
存貨率,30,汽車及其零件製造業,11505,114.21,％
存貨率,30,汽車及其零件製造業,11506,83.69,％
存貨率,31,其他運輸工具及其零件製造業,07101,71.02,％
存貨率,31,其他運輸工具及其零件製造業,07102,60.91,％
存貨率,31,其他運輸工具及其零件製造業,07103,55.50,％
存貨率,31,其他運輸工具及其零件製造業,07104,59.63,％
存貨率,31,其他運輸工具及其零件製造業,07105,61.19,％
存貨率,31,其他運輸工具及其零件製造業,07106,59.88,％
存貨率,31,其他運輸工具及其零件製造業,07107,53.58,％
存貨率,31,其他運輸工具及其零件製造業,07108,49.26,％
存貨率,31,其他運輸工具及其零件製造業,07109,47.11,％
存貨率,31,其他運輸工具及其零件製造業,07110,48.16,％
存貨率,31,其他運輸工具及其零件製造業,07111,52.79,％
存貨率,31,其他運輸工具及其零件製造業,07112,63.62,％
存貨率,31,其他運輸工具及其零件製造業,07201,76.20,％
存貨率,31,其他運輸工具及其零件製造業,07202,84.63,％
存貨率,31,其他運輸工具及其零件製造業,07203,64.37,％
存貨率,31,其他運輸工具及其零件製造業,07204,53.97,％
存貨率,31,其他運輸工具及其零件製造業,07205,46.09,％
存貨率,31,其他運輸工具及其零件製造業,07206,37.20,％
存貨率,31,其他運輸工具及其零件製造業,07207,34.57,％
存貨率,31,其他運輸工具及其零件製造業,07208,35.53,％
存貨率,31,其他運輸工具及其零件製造業,07209,33.99,％
存貨率,31,其他運輸工具及其零件製造業,07210,35.58,％
存貨率,31,其他運輸工具及其零件製造業,07211,37.54,％
存貨率,31,其他運輸工具及其零件製造業,07212,54.09,％
存貨率,31,其他運輸工具及其零件製造業,07301,42.52,％
存貨率,31,其他運輸工具及其零件製造業,07302,37.56,％
存貨率,31,其他運輸工具及其零件製造業,07303,37.93,％
存貨率,31,其他運輸工具及其零件製造業,07304,42.26,％
存貨率,31,其他運輸工具及其零件製造業,07305,37.70,％
存貨率,31,其他運輸工具及其零件製造業,07306,34.01,％
存貨率,31,其他運輸工具及其零件製造業,07307,43.25,％
存貨率,31,其他運輸工具及其零件製造業,07308,37.23,％
存貨率,31,其他運輸工具及其零件製造業,07309,35.49,％
存貨率,31,其他運輸工具及其零件製造業,07310,35.52,％
存貨率,31,其他運輸工具及其零件製造業,07311,43.71,％
存貨率,31,其他運輸工具及其零件製造業,07312,49.16,％
存貨率,31,其他運輸工具及其零件製造業,07401,49.75,％
存貨率,31,其他運輸工具及其零件製造業,07402,65.98,％
存貨率,31,其他運輸工具及其零件製造業,07403,40.96,％
存貨率,31,其他運輸工具及其零件製造業,07404,46.35,％
存貨率,31,其他運輸工具及其零件製造業,07405,49.14,％
存貨率,31,其他運輸工具及其零件製造業,07406,46.87,％
存貨率,31,其他運輸工具及其零件製造業,07407,40.39,％
存貨率,31,其他運輸工具及其零件製造業,07408,35.28,％
存貨率,31,其他運輸工具及其零件製造業,07409,37.65,％
存貨率,31,其他運輸工具及其零件製造業,07410,35.23,％
存貨率,31,其他運輸工具及其零件製造業,07411,41.38,％
存貨率,31,其他運輸工具及其零件製造業,07412,40.01,％
存貨率,31,其他運輸工具及其零件製造業,07501,40.74,％
存貨率,31,其他運輸工具及其零件製造業,07502,47.66,％
存貨率,31,其他運輸工具及其零件製造業,07503,31.09,％
存貨率,31,其他運輸工具及其零件製造業,07504,32.98,％
存貨率,31,其他運輸工具及其零件製造業,07505,28.01,％
存貨率,31,其他運輸工具及其零件製造業,07506,27.55,％
存貨率,31,其他運輸工具及其零件製造業,07507,23.86,％
存貨率,31,其他運輸工具及其零件製造業,07508,21.06,％
存貨率,31,其他運輸工具及其零件製造業,07509,22.33,％
存貨率,31,其他運輸工具及其零件製造業,07510,21.97,％
存貨率,31,其他運輸工具及其零件製造業,07511,23.20,％
存貨率,31,其他運輸工具及其零件製造業,07512,23.56,％
存貨率,31,其他運輸工具及其零件製造業,07601,28.46,％
存貨率,31,其他運輸工具及其零件製造業,07602,25.91,％
存貨率,31,其他運輸工具及其零件製造業,07603,24.46,％
存貨率,31,其他運輸工具及其零件製造業,07604,23.95,％
存貨率,31,其他運輸工具及其零件製造業,07605,24.75,％
存貨率,31,其他運輸工具及其零件製造業,07606,25.50,％
存貨率,31,其他運輸工具及其零件製造業,07607,27.08,％
存貨率,31,其他運輸工具及其零件製造業,07608,25.84,％
存貨率,31,其他運輸工具及其零件製造業,07609,28.78,％
存貨率,31,其他運輸工具及其零件製造業,07610,24.43,％
存貨率,31,其他運輸工具及其零件製造業,07611,27.89,％
存貨率,31,其他運輸工具及其零件製造業,07612,28.06,％
存貨率,31,其他運輸工具及其零件製造業,07701,29.96,％
存貨率,31,其他運輸工具及其零件製造業,07702,32.74,％
存貨率,31,其他運輸工具及其零件製造業,07703,26.11,％
存貨率,31,其他運輸工具及其零件製造業,07704,29.32,％
存貨率,31,其他運輸工具及其零件製造業,07705,33.10,％
存貨率,31,其他運輸工具及其零件製造業,07706,28.97,％
存貨率,31,其他運輸工具及其零件製造業,07707,25.03,％
存貨率,31,其他運輸工具及其零件製造業,07708,25.19,％
存貨率,31,其他運輸工具及其零件製造業,07709,22.99,％
存貨率,31,其他運輸工具及其零件製造業,07710,25.69,％
存貨率,31,其他運輸工具及其零件製造業,07711,24.07,％
存貨率,31,其他運輸工具及其零件製造業,07712,24.84,％
存貨率,31,其他運輸工具及其零件製造業,07801,25.97,％
存貨率,31,其他運輸工具及其零件製造業,07802,32.88,％
存貨率,31,其他運輸工具及其零件製造業,07803,21.43,％
存貨率,31,其他運輸工具及其零件製造業,07804,23.64,％
存貨率,31,其他運輸工具及其零件製造業,07805,24.75,％
存貨率,31,其他運輸工具及其零件製造業,07806,21.59,％
存貨率,31,其他運輸工具及其零件製造業,07807,22.36,％
存貨率,31,其他運輸工具及其零件製造業,07808,20.07,％
存貨率,31,其他運輸工具及其零件製造業,07809,20.02,％
存貨率,31,其他運輸工具及其零件製造業,07810,22.75,％
存貨率,31,其他運輸工具及其零件製造業,07811,29.87,％
存貨率,31,其他運輸工具及其零件製造業,07812,32.33,％
存貨率,31,其他運輸工具及其零件製造業,07901,41.06,％
存貨率,31,其他運輸工具及其零件製造業,07902,31.68,％
存貨率,31,其他運輸工具及其零件製造業,07903,31.44,％
存貨率,31,其他運輸工具及其零件製造業,07904,29.06,％
存貨率,31,其他運輸工具及其零件製造業,07905,32.09,％
存貨率,31,其他運輸工具及其零件製造業,07906,29.83,％
存貨率,31,其他運輸工具及其零件製造業,07907,35.71,％
存貨率,31,其他運輸工具及其零件製造業,07908,33.42,％
存貨率,31,其他運輸工具及其零件製造業,07909,35.74,％
存貨率,31,其他運輸工具及其零件製造業,07910,35.99,％
存貨率,31,其他運輸工具及其零件製造業,07911,36.55,％
存貨率,31,其他運輸工具及其零件製造業,07912,38.97,％
存貨率,31,其他運輸工具及其零件製造業,08001,41.52,％
存貨率,31,其他運輸工具及其零件製造業,08002,53.48,％
存貨率,31,其他運輸工具及其零件製造業,08003,38.78,％
存貨率,31,其他運輸工具及其零件製造業,08004,39.90,％
存貨率,31,其他運輸工具及其零件製造業,08005,38.81,％
存貨率,31,其他運輸工具及其零件製造業,08006,40.25,％
存貨率,31,其他運輸工具及其零件製造業,08007,40.43,％
存貨率,31,其他運輸工具及其零件製造業,08008,37.81,％
存貨率,31,其他運輸工具及其零件製造業,08009,45.17,％
存貨率,31,其他運輸工具及其零件製造業,08010,41.60,％
存貨率,31,其他運輸工具及其零件製造業,08011,32.55,％
存貨率,31,其他運輸工具及其零件製造業,08012,32.68,％
存貨率,31,其他運輸工具及其零件製造業,08101,30.52,％
存貨率,31,其他運輸工具及其零件製造業,08102,42.84,％
存貨率,31,其他運輸工具及其零件製造業,08103,28.98,％
存貨率,31,其他運輸工具及其零件製造業,08104,25.09,％
存貨率,31,其他運輸工具及其零件製造業,08105,26.58,％
存貨率,31,其他運輸工具及其零件製造業,08106,23.25,％
存貨率,31,其他運輸工具及其零件製造業,08107,22.00,％
存貨率,31,其他運輸工具及其零件製造業,08108,20.42,％
存貨率,31,其他運輸工具及其零件製造業,08109,20.62,％
存貨率,31,其他運輸工具及其零件製造業,08110,18.65,％
存貨率,31,其他運輸工具及其零件製造業,08111,20.47,％
存貨率,31,其他運輸工具及其零件製造業,08112,21.08,％
存貨率,31,其他運輸工具及其零件製造業,08201,24.94,％
存貨率,31,其他運輸工具及其零件製造業,08202,18.25,％
存貨率,31,其他運輸工具及其零件製造業,08203,16.46,％
存貨率,31,其他運輸工具及其零件製造業,08204,18.11,％
存貨率,31,其他運輸工具及其零件製造業,08205,19.31,％
存貨率,31,其他運輸工具及其零件製造業,08206,20.47,％
存貨率,31,其他運輸工具及其零件製造業,08207,21.52,％
存貨率,31,其他運輸工具及其零件製造業,08208,21.95,％
存貨率,31,其他運輸工具及其零件製造業,08209,21.11,％
存貨率,31,其他運輸工具及其零件製造業,08210,20.54,％
存貨率,31,其他運輸工具及其零件製造業,08211,24.85,％
存貨率,31,其他運輸工具及其零件製造業,08212,22.52,％
存貨率,31,其他運輸工具及其零件製造業,08301,25.59,％
存貨率,31,其他運輸工具及其零件製造業,08302,31.76,％
存貨率,31,其他運輸工具及其零件製造業,08303,23.32,％
存貨率,31,其他運輸工具及其零件製造業,08304,23.11,％
存貨率,31,其他運輸工具及其零件製造業,08305,20.27,％
存貨率,31,其他運輸工具及其零件製造業,08306,22.01,％
存貨率,31,其他運輸工具及其零件製造業,08307,21.90,％
存貨率,31,其他運輸工具及其零件製造業,08308,24.21,％
存貨率,31,其他運輸工具及其零件製造業,08309,22.37,％
存貨率,31,其他運輸工具及其零件製造業,08310,23.80,％
存貨率,31,其他運輸工具及其零件製造業,08311,20.19,％
存貨率,31,其他運輸工具及其零件製造業,08312,17.76,％
存貨率,31,其他運輸工具及其零件製造業,08401,26.99,％
存貨率,31,其他運輸工具及其零件製造業,08402,24.19,％
存貨率,31,其他運輸工具及其零件製造業,08403,18.93,％
存貨率,31,其他運輸工具及其零件製造業,08404,23.16,％
存貨率,31,其他運輸工具及其零件製造業,08405,24.58,％
存貨率,31,其他運輸工具及其零件製造業,08406,26.23,％
存貨率,31,其他運輸工具及其零件製造業,08407,24.97,％
存貨率,31,其他運輸工具及其零件製造業,08408,22.80,％
存貨率,31,其他運輸工具及其零件製造業,08409,18.09,％
存貨率,31,其他運輸工具及其零件製造業,08410,15.21,％
存貨率,31,其他運輸工具及其零件製造業,08411,16.39,％
存貨率,31,其他運輸工具及其零件製造業,08412,17.80,％
存貨率,31,其他運輸工具及其零件製造業,08501,20.52,％
存貨率,31,其他運輸工具及其零件製造業,08502,28.58,％
存貨率,31,其他運輸工具及其零件製造業,08503,17.57,％
存貨率,31,其他運輸工具及其零件製造業,08504,19.25,％
存貨率,31,其他運輸工具及其零件製造業,08505,19.40,％
存貨率,31,其他運輸工具及其零件製造業,08506,18.74,％
存貨率,31,其他運輸工具及其零件製造業,08507,20.28,％
存貨率,31,其他運輸工具及其零件製造業,08508,19.93,％
存貨率,31,其他運輸工具及其零件製造業,08509,21.70,％
存貨率,31,其他運輸工具及其零件製造業,08510,19.01,％
存貨率,31,其他運輸工具及其零件製造業,08511,18.34,％
存貨率,31,其他運輸工具及其零件製造業,08512,25.80,％
存貨率,31,其他運輸工具及其零件製造業,08601,27.10,％
存貨率,31,其他運輸工具及其零件製造業,08602,28.93,％
存貨率,31,其他運輸工具及其零件製造業,08603,16.74,％
存貨率,31,其他運輸工具及其零件製造業,08604,19.82,％
存貨率,31,其他運輸工具及其零件製造業,08605,18.55,％
存貨率,31,其他運輸工具及其零件製造業,08606,20.76,％
存貨率,31,其他運輸工具及其零件製造業,08607,20.51,％
存貨率,31,其他運輸工具及其零件製造業,08608,21.04,％
存貨率,31,其他運輸工具及其零件製造業,08609,19.24,％
存貨率,31,其他運輸工具及其零件製造業,08610,17.32,％
存貨率,31,其他運輸工具及其零件製造業,08611,22.91,％
存貨率,31,其他運輸工具及其零件製造業,08612,23.23,％
存貨率,31,其他運輸工具及其零件製造業,08701,30.20,％
存貨率,31,其他運輸工具及其零件製造業,08702,24.64,％
存貨率,31,其他運輸工具及其零件製造業,08703,17.74,％
存貨率,31,其他運輸工具及其零件製造業,08704,21.50,％
存貨率,31,其他運輸工具及其零件製造業,08705,22.55,％
存貨率,31,其他運輸工具及其零件製造業,08706,24.49,％
存貨率,31,其他運輸工具及其零件製造業,08707,22.82,％
存貨率,31,其他運輸工具及其零件製造業,08708,21.78,％
存貨率,31,其他運輸工具及其零件製造業,08709,18.08,％
存貨率,31,其他運輸工具及其零件製造業,08710,21.10,％
存貨率,31,其他運輸工具及其零件製造業,08711,23.89,％
存貨率,31,其他運輸工具及其零件製造業,08712,16.86,％
存貨率,31,其他運輸工具及其零件製造業,08801,22.33,％
存貨率,31,其他運輸工具及其零件製造業,08802,27.51,％
存貨率,31,其他運輸工具及其零件製造業,08803,17.69,％
存貨率,31,其他運輸工具及其零件製造業,08804,20.31,％
存貨率,31,其他運輸工具及其零件製造業,08805,21.09,％
存貨率,31,其他運輸工具及其零件製造業,08806,20.68,％
存貨率,31,其他運輸工具及其零件製造業,08807,17.15,％
存貨率,31,其他運輸工具及其零件製造業,08808,20.67,％
存貨率,31,其他運輸工具及其零件製造業,08809,17.20,％
存貨率,31,其他運輸工具及其零件製造業,08810,15.62,％
存貨率,31,其他運輸工具及其零件製造業,08811,15.60,％
存貨率,31,其他運輸工具及其零件製造業,08812,15.87,％
存貨率,31,其他運輸工具及其零件製造業,08901,14.20,％
存貨率,31,其他運輸工具及其零件製造業,08902,20.55,％
存貨率,31,其他運輸工具及其零件製造業,08903,11.12,％
存貨率,31,其他運輸工具及其零件製造業,08904,14.68,％
存貨率,31,其他運輸工具及其零件製造業,08905,13.63,％
存貨率,31,其他運輸工具及其零件製造業,08906,14.92,％
存貨率,31,其他運輸工具及其零件製造業,08907,15.13,％
存貨率,31,其他運輸工具及其零件製造業,08908,21.40,％
存貨率,31,其他運輸工具及其零件製造業,08909,16.46,％
存貨率,31,其他運輸工具及其零件製造業,08910,16.81,％
存貨率,31,其他運輸工具及其零件製造業,08911,17.80,％
存貨率,31,其他運輸工具及其零件製造業,08912,15.38,％
存貨率,31,其他運輸工具及其零件製造業,09001,20.38,％
存貨率,31,其他運輸工具及其零件製造業,09002,15.90,％
存貨率,31,其他運輸工具及其零件製造業,09003,15.16,％
存貨率,31,其他運輸工具及其零件製造業,09004,15.44,％
存貨率,31,其他運輸工具及其零件製造業,09005,22.11,％
存貨率,31,其他運輸工具及其零件製造業,09006,21.33,％
存貨率,31,其他運輸工具及其零件製造業,09007,20.97,％
存貨率,31,其他運輸工具及其零件製造業,09008,19.28,％
存貨率,31,其他運輸工具及其零件製造業,09009,19.27,％
存貨率,31,其他運輸工具及其零件製造業,09010,17.51,％
存貨率,31,其他運輸工具及其零件製造業,09011,16.67,％
存貨率,31,其他運輸工具及其零件製造業,09012,15.49,％
存貨率,31,其他運輸工具及其零件製造業,09101,19.94,％
存貨率,31,其他運輸工具及其零件製造業,09102,23.00,％
存貨率,31,其他運輸工具及其零件製造業,09103,14.14,％
存貨率,31,其他運輸工具及其零件製造業,09104,14.50,％
存貨率,31,其他運輸工具及其零件製造業,09105,14.74,％
存貨率,31,其他運輸工具及其零件製造業,09106,15.00,％
存貨率,31,其他運輸工具及其零件製造業,09107,16.33,％
存貨率,31,其他運輸工具及其零件製造業,09108,16.81,％
存貨率,31,其他運輸工具及其零件製造業,09109,14.08,％
存貨率,31,其他運輸工具及其零件製造業,09110,14.88,％
存貨率,31,其他運輸工具及其零件製造業,09111,17.97,％
存貨率,31,其他運輸工具及其零件製造業,09112,15.25,％
存貨率,31,其他運輸工具及其零件製造業,09201,14.86,％
存貨率,31,其他運輸工具及其零件製造業,09202,23.70,％
存貨率,31,其他運輸工具及其零件製造業,09203,15.54,％
存貨率,31,其他運輸工具及其零件製造業,09204,16.81,％
存貨率,31,其他運輸工具及其零件製造業,09205,20.09,％
存貨率,31,其他運輸工具及其零件製造業,09206,18.70,％
存貨率,31,其他運輸工具及其零件製造業,09207,19.40,％
存貨率,31,其他運輸工具及其零件製造業,09208,21.49,％
存貨率,31,其他運輸工具及其零件製造業,09209,20.60,％
存貨率,31,其他運輸工具及其零件製造業,09210,20.60,％
存貨率,31,其他運輸工具及其零件製造業,09211,19.84,％
存貨率,31,其他運輸工具及其零件製造業,09212,16.13,％
存貨率,31,其他運輸工具及其零件製造業,09301,21.16,％
存貨率,31,其他運輸工具及其零件製造業,09302,15.14,％
存貨率,31,其他運輸工具及其零件製造業,09303,13.53,％
存貨率,31,其他運輸工具及其零件製造業,09304,14.89,％
存貨率,31,其他運輸工具及其零件製造業,09305,20.38,％
存貨率,31,其他運輸工具及其零件製造業,09306,18.63,％
存貨率,31,其他運輸工具及其零件製造業,09307,19.23,％
存貨率,31,其他運輸工具及其零件製造業,09308,18.65,％
存貨率,31,其他運輸工具及其零件製造業,09309,17.53,％
存貨率,31,其他運輸工具及其零件製造業,09310,17.82,％
存貨率,31,其他運輸工具及其零件製造業,09311,19.27,％
存貨率,31,其他運輸工具及其零件製造業,09312,17.91,％
存貨率,31,其他運輸工具及其零件製造業,09401,18.69,％
存貨率,31,其他運輸工具及其零件製造業,09402,22.75,％
存貨率,31,其他運輸工具及其零件製造業,09403,15.43,％
存貨率,31,其他運輸工具及其零件製造業,09404,16.95,％
存貨率,31,其他運輸工具及其零件製造業,09405,19.13,％
存貨率,31,其他運輸工具及其零件製造業,09406,19.13,％
存貨率,31,其他運輸工具及其零件製造業,09407,21.48,％
存貨率,31,其他運輸工具及其零件製造業,09408,19.83,％
存貨率,31,其他運輸工具及其零件製造業,09409,18.39,％
存貨率,31,其他運輸工具及其零件製造業,09410,20.64,％
存貨率,31,其他運輸工具及其零件製造業,09411,21.31,％
存貨率,31,其他運輸工具及其零件製造業,09412,21.91,％
存貨率,31,其他運輸工具及其零件製造業,09501,20.25,％
存貨率,31,其他運輸工具及其零件製造業,09502,23.92,％
存貨率,31,其他運輸工具及其零件製造業,09503,16.39,％
存貨率,31,其他運輸工具及其零件製造業,09504,19.54,％
存貨率,31,其他運輸工具及其零件製造業,09505,20.55,％
存貨率,31,其他運輸工具及其零件製造業,09506,21.32,％
存貨率,31,其他運輸工具及其零件製造業,09507,19.00,％
存貨率,31,其他運輸工具及其零件製造業,09508,17.78,％
存貨率,31,其他運輸工具及其零件製造業,09509,19.07,％
存貨率,31,其他運輸工具及其零件製造業,09510,20.73,％
存貨率,31,其他運輸工具及其零件製造業,09511,21.10,％
存貨率,31,其他運輸工具及其零件製造業,09512,18.13,％
存貨率,31,其他運輸工具及其零件製造業,09601,16.89,％
存貨率,31,其他運輸工具及其零件製造業,09602,22.04,％
存貨率,31,其他運輸工具及其零件製造業,09603,15.45,％
存貨率,31,其他運輸工具及其零件製造業,09604,16.33,％
存貨率,31,其他運輸工具及其零件製造業,09605,16.50,％
存貨率,31,其他運輸工具及其零件製造業,09606,18.24,％
存貨率,31,其他運輸工具及其零件製造業,09607,16.51,％
存貨率,31,其他運輸工具及其零件製造業,09608,16.74,％
存貨率,31,其他運輸工具及其零件製造業,09609,17.17,％
存貨率,31,其他運輸工具及其零件製造業,09610,17.28,％
存貨率,31,其他運輸工具及其零件製造業,09611,18.40,％
存貨率,31,其他運輸工具及其零件製造業,09612,16.55,％
存貨率,31,其他運輸工具及其零件製造業,09701,18.41,％
存貨率,31,其他運輸工具及其零件製造業,09702,21.79,％
存貨率,31,其他運輸工具及其零件製造業,09703,16.98,％
存貨率,31,其他運輸工具及其零件製造業,09704,16.10,％
存貨率,31,其他運輸工具及其零件製造業,09705,16.34,％
存貨率,31,其他運輸工具及其零件製造業,09706,15.91,％
存貨率,31,其他運輸工具及其零件製造業,09707,16.87,％
存貨率,31,其他運輸工具及其零件製造業,09708,17.64,％
存貨率,31,其他運輸工具及其零件製造業,09709,18.28,％
存貨率,31,其他運輸工具及其零件製造業,09710,17.70,％
存貨率,31,其他運輸工具及其零件製造業,09711,23.61,％
存貨率,31,其他運輸工具及其零件製造業,09712,20.08,％
存貨率,31,其他運輸工具及其零件製造業,09801,36.41,％
存貨率,31,其他運輸工具及其零件製造業,09802,29.68,％
存貨率,31,其他運輸工具及其零件製造業,09803,30.85,％
存貨率,31,其他運輸工具及其零件製造業,09804,33.95,％
存貨率,31,其他運輸工具及其零件製造業,09805,33.31,％
存貨率,31,其他運輸工具及其零件製造業,09806,27.83,％
存貨率,31,其他運輸工具及其零件製造業,09807,23.66,％
存貨率,31,其他運輸工具及其零件製造業,09808,27.95,％
存貨率,31,其他運輸工具及其零件製造業,09809,20.60,％
存貨率,31,其他運輸工具及其零件製造業,09810,21.25,％
存貨率,31,其他運輸工具及其零件製造業,09811,24.75,％
存貨率,31,其他運輸工具及其零件製造業,09812,18.01,％
存貨率,31,其他運輸工具及其零件製造業,09901,22.33,％
存貨率,31,其他運輸工具及其零件製造業,09902,30.54,％
存貨率,31,其他運輸工具及其零件製造業,09903,21.48,％
存貨率,31,其他運輸工具及其零件製造業,09904,20.28,％
存貨率,31,其他運輸工具及其零件製造業,09905,19.84,％
存貨率,31,其他運輸工具及其零件製造業,09906,19.16,％
存貨率,31,其他運輸工具及其零件製造業,09907,20.65,％
存貨率,31,其他運輸工具及其零件製造業,09908,20.98,％
存貨率,31,其他運輸工具及其零件製造業,09909,19.42,％
存貨率,31,其他運輸工具及其零件製造業,09910,20.04,％
存貨率,31,其他運輸工具及其零件製造業,09911,21.01,％
存貨率,31,其他運輸工具及其零件製造業,09912,16.59,％
存貨率,31,其他運輸工具及其零件製造業,10001,15.84,％
存貨率,31,其他運輸工具及其零件製造業,10002,23.78,％
存貨率,31,其他運輸工具及其零件製造業,10003,14.08,％
存貨率,31,其他運輸工具及其零件製造業,10004,17.94,％
存貨率,31,其他運輸工具及其零件製造業,10005,16.68,％
存貨率,31,其他運輸工具及其零件製造業,10006,15.58,％
存貨率,31,其他運輸工具及其零件製造業,10007,17.36,％
存貨率,31,其他運輸工具及其零件製造業,10008,15.45,％
存貨率,31,其他運輸工具及其零件製造業,10009,16.08,％
存貨率,31,其他運輸工具及其零件製造業,10010,20.01,％
存貨率,31,其他運輸工具及其零件製造業,10011,21.61,％
存貨率,31,其他運輸工具及其零件製造業,10012,17.91,％
存貨率,31,其他運輸工具及其零件製造業,10101,22.24,％
存貨率,31,其他運輸工具及其零件製造業,10102,17.61,％
存貨率,31,其他運輸工具及其零件製造業,10103,15.88,％
存貨率,31,其他運輸工具及其零件製造業,10104,20.03,％
存貨率,31,其他運輸工具及其零件製造業,10105,17.17,％
存貨率,31,其他運輸工具及其零件製造業,10106,17.48,％
存貨率,31,其他運輸工具及其零件製造業,10107,20.22,％
存貨率,31,其他運輸工具及其零件製造業,10108,15.84,％
存貨率,31,其他運輸工具及其零件製造業,10109,19.03,％
存貨率,31,其他運輸工具及其零件製造業,10110,19.01,％
存貨率,31,其他運輸工具及其零件製造業,10111,19.77,％
存貨率,31,其他運輸工具及其零件製造業,10112,20.20,％
存貨率,31,其他運輸工具及其零件製造業,10201,17.09,％
存貨率,31,其他運輸工具及其零件製造業,10202,28.02,％
存貨率,31,其他運輸工具及其零件製造業,10203,19.78,％
存貨率,31,其他運輸工具及其零件製造業,10204,21.22,％
存貨率,31,其他運輸工具及其零件製造業,10205,18.76,％
存貨率,31,其他運輸工具及其零件製造業,10206,21.31,％
存貨率,31,其他運輸工具及其零件製造業,10207,18.71,％
存貨率,31,其他運輸工具及其零件製造業,10208,22.38,％
存貨率,31,其他運輸工具及其零件製造業,10209,21.59,％
存貨率,31,其他運輸工具及其零件製造業,10210,19.32,％
存貨率,31,其他運輸工具及其零件製造業,10211,23.04,％
存貨率,31,其他運輸工具及其零件製造業,10212,20.67,％
存貨率,31,其他運輸工具及其零件製造業,10301,19.30,％
存貨率,31,其他運輸工具及其零件製造業,10302,22.46,％
存貨率,31,其他運輸工具及其零件製造業,10303,16.47,％
存貨率,31,其他運輸工具及其零件製造業,10304,16.40,％
存貨率,31,其他運輸工具及其零件製造業,10305,18.53,％
存貨率,31,其他運輸工具及其零件製造業,10306,19.33,％
存貨率,31,其他運輸工具及其零件製造業,10307,15.89,％
存貨率,31,其他運輸工具及其零件製造業,10308,18.54,％
存貨率,31,其他運輸工具及其零件製造業,10309,17.51,％
存貨率,31,其他運輸工具及其零件製造業,10310,18.22,％
存貨率,31,其他運輸工具及其零件製造業,10311,19.72,％
存貨率,31,其他運輸工具及其零件製造業,10312,17.06,％
存貨率,31,其他運輸工具及其零件製造業,10401,19.11,％
存貨率,31,其他運輸工具及其零件製造業,10402,22.36,％
存貨率,31,其他運輸工具及其零件製造業,10403,16.89,％
存貨率,31,其他運輸工具及其零件製造業,10404,16.53,％
存貨率,31,其他運輸工具及其零件製造業,10405,19.86,％
存貨率,31,其他運輸工具及其零件製造業,10406,19.68,％
存貨率,31,其他運輸工具及其零件製造業,10407,17.99,％
存貨率,31,其他運輸工具及其零件製造業,10408,20.10,％
存貨率,31,其他運輸工具及其零件製造業,10409,19.48,％
存貨率,31,其他運輸工具及其零件製造業,10410,19.73,％
存貨率,31,其他運輸工具及其零件製造業,10411,23.50,％
存貨率,31,其他運輸工具及其零件製造業,10412,22.29,％
存貨率,31,其他運輸工具及其零件製造業,10501,21.29,％
存貨率,31,其他運輸工具及其零件製造業,10502,27.53,％
存貨率,31,其他運輸工具及其零件製造業,10503,17.80,％
存貨率,31,其他運輸工具及其零件製造業,10504,21.52,％
存貨率,31,其他運輸工具及其零件製造業,10505,19.79,％
存貨率,31,其他運輸工具及其零件製造業,10506,18.21,％
存貨率,31,其他運輸工具及其零件製造業,10507,20.95,％
存貨率,31,其他運輸工具及其零件製造業,10508,17.85,％
存貨率,31,其他運輸工具及其零件製造業,10509,20.13,％
存貨率,31,其他運輸工具及其零件製造業,10510,20.91,％
存貨率,31,其他運輸工具及其零件製造業,10511,19.55,％
存貨率,31,其他運輸工具及其零件製造業,10512,21.97,％
存貨率,31,其他運輸工具及其零件製造業,10601,22.79,％
存貨率,31,其他運輸工具及其零件製造業,10602,25.39,％
存貨率,31,其他運輸工具及其零件製造業,10603,18.80,％
存貨率,31,其他運輸工具及其零件製造業,10604,26.62,％
存貨率,31,其他運輸工具及其零件製造業,10605,23.60,％
存貨率,31,其他運輸工具及其零件製造業,10606,22.55,％
存貨率,31,其他運輸工具及其零件製造業,10607,24.31,％
存貨率,31,其他運輸工具及其零件製造業,10608,21.54,％
存貨率,31,其他運輸工具及其零件製造業,10609,22.46,％
存貨率,31,其他運輸工具及其零件製造業,10610,26.45,％
存貨率,31,其他運輸工具及其零件製造業,10611,24.50,％
存貨率,31,其他運輸工具及其零件製造業,10612,22.30,％
存貨率,31,其他運輸工具及其零件製造業,10701,23.72,％
存貨率,31,其他運輸工具及其零件製造業,10702,34.50,％
存貨率,31,其他運輸工具及其零件製造業,10703,22.66,％
存貨率,31,其他運輸工具及其零件製造業,10704,31.59,％
存貨率,31,其他運輸工具及其零件製造業,10705,25.48,％
存貨率,31,其他運輸工具及其零件製造業,10706,27.18,％
存貨率,31,其他運輸工具及其零件製造業,10707,28.33,％
存貨率,31,其他運輸工具及其零件製造業,10708,25.68,％
存貨率,31,其他運輸工具及其零件製造業,10709,28.80,％
存貨率,31,其他運輸工具及其零件製造業,10710,32.85,％
存貨率,31,其他運輸工具及其零件製造業,10711,30.90,％
存貨率,31,其他運輸工具及其零件製造業,10712,24.07,％
存貨率,31,其他運輸工具及其零件製造業,10801,23.06,％
存貨率,31,其他運輸工具及其零件製造業,10802,33.96,％
存貨率,31,其他運輸工具及其零件製造業,10803,25.56,％
存貨率,31,其他運輸工具及其零件製造業,10804,23.01,％
存貨率,31,其他運輸工具及其零件製造業,10805,26.65,％
存貨率,31,其他運輸工具及其零件製造業,10806,25.21,％
存貨率,31,其他運輸工具及其零件製造業,10807,24.72,％
存貨率,31,其他運輸工具及其零件製造業,10808,25.94,％
存貨率,31,其他運輸工具及其零件製造業,10809,27.49,％
存貨率,31,其他運輸工具及其零件製造業,10810,25.53,％
存貨率,31,其他運輸工具及其零件製造業,10811,31.08,％
存貨率,31,其他運輸工具及其零件製造業,10812,26.08,％
存貨率,31,其他運輸工具及其零件製造業,10901,32.53,％
存貨率,31,其他運輸工具及其零件製造業,10902,30.03,％
存貨率,31,其他運輸工具及其零件製造業,10903,28.88,％
存貨率,31,其他運輸工具及其零件製造業,10904,36.81,％
存貨率,31,其他運輸工具及其零件製造業,10905,32.46,％
存貨率,31,其他運輸工具及其零件製造業,10906,28.46,％
存貨率,31,其他運輸工具及其零件製造業,10907,23.95,％
存貨率,31,其他運輸工具及其零件製造業,10908,24.14,％
存貨率,31,其他運輸工具及其零件製造業,10909,23.49,％
存貨率,31,其他運輸工具及其零件製造業,10910,25.48,％
存貨率,31,其他運輸工具及其零件製造業,10911,26.36,％
存貨率,31,其他運輸工具及其零件製造業,10912,23.73,％
存貨率,31,其他運輸工具及其零件製造業,11001,24.49,％
存貨率,31,其他運輸工具及其零件製造業,11002,34.05,％
存貨率,31,其他運輸工具及其零件製造業,11003,21.57,％
存貨率,31,其他運輸工具及其零件製造業,11004,31.55,％
存貨率,31,其他運輸工具及其零件製造業,11005,31.80,％
存貨率,31,其他運輸工具及其零件製造業,11006,32.03,％
存貨率,31,其他運輸工具及其零件製造業,11007,29.04,％
存貨率,31,其他運輸工具及其零件製造業,11008,30.06,％
存貨率,31,其他運輸工具及其零件製造業,11009,29.64,％
存貨率,31,其他運輸工具及其零件製造業,11010,31.19,％
存貨率,31,其他運輸工具及其零件製造業,11011,28.64,％
存貨率,31,其他運輸工具及其零件製造業,11012,33.45,％
存貨率,31,其他運輸工具及其零件製造業,11101,35.63,％
存貨率,31,其他運輸工具及其零件製造業,11102,43.56,％
存貨率,31,其他運輸工具及其零件製造業,11103,28.29,％
存貨率,31,其他運輸工具及其零件製造業,11104,32.65,％
存貨率,31,其他運輸工具及其零件製造業,11105,31.73,％
存貨率,31,其他運輸工具及其零件製造業,11106,34.50,％
存貨率,31,其他運輸工具及其零件製造業,11107,33.84,％
存貨率,31,其他運輸工具及其零件製造業,11108,35.05,％
存貨率,31,其他運輸工具及其零件製造業,11109,35.17,％
存貨率,31,其他運輸工具及其零件製造業,11110,36.66,％
存貨率,31,其他運輸工具及其零件製造業,11111,39.29,％
存貨率,31,其他運輸工具及其零件製造業,11112,37.82,％
存貨率,31,其他運輸工具及其零件製造業,11201,45.53,％
存貨率,31,其他運輸工具及其零件製造業,11202,43.21,％
存貨率,31,其他運輸工具及其零件製造業,11203,36.89,％
存貨率,31,其他運輸工具及其零件製造業,11204,45.43,％
存貨率,31,其他運輸工具及其零件製造業,11205,42.57,％
存貨率,31,其他運輸工具及其零件製造業,11206,42.19,％
存貨率,31,其他運輸工具及其零件製造業,11207,44.27,％
存貨率,31,其他運輸工具及其零件製造業,11208,41.44,％
存貨率,31,其他運輸工具及其零件製造業,11209,45.77,％
存貨率,31,其他運輸工具及其零件製造業,11210,51.52,％
存貨率,31,其他運輸工具及其零件製造業,11211,48.87,％
存貨率,31,其他運輸工具及其零件製造業,11212,49.00,％
存貨率,31,其他運輸工具及其零件製造業,11301,45.42,％
存貨率,31,其他運輸工具及其零件製造業,11302,61.46,％
存貨率,31,其他運輸工具及其零件製造業,11303,42.62,％
存貨率,31,其他運輸工具及其零件製造業,11304,45.04,％
存貨率,31,其他運輸工具及其零件製造業,11305,44.61,％
存貨率,31,其他運輸工具及其零件製造業,11306,43.33,％
存貨率,31,其他運輸工具及其零件製造業,11307,43.01,％
存貨率,31,其他運輸工具及其零件製造業,11308,43.31,％
存貨率,31,其他運輸工具及其零件製造業,11309,40.00,％
存貨率,31,其他運輸工具及其零件製造業,11310,43.73,％
存貨率,31,其他運輸工具及其零件製造業,11311,43.90,％
存貨率,31,其他運輸工具及其零件製造業,11312,42.51,％
存貨率,31,其他運輸工具及其零件製造業,11401,44.04,％
存貨率,31,其他運輸工具及其零件製造業,11402,44.42,％
存貨率,31,其他運輸工具及其零件製造業,11403,40.75,％
存貨率,31,其他運輸工具及其零件製造業,11404,39.86,％
存貨率,31,其他運輸工具及其零件製造業,11405,41.63,％
存貨率,31,其他運輸工具及其零件製造業,11406,40.80,％
存貨率,31,其他運輸工具及其零件製造業,11407,38.74,％
存貨率,31,其他運輸工具及其零件製造業,11408,39.86,％
存貨率,31,其他運輸工具及其零件製造業,11409,41.69,％
存貨率,31,其他運輸工具及其零件製造業,11410,46.14,％
存貨率,31,其他運輸工具及其零件製造業,11411,47.04,％
存貨率,31,其他運輸工具及其零件製造業,11412,39.35,％
存貨率,31,其他運輸工具及其零件製造業,11501,42.62,％
存貨率,31,其他運輸工具及其零件製造業,11502,52.68,％
存貨率,31,其他運輸工具及其零件製造業,11503,37.14,％
存貨率,31,其他運輸工具及其零件製造業,11504,39.57,％
存貨率,31,其他運輸工具及其零件製造業,11505,41.31,％
存貨率,31,其他運輸工具及其零件製造業,11506,41.97,％
存貨率,I2,資訊電子工業,07101,68.13,％
存貨率,I2,資訊電子工業,07102,59.27,％
存貨率,I2,資訊電子工業,07103,60.52,％
存貨率,I2,資訊電子工業,07104,56.99,％
存貨率,I2,資訊電子工業,07105,56.99,％
存貨率,I2,資訊電子工業,07106,54.15,％
存貨率,I2,資訊電子工業,07107,51.50,％
存貨率,I2,資訊電子工業,07108,49.67,％
存貨率,I2,資訊電子工業,07109,49.26,％
存貨率,I2,資訊電子工業,07110,50.87,％
存貨率,I2,資訊電子工業,07111,53.66,％
存貨率,I2,資訊電子工業,07112,53.36,％
存貨率,I2,資訊電子工業,07201,63.53,％
存貨率,I2,資訊電子工業,07202,67.62,％
存貨率,I2,資訊電子工業,07203,51.38,％
存貨率,I2,資訊電子工業,07204,45.78,％
存貨率,I2,資訊電子工業,07205,47.99,％
存貨率,I2,資訊電子工業,07206,43.35,％
存貨率,I2,資訊電子工業,07207,44.81,％
存貨率,I2,資訊電子工業,07208,39.81,％
存貨率,I2,資訊電子工業,07209,39.71,％
存貨率,I2,資訊電子工業,07210,41.50,％
存貨率,I2,資訊電子工業,07211,40.68,％
存貨率,I2,資訊電子工業,07212,41.21,％
存貨率,I2,資訊電子工業,07301,44.59,％
存貨率,I2,資訊電子工業,07302,57.82,％
存貨率,I2,資訊電子工業,07303,41.85,％
存貨率,I2,資訊電子工業,07304,46.21,％
存貨率,I2,資訊電子工業,07305,42.87,％
存貨率,I2,資訊電子工業,07306,43.21,％
存貨率,I2,資訊電子工業,07307,46.79,％
存貨率,I2,資訊電子工業,07308,44.42,％
存貨率,I2,資訊電子工業,07309,43.91,％
存貨率,I2,資訊電子工業,07310,50.67,％
存貨率,I2,資訊電子工業,07311,47.04,％
存貨率,I2,資訊電子工業,07312,42.14,％
存貨率,I2,資訊電子工業,07401,50.36,％
存貨率,I2,資訊電子工業,07402,62.59,％
存貨率,I2,資訊電子工業,07403,54.65,％
存貨率,I2,資訊電子工業,07404,58.36,％
存貨率,I2,資訊電子工業,07405,61.76,％
存貨率,I2,資訊電子工業,07406,66.29,％
存貨率,I2,資訊電子工業,07407,64.12,％
存貨率,I2,資訊電子工業,07408,64.00,％
存貨率,I2,資訊電子工業,07409,58.50,％
存貨率,I2,資訊電子工業,07410,57.67,％
存貨率,I2,資訊電子工業,07411,55.52,％
存貨率,I2,資訊電子工業,07412,49.39,％
存貨率,I2,資訊電子工業,07501,51.29,％
存貨率,I2,資訊電子工業,07502,66.92,％
存貨率,I2,資訊電子工業,07503,41.43,％
存貨率,I2,資訊電子工業,07504,48.86,％
存貨率,I2,資訊電子工業,07505,50.98,％
存貨率,I2,資訊電子工業,07506,47.75,％
存貨率,I2,資訊電子工業,07507,46.97,％
存貨率,I2,資訊電子工業,07508,41.96,％
存貨率,I2,資訊電子工業,07509,41.40,％
存貨率,I2,資訊電子工業,07510,41.14,％
存貨率,I2,資訊電子工業,07511,43.44,％
存貨率,I2,資訊電子工業,07512,45.17,％
存貨率,I2,資訊電子工業,07601,45.67,％
存貨率,I2,資訊電子工業,07602,46.78,％
存貨率,I2,資訊電子工業,07603,40.99,％
存貨率,I2,資訊電子工業,07604,41.05,％
存貨率,I2,資訊電子工業,07605,40.75,％
存貨率,I2,資訊電子工業,07606,41.61,％
存貨率,I2,資訊電子工業,07607,41.62,％
存貨率,I2,資訊電子工業,07608,38.46,％
存貨率,I2,資訊電子工業,07609,40.53,％
存貨率,I2,資訊電子工業,07610,40.11,％
存貨率,I2,資訊電子工業,07611,40.82,％
存貨率,I2,資訊電子工業,07612,44.89,％
存貨率,I2,資訊電子工業,07701,47.54,％
存貨率,I2,資訊電子工業,07702,53.40,％
存貨率,I2,資訊電子工業,07703,46.41,％
存貨率,I2,資訊電子工業,07704,46.31,％
存貨率,I2,資訊電子工業,07705,45.88,％
存貨率,I2,資訊電子工業,07706,43.67,％
存貨率,I2,資訊電子工業,07707,47.58,％
存貨率,I2,資訊電子工業,07708,47.29,％
存貨率,I2,資訊電子工業,07709,47.44,％
存貨率,I2,資訊電子工業,07710,49.28,％
存貨率,I2,資訊電子工業,07711,48.25,％
存貨率,I2,資訊電子工業,07712,51.88,％
存貨率,I2,資訊電子工業,07801,57.41,％
存貨率,I2,資訊電子工業,07802,69.85,％
存貨率,I2,資訊電子工業,07803,50.05,％
存貨率,I2,資訊電子工業,07804,48.98,％
存貨率,I2,資訊電子工業,07805,51.25,％
存貨率,I2,資訊電子工業,07806,48.34,％
存貨率,I2,資訊電子工業,07807,57.30,％
存貨率,I2,資訊電子工業,07808,54.96,％
存貨率,I2,資訊電子工業,07809,54.00,％
存貨率,I2,資訊電子工業,07810,56.28,％
存貨率,I2,資訊電子工業,07811,54.15,％
存貨率,I2,資訊電子工業,07812,58.51,％
存貨率,I2,資訊電子工業,07901,65.73,％
存貨率,I2,資訊電子工業,07902,67.63,％
存貨率,I2,資訊電子工業,07903,52.43,％
存貨率,I2,資訊電子工業,07904,54.12,％
存貨率,I2,資訊電子工業,07905,57.12,％
存貨率,I2,資訊電子工業,07906,54.53,％
存貨率,I2,資訊電子工業,07907,57.83,％
存貨率,I2,資訊電子工業,07908,56.29,％
存貨率,I2,資訊電子工業,07909,56.77,％
存貨率,I2,資訊電子工業,07910,58.98,％
存貨率,I2,資訊電子工業,07911,53.47,％
存貨率,I2,資訊電子工業,07912,53.61,％
存貨率,I2,資訊電子工業,08001,58.41,％
存貨率,I2,資訊電子工業,08002,67.92,％
存貨率,I2,資訊電子工業,08003,58.95,％
存貨率,I2,資訊電子工業,08004,59.52,％
存貨率,I2,資訊電子工業,08005,59.57,％
存貨率,I2,資訊電子工業,08006,59.94,％
存貨率,I2,資訊電子工業,08007,59.91,％
存貨率,I2,資訊電子工業,08008,55.75,％
存貨率,I2,資訊電子工業,08009,66.14,％
存貨率,I2,資訊電子工業,08010,58.79,％
存貨率,I2,資訊電子工業,08011,55.77,％
存貨率,I2,資訊電子工業,08012,58.21,％
存貨率,I2,資訊電子工業,08101,64.39,％
存貨率,I2,資訊電子工業,08102,79.02,％
存貨率,I2,資訊電子工業,08103,63.51,％
存貨率,I2,資訊電子工業,08104,64.39,％
存貨率,I2,資訊電子工業,08105,60.04,％
存貨率,I2,資訊電子工業,08106,65.02,％
存貨率,I2,資訊電子工業,08107,65.79,％
存貨率,I2,資訊電子工業,08108,66.03,％
存貨率,I2,資訊電子工業,08109,66.02,％
存貨率,I2,資訊電子工業,08110,62.07,％
存貨率,I2,資訊電子工業,08111,61.33,％
存貨率,I2,資訊電子工業,08112,57.72,％
存貨率,I2,資訊電子工業,08201,71.96,％
存貨率,I2,資訊電子工業,08202,59.84,％
存貨率,I2,資訊電子工業,08203,53.07,％
存貨率,I2,資訊電子工業,08204,53.86,％
存貨率,I2,資訊電子工業,08205,55.28,％
存貨率,I2,資訊電子工業,08206,58.01,％
存貨率,I2,資訊電子工業,08207,57.90,％
存貨率,I2,資訊電子工業,08208,57.02,％
存貨率,I2,資訊電子工業,08209,57.46,％
存貨率,I2,資訊電子工業,08210,56.00,％
存貨率,I2,資訊電子工業,08211,60.66,％
存貨率,I2,資訊電子工業,08212,54.22,％
存貨率,I2,資訊電子工業,08301,57.11,％
存貨率,I2,資訊電子工業,08302,62.64,％
存貨率,I2,資訊電子工業,08303,47.49,％
存貨率,I2,資訊電子工業,08304,50.88,％
存貨率,I2,資訊電子工業,08305,55.68,％
存貨率,I2,資訊電子工業,08306,54.72,％
存貨率,I2,資訊電子工業,08307,54.11,％
存貨率,I2,資訊電子工業,08308,53.63,％
存貨率,I2,資訊電子工業,08309,51.13,％
存貨率,I2,資訊電子工業,08310,50.09,％
存貨率,I2,資訊電子工業,08311,48.94,％
存貨率,I2,資訊電子工業,08312,47.65,％
存貨率,I2,資訊電子工業,08401,52.10,％
存貨率,I2,資訊電子工業,08402,55.09,％
存貨率,I2,資訊電子工業,08403,41.49,％
存貨率,I2,資訊電子工業,08404,47.02,％
存貨率,I2,資訊電子工業,08405,45.99,％
存貨率,I2,資訊電子工業,08406,45.26,％
存貨率,I2,資訊電子工業,08407,44.85,％
存貨率,I2,資訊電子工業,08408,46.70,％
存貨率,I2,資訊電子工業,08409,44.47,％
存貨率,I2,資訊電子工業,08410,44.27,％
存貨率,I2,資訊電子工業,08411,42.88,％
存貨率,I2,資訊電子工業,08412,44.86,％
存貨率,I2,資訊電子工業,08501,54.56,％
存貨率,I2,資訊電子工業,08502,59.09,％
存貨率,I2,資訊電子工業,08503,46.49,％
存貨率,I2,資訊電子工業,08504,49.27,％
存貨率,I2,資訊電子工業,08505,49.49,％
存貨率,I2,資訊電子工業,08506,53.57,％
存貨率,I2,資訊電子工業,08507,58.43,％
存貨率,I2,資訊電子工業,08508,51.33,％
存貨率,I2,資訊電子工業,08509,48.11,％
存貨率,I2,資訊電子工業,08510,45.23,％
存貨率,I2,資訊電子工業,08511,44.59,％
存貨率,I2,資訊電子工業,08512,44.45,％
存貨率,I2,資訊電子工業,08601,48.87,％
存貨率,I2,資訊電子工業,08602,54.75,％
存貨率,I2,資訊電子工業,08603,42.29,％
存貨率,I2,資訊電子工業,08604,47.39,％
存貨率,I2,資訊電子工業,08605,49.91,％
存貨率,I2,資訊電子工業,08606,49.77,％
存貨率,I2,資訊電子工業,08607,49.20,％
存貨率,I2,資訊電子工業,08608,49.19,％
存貨率,I2,資訊電子工業,08609,43.15,％
存貨率,I2,資訊電子工業,08610,41.51,％
存貨率,I2,資訊電子工業,08611,42.96,％
存貨率,I2,資訊電子工業,08612,45.27,％
存貨率,I2,資訊電子工業,08701,53.95,％
存貨率,I2,資訊電子工業,08702,50.04,％
存貨率,I2,資訊電子工業,08703,47.90,％
存貨率,I2,資訊電子工業,08704,55.66,％
存貨率,I2,資訊電子工業,08705,59.49,％
存貨率,I2,資訊電子工業,08706,57.36,％
存貨率,I2,資訊電子工業,08707,60.93,％
存貨率,I2,資訊電子工業,08708,53.59,％
存貨率,I2,資訊電子工業,08709,45.12,％
存貨率,I2,資訊電子工業,08710,44.28,％
存貨率,I2,資訊電子工業,08711,46.51,％
存貨率,I2,資訊電子工業,08712,44.86,％
存貨率,I2,資訊電子工業,08801,54.30,％
存貨率,I2,資訊電子工業,08802,53.28,％
存貨率,I2,資訊電子工業,08803,44.37,％
存貨率,I2,資訊電子工業,08804,51.22,％
存貨率,I2,資訊電子工業,08805,48.33,％
存貨率,I2,資訊電子工業,08806,46.76,％
存貨率,I2,資訊電子工業,08807,50.58,％
存貨率,I2,資訊電子工業,08808,48.10,％
存貨率,I2,資訊電子工業,08809,49.47,％
存貨率,I2,資訊電子工業,08810,41.41,％
存貨率,I2,資訊電子工業,08811,41.71,％
存貨率,I2,資訊電子工業,08812,40.30,％
存貨率,I2,資訊電子工業,08901,51.01,％
存貨率,I2,資訊電子工業,08902,52.33,％
存貨率,I2,資訊電子工業,08903,38.43,％
存貨率,I2,資訊電子工業,08904,44.19,％
存貨率,I2,資訊電子工業,08905,42.77,％
存貨率,I2,資訊電子工業,08906,41.86,％
存貨率,I2,資訊電子工業,08907,44.01,％
存貨率,I2,資訊電子工業,08908,44.95,％
存貨率,I2,資訊電子工業,08909,41.10,％
存貨率,I2,資訊電子工業,08910,44.29,％
存貨率,I2,資訊電子工業,08911,48.39,％
存貨率,I2,資訊電子工業,08912,55.71,％
存貨率,I2,資訊電子工業,09001,65.46,％
存貨率,I2,資訊電子工業,09002,59.99,％
存貨率,I2,資訊電子工業,09003,50.82,％
存貨率,I2,資訊電子工業,09004,61.81,％
存貨率,I2,資訊電子工業,09005,62.69,％
存貨率,I2,資訊電子工業,09006,61.81,％
存貨率,I2,資訊電子工業,09007,63.13,％
存貨率,I2,資訊電子工業,09008,58.62,％
存貨率,I2,資訊電子工業,09009,58.85,％
存貨率,I2,資訊電子工業,09010,53.81,％
存貨率,I2,資訊電子工業,09011,52.40,％
存貨率,I2,資訊電子工業,09012,55.97,％
存貨率,I2,資訊電子工業,09101,56.55,％
存貨率,I2,資訊電子工業,09102,62.29,％
存貨率,I2,資訊電子工業,09103,48.75,％
存貨率,I2,資訊電子工業,09104,48.99,％
存貨率,I2,資訊電子工業,09105,49.54,％
存貨率,I2,資訊電子工業,09106,51.47,％
存貨率,I2,資訊電子工業,09107,56.19,％
存貨率,I2,資訊電子工業,09108,56.30,％
存貨率,I2,資訊電子工業,09109,53.24,％
存貨率,I2,資訊電子工業,09110,44.98,％
存貨率,I2,資訊電子工業,09111,44.89,％
存貨率,I2,資訊電子工業,09112,47.98,％
存貨率,I2,資訊電子工業,09201,50.18,％
存貨率,I2,資訊電子工業,09202,56.43,％
存貨率,I2,資訊電子工業,09203,46.75,％
存貨率,I2,資訊電子工業,09204,46.25,％
存貨率,I2,資訊電子工業,09205,48.41,％
存貨率,I2,資訊電子工業,09206,47.43,％
存貨率,I2,資訊電子工業,09207,47.56,％
存貨率,I2,資訊電子工業,09208,45.45,％
存貨率,I2,資訊電子工業,09209,40.86,％
存貨率,I2,資訊電子工業,09210,37.86,％
存貨率,I2,資訊電子工業,09211,40.00,％
存貨率,I2,資訊電子工業,09212,40.43,％
存貨率,I2,資訊電子工業,09301,47.90,％
存貨率,I2,資訊電子工業,09302,44.48,％
存貨率,I2,資訊電子工業,09303,42.74,％
存貨率,I2,資訊電子工業,09304,45.76,％
存貨率,I2,資訊電子工業,09305,45.65,％
存貨率,I2,資訊電子工業,09306,47.48,％
存貨率,I2,資訊電子工業,09307,50.96,％
存貨率,I2,資訊電子工業,09308,51.56,％
存貨率,I2,資訊電子工業,09309,48.56,％
存貨率,I2,資訊電子工業,09310,49.55,％
存貨率,I2,資訊電子工業,09311,52.25,％
存貨率,I2,資訊電子工業,09312,55.02,％
存貨率,I2,資訊電子工業,09401,56.24,％
存貨率,I2,資訊電子工業,09402,66.58,％
存貨率,I2,資訊電子工業,09403,51.85,％
存貨率,I2,資訊電子工業,09404,52.38,％
存貨率,I2,資訊電子工業,09405,51.16,％
存貨率,I2,資訊電子工業,09406,49.33,％
存貨率,I2,資訊電子工業,09407,48.29,％
存貨率,I2,資訊電子工業,09408,44.36,％
存貨率,I2,資訊電子工業,09409,41.21,％
存貨率,I2,資訊電子工業,09410,41.27,％
存貨率,I2,資訊電子工業,09411,40.85,％
存貨率,I2,資訊電子工業,09412,44.27,％
存貨率,I2,資訊電子工業,09501,49.98,％
存貨率,I2,資訊電子工業,09502,55.45,％
存貨率,I2,資訊電子工業,09503,47.11,％
存貨率,I2,資訊電子工業,09504,50.48,％
存貨率,I2,資訊電子工業,09505,52.15,％
存貨率,I2,資訊電子工業,09506,52.38,％
存貨率,I2,資訊電子工業,09507,52.43,％
存貨率,I2,資訊電子工業,09508,46.74,％
存貨率,I2,資訊電子工業,09509,43.08,％
存貨率,I2,資訊電子工業,09510,46.39,％
存貨率,I2,資訊電子工業,09511,46.24,％
存貨率,I2,資訊電子工業,09512,52.50,％
存貨率,I2,資訊電子工業,09601,55.56,％
存貨率,I2,資訊電子工業,09602,64.29,％
存貨率,I2,資訊電子工業,09603,50.35,％
存貨率,I2,資訊電子工業,09604,53.23,％
存貨率,I2,資訊電子工業,09605,50.70,％
存貨率,I2,資訊電子工業,09606,51.17,％
存貨率,I2,資訊電子工業,09607,47.79,％
存貨率,I2,資訊電子工業,09608,46.06,％
存貨率,I2,資訊電子工業,09609,42.03,％
存貨率,I2,資訊電子工業,09610,41.46,％
存貨率,I2,資訊電子工業,09611,42.68,％
存貨率,I2,資訊電子工業,09612,49.36,％
存貨率,I2,資訊電子工業,09701,50.82,％
存貨率,I2,資訊電子工業,09702,57.93,％
存貨率,I2,資訊電子工業,09703,50.73,％
存貨率,I2,資訊電子工業,09704,48.73,％
存貨率,I2,資訊電子工業,09705,51.35,％
存貨率,I2,資訊電子工業,09706,54.05,％
存貨率,I2,資訊電子工業,09707,54.48,％
存貨率,I2,資訊電子工業,09708,52.48,％
存貨率,I2,資訊電子工業,09709,52.49,％
存貨率,I2,資訊電子工業,09710,56.34,％
存貨率,I2,資訊電子工業,09711,83.09,％
存貨率,I2,資訊電子工業,09712,93.74,％
存貨率,I2,資訊電子工業,09801,101.47,％
存貨率,I2,資訊電子工業,09802,82.38,％
存貨率,I2,資訊電子工業,09803,62.25,％
存貨率,I2,資訊電子工業,09804,53.69,％
存貨率,I2,資訊電子工業,09805,55.26,％
存貨率,I2,資訊電子工業,09806,51.78,％
存貨率,I2,資訊電子工業,09807,47.64,％
存貨率,I2,資訊電子工業,09808,46.02,％
存貨率,I2,資訊電子工業,09809,43.67,％
存貨率,I2,資訊電子工業,09810,47.82,％
存貨率,I2,資訊電子工業,09811,49.74,％
存貨率,I2,資訊電子工業,09812,48.17,％
存貨率,I2,資訊電子工業,09901,45.89,％
存貨率,I2,資訊電子工業,09902,53.62,％
存貨率,I2,資訊電子工業,09903,44.76,％
存貨率,I2,資訊電子工業,09904,43.89,％
存貨率,I2,資訊電子工業,09905,46.87,％
存貨率,I2,資訊電子工業,09906,48.65,％
存貨率,I2,資訊電子工業,09907,49.91,％
存貨率,I2,資訊電子工業,09908,50.63,％
存貨率,I2,資訊電子工業,09909,51.41,％
存貨率,I2,資訊電子工業,09910,50.22,％
存貨率,I2,資訊電子工業,09911,47.82,％
存貨率,I2,資訊電子工業,09912,50.28,％
存貨率,I2,資訊電子工業,10001,52.71,％
存貨率,I2,資訊電子工業,10002,63.85,％
存貨率,I2,資訊電子工業,10003,50.59,％
存貨率,I2,資訊電子工業,10004,50.39,％
存貨率,I2,資訊電子工業,10005,51.60,％
存貨率,I2,資訊電子工業,10006,52.92,％
存貨率,I2,資訊電子工業,10007,53.60,％
存貨率,I2,資訊電子工業,10008,52.69,％
存貨率,I2,資訊電子工業,10009,49.68,％
存貨率,I2,資訊電子工業,10010,53.95,％
存貨率,I2,資訊電子工業,10011,55.99,％
存貨率,I2,資訊電子工業,10012,57.28,％
存貨率,I2,資訊電子工業,10101,67.59,％
存貨率,I2,資訊電子工業,10102,59.15,％
存貨率,I2,資訊電子工業,10103,50.62,％
存貨率,I2,資訊電子工業,10104,51.69,％
存貨率,I2,資訊電子工業,10105,51.01,％
存貨率,I2,資訊電子工業,10106,50.52,％
存貨率,I2,資訊電子工業,10107,54.40,％
存貨率,I2,資訊電子工業,10108,51.62,％
存貨率,I2,資訊電子工業,10109,50.26,％
存貨率,I2,資訊電子工業,10110,51.37,％
存貨率,I2,資訊電子工業,10111,50.84,％
存貨率,I2,資訊電子工業,10112,55.49,％
存貨率,I2,資訊電子工業,10201,53.47,％
存貨率,I2,資訊電子工業,10202,73.28,％
存貨率,I2,資訊電子工業,10203,56.03,％
存貨率,I2,資訊電子工業,10204,52.60,％
存貨率,I2,資訊電子工業,10205,49.48,％
存貨率,I2,資訊電子工業,10206,53.35,％
存貨率,I2,資訊電子工業,10207,58.63,％
存貨率,I2,資訊電子工業,10208,56.76,％
存貨率,I2,資訊電子工業,10209,55.37,％
存貨率,I2,資訊電子工業,10210,53.21,％
存貨率,I2,資訊電子工業,10211,53.58,％
存貨率,I2,資訊電子工業,10212,55.16,％
存貨率,I2,資訊電子工業,10301,55.79,％
存貨率,I2,資訊電子工業,10302,63.12,％
存貨率,I2,資訊電子工業,10303,51.72,％
存貨率,I2,資訊電子工業,10304,50.25,％
存貨率,I2,資訊電子工業,10305,48.63,％
存貨率,I2,資訊電子工業,10306,51.86,％
存貨率,I2,資訊電子工業,10307,51.58,％
存貨率,I2,資訊電子工業,10308,52.83,％
存貨率,I2,資訊電子工業,10309,50.15,％
存貨率,I2,資訊電子工業,10310,48.65,％
存貨率,I2,資訊電子工業,10311,53.77,％
存貨率,I2,資訊電子工業,10312,58.35,％
存貨率,I2,資訊電子工業,10401,55.78,％
存貨率,I2,資訊電子工業,10402,69.49,％
存貨率,I2,資訊電子工業,10403,59.49,％
存貨率,I2,資訊電子工業,10404,61.05,％
存貨率,I2,資訊電子工業,10405,62.67,％
存貨率,I2,資訊電子工業,10406,66.09,％
存貨率,I2,資訊電子工業,10407,60.17,％
存貨率,I2,資訊電子工業,10408,64.28,％
存貨率,I2,資訊電子工業,10409,63.04,％
存貨率,I2,資訊電子工業,10410,55.42,％
存貨率,I2,資訊電子工業,10411,59.01,％
存貨率,I2,資訊電子工業,10412,65.78,％
存貨率,I2,資訊電子工業,10501,60.44,％
存貨率,I2,資訊電子工業,10502,70.50,％
存貨率,I2,資訊電子工業,10503,56.32,％
存貨率,I2,資訊電子工業,10504,58.35,％
存貨率,I2,資訊電子工業,10505,56.93,％
存貨率,I2,資訊電子工業,10506,54.86,％
存貨率,I2,資訊電子工業,10507,55.21,％
存貨率,I2,資訊電子工業,10508,47.88,％
存貨率,I2,資訊電子工業,10509,52.97,％
存貨率,I2,資訊電子工業,10510,50.17,％
存貨率,I2,資訊電子工業,10511,48.97,％
存貨率,I2,資訊電子工業,10512,53.82,％
存貨率,I2,資訊電子工業,10601,58.19,％
存貨率,I2,資訊電子工業,10602,61.92,％
存貨率,I2,資訊電子工業,10603,51.32,％
存貨率,I2,資訊電子工業,10604,60.78,％
存貨率,I2,資訊電子工業,10605,57.27,％
存貨率,I2,資訊電子工業,10606,51.93,％
存貨率,I2,資訊電子工業,10607,57.18,％
存貨率,I2,資訊電子工業,10608,50.29,％
存貨率,I2,資訊電子工業,10609,49.74,％
存貨率,I2,資訊電子工業,10610,48.78,％
存貨率,I2,資訊電子工業,10611,48.05,％
存貨率,I2,資訊電子工業,10612,53.30,％
存貨率,I2,資訊電子工業,10701,55.32,％
存貨率,I2,資訊電子工業,10702,70.29,％
存貨率,I2,資訊電子工業,10703,52.97,％
存貨率,I2,資訊電子工業,10704,59.67,％
存貨率,I2,資訊電子工業,10705,57.17,％
存貨率,I2,資訊電子工業,10706,57.82,％
存貨率,I2,資訊電子工業,10707,57.58,％
存貨率,I2,資訊電子工業,10708,51.08,％
存貨率,I2,資訊電子工業,10709,51.22,％
存貨率,I2,資訊電子工業,10710,51.09,％
存貨率,I2,資訊電子工業,10711,54.77,％
存貨率,I2,資訊電子工業,10712,59.71,％
存貨率,I2,資訊電子工業,10801,64.64,％
存貨率,I2,資訊電子工業,10802,78.21,％
存貨率,I2,資訊電子工業,10803,59.91,％
存貨率,I2,資訊電子工業,10804,63.33,％
存貨率,I2,資訊電子工業,10805,60.90,％
存貨率,I2,資訊電子工業,10806,60.00,％
存貨率,I2,資訊電子工業,10807,57.64,％
存貨率,I2,資訊電子工業,10808,50.67,％
存貨率,I2,資訊電子工業,10809,50.82,％
存貨率,I2,資訊電子工業,10810,48.75,％
存貨率,I2,資訊電子工業,10811,47.36,％
存貨率,I2,資訊電子工業,10812,50.08,％
存貨率,I2,資訊電子工業,10901,59.08,％
存貨率,I2,資訊電子工業,10902,64.90,％
存貨率,I2,資訊電子工業,10903,54.83,％
存貨率,I2,資訊電子工業,10904,61.22,％
存貨率,I2,資訊電子工業,10905,64.61,％
存貨率,I2,資訊電子工業,10906,56.26,％
存貨率,I2,資訊電子工業,10907,57.10,％
存貨率,I2,資訊電子工業,10908,52.69,％
存貨率,I2,資訊電子工業,10909,46.78,％
存貨率,I2,資訊電子工業,10910,49.15,％
存貨率,I2,資訊電子工業,10911,46.26,％
存貨率,I2,資訊電子工業,10912,47.82,％
存貨率,I2,資訊電子工業,11001,49.51,％
存貨率,I2,資訊電子工業,11002,57.38,％
存貨率,I2,資訊電子工業,11003,52.17,％
存貨率,I2,資訊電子工業,11004,59.14,％
存貨率,I2,資訊電子工業,11005,61.49,％
存貨率,I2,資訊電子工業,11006,56.09,％
存貨率,I2,資訊電子工業,11007,62.40,％
存貨率,I2,資訊電子工業,11008,63.25,％
存貨率,I2,資訊電子工業,11009,60.13,％
存貨率,I2,資訊電子工業,11010,69.99,％
存貨率,I2,資訊電子工業,11011,68.47,％
存貨率,I2,資訊電子工業,11012,67.81,％
存貨率,I2,資訊電子工業,11101,71.09,％
存貨率,I2,資訊電子工業,11102,81.83,％
存貨率,I2,資訊電子工業,11103,66.63,％
存貨率,I2,資訊電子工業,11104,76.32,％
存貨率,I2,資訊電子工業,11105,73.34,％
存貨率,I2,資訊電子工業,11106,74.14,％
存貨率,I2,資訊電子工業,11107,82.61,％
存貨率,I2,資訊電子工業,11108,80.29,％
存貨率,I2,資訊電子工業,11109,78.38,％
存貨率,I2,資訊電子工業,11110,85.17,％
存貨率,I2,資訊電子工業,11111,86.60,％
存貨率,I2,資訊電子工業,11112,93.77,％
存貨率,I2,資訊電子工業,11201,102.41,％
存貨率,I2,資訊電子工業,11202,112.66,％
存貨率,I2,資訊電子工業,11203,98.21,％
存貨率,I2,資訊電子工業,11204,98.29,％
存貨率,I2,資訊電子工業,11205,83.97,％
存貨率,I2,資訊電子工業,11206,83.10,％
存貨率,I2,資訊電子工業,11207,74.60,％
存貨率,I2,資訊電子工業,11208,71.94,％
存貨率,I2,資訊電子工業,11209,78.11,％
存貨率,I2,資訊電子工業,11210,68.66,％
存貨率,I2,資訊電子工業,11211,77.92,％
存貨率,I2,資訊電子工業,11212,86.42,％
存貨率,I2,資訊電子工業,11301,74.70,％
存貨率,I2,資訊電子工業,11302,91.58,％
存貨率,I2,資訊電子工業,11303,78.70,％
存貨率,I2,資訊電子工業,11304,73.67,％
存貨率,I2,資訊電子工業,11305,73.67,％
存貨率,I2,資訊電子工業,11306,83.54,％
存貨率,I2,資訊電子工業,11307,63.87,％
存貨率,I2,資訊電子工業,11308,65.06,％
存貨率,I2,資訊電子工業,11309,69.08,％
存貨率,I2,資訊電子工業,11310,62.02,％
存貨率,I2,資訊電子工業,11311,68.22,％
存貨率,I2,資訊電子工業,11312,74.40,％
存貨率,I2,資訊電子工業,11401,73.72,％
存貨率,I2,資訊電子工業,11402,68.75,％
存貨率,I2,資訊電子工業,11403,67.57,％
存貨率,I2,資訊電子工業,11404,57.66,％
存貨率,I2,資訊電子工業,11405,54.66,％
存貨率,I2,資訊電子工業,11406,60.07,％
存貨率,I2,資訊電子工業,11407,55.85,％
存貨率,I2,資訊電子工業,11408,62.24,％
存貨率,I2,資訊電子工業,11409,62.44,％
存貨率,I2,資訊電子工業,11410,57.93,％
存貨率,I2,資訊電子工業,11411,57.37,％
存貨率,I2,資訊電子工業,11412,61.98,％
存貨率,I2,資訊電子工業,11501,55.11,％
存貨率,I2,資訊電子工業,11502,67.86,％
存貨率,I2,資訊電子工業,11503,57.14,％
存貨率,I2,資訊電子工業,11504,64.34,％
存貨率,I2,資訊電子工業,11505,66.10,％
存貨率,I2,資訊電子工業,11506,59.76,％
存貨率,26,電子零組件製造業,07101,66.41,％
存貨率,26,電子零組件製造業,07102,53.73,％
存貨率,26,電子零組件製造業,07103,50.93,％
存貨率,26,電子零組件製造業,07104,49.14,％
存貨率,26,電子零組件製造業,07105,51.73,％
存貨率,26,電子零組件製造業,07106,45.06,％
存貨率,26,電子零組件製造業,07107,42.76,％
存貨率,26,電子零組件製造業,07108,46.34,％
存貨率,26,電子零組件製造業,07109,46.46,％
存貨率,26,電子零組件製造業,07110,48.29,％
存貨率,26,電子零組件製造業,07111,51.29,％
存貨率,26,電子零組件製造業,07112,49.17,％
存貨率,26,電子零組件製造業,07201,57.21,％
存貨率,26,電子零組件製造業,07202,62.24,％
存貨率,26,電子零組件製造業,07203,47.30,％
存貨率,26,電子零組件製造業,07204,44.23,％
存貨率,26,電子零組件製造業,07205,42.33,％
存貨率,26,電子零組件製造業,07206,38.56,％
存貨率,26,電子零組件製造業,07207,37.64,％
存貨率,26,電子零組件製造業,07208,35.93,％
存貨率,26,電子零組件製造業,07209,35.65,％
存貨率,26,電子零組件製造業,07210,37.09,％
存貨率,26,電子零組件製造業,07211,38.35,％
存貨率,26,電子零組件製造業,07212,37.28,％
存貨率,26,電子零組件製造業,07301,40.40,％
存貨率,26,電子零組件製造業,07302,45.87,％
存貨率,26,電子零組件製造業,07303,32.68,％
存貨率,26,電子零組件製造業,07304,34.90,％
存貨率,26,電子零組件製造業,07305,33.29,％
存貨率,26,電子零組件製造業,07306,32.00,％
存貨率,26,電子零組件製造業,07307,34.32,％
存貨率,26,電子零組件製造業,07308,33.30,％
存貨率,26,電子零組件製造業,07309,37.52,％
存貨率,26,電子零組件製造業,07310,38.62,％
存貨率,26,電子零組件製造業,07311,37.22,％
存貨率,26,電子零組件製造業,07312,36.84,％
存貨率,26,電子零組件製造業,07401,43.71,％
存貨率,26,電子零組件製造業,07402,57.26,％
存貨率,26,電子零組件製造業,07403,46.47,％
存貨率,26,電子零組件製造業,07404,45.92,％
存貨率,26,電子零組件製造業,07405,50.07,％
存貨率,26,電子零組件製造業,07406,53.97,％
存貨率,26,電子零組件製造業,07407,49.98,％
存貨率,26,電子零組件製造業,07408,48.79,％
存貨率,26,電子零組件製造業,07409,50.13,％
存貨率,26,電子零組件製造業,07410,48.76,％
存貨率,26,電子零組件製造業,07411,44.71,％
存貨率,26,電子零組件製造業,07412,42.32,％
存貨率,26,電子零組件製造業,07501,57.28,％
存貨率,26,電子零組件製造業,07502,59.92,％
存貨率,26,電子零組件製造業,07503,41.41,％
存貨率,26,電子零組件製造業,07504,49.12,％
存貨率,26,電子零組件製造業,07505,42.64,％
存貨率,26,電子零組件製造業,07506,46.70,％
存貨率,26,電子零組件製造業,07507,45.24,％
存貨率,26,電子零組件製造業,07508,44.23,％
存貨率,26,電子零組件製造業,07509,41.57,％
存貨率,26,電子零組件製造業,07510,46.49,％
存貨率,26,電子零組件製造業,07511,48.28,％
存貨率,26,電子零組件製造業,07512,50.60,％
存貨率,26,電子零組件製造業,07601,48.11,％
存貨率,26,電子零組件製造業,07602,50.83,％
存貨率,26,電子零組件製造業,07603,43.37,％
存貨率,26,電子零組件製造業,07604,46.64,％
存貨率,26,電子零組件製造業,07605,45.20,％
存貨率,26,電子零組件製造業,07606,46.84,％
存貨率,26,電子零組件製造業,07607,49.53,％
存貨率,26,電子零組件製造業,07608,47.93,％
存貨率,26,電子零組件製造業,07609,50.66,％
存貨率,26,電子零組件製造業,07610,47.97,％
存貨率,26,電子零組件製造業,07611,46.35,％
存貨率,26,電子零組件製造業,07612,48.40,％
存貨率,26,電子零組件製造業,07701,52.38,％
存貨率,26,電子零組件製造業,07702,61.35,％
存貨率,26,電子零組件製造業,07703,47.52,％
存貨率,26,電子零組件製造業,07704,46.82,％
存貨率,26,電子零組件製造業,07705,45.39,％
存貨率,26,電子零組件製造業,07706,46.31,％
存貨率,26,電子零組件製造業,07707,48.53,％
存貨率,26,電子零組件製造業,07708,47.36,％
存貨率,26,電子零組件製造業,07709,48.35,％
存貨率,26,電子零組件製造業,07710,49.84,％
存貨率,26,電子零組件製造業,07711,47.98,％
存貨率,26,電子零組件製造業,07712,46.50,％
存貨率,26,電子零組件製造業,07801,48.60,％
存貨率,26,電子零組件製造業,07802,60.16,％
存貨率,26,電子零組件製造業,07803,35.21,％
存貨率,26,電子零組件製造業,07804,35.82,％
存貨率,26,電子零組件製造業,07805,37.01,％
存貨率,26,電子零組件製造業,07806,36.66,％
存貨率,26,電子零組件製造業,07807,47.12,％
存貨率,26,電子零組件製造業,07808,44.41,％
存貨率,26,電子零組件製造業,07809,43.51,％
存貨率,26,電子零組件製造業,07810,45.26,％
存貨率,26,電子零組件製造業,07811,45.90,％
存貨率,26,電子零組件製造業,07812,54.81,％
存貨率,26,電子零組件製造業,07901,56.80,％
存貨率,26,電子零組件製造業,07902,54.78,％
存貨率,26,電子零組件製造業,07903,49.78,％
存貨率,26,電子零組件製造業,07904,47.96,％
存貨率,26,電子零組件製造業,07905,50.78,％
存貨率,26,電子零組件製造業,07906,50.55,％
存貨率,26,電子零組件製造業,07907,52.27,％
存貨率,26,電子零組件製造業,07908,53.62,％
存貨率,26,電子零組件製造業,07909,54.19,％
存貨率,26,電子零組件製造業,07910,54.85,％
存貨率,26,電子零組件製造業,07911,55.62,％
存貨率,26,電子零組件製造業,07912,51.24,％
存貨率,26,電子零組件製造業,08001,48.77,％
存貨率,26,電子零組件製造業,08002,64.26,％
存貨率,26,電子零組件製造業,08003,59.65,％
存貨率,26,電子零組件製造業,08004,55.16,％
存貨率,26,電子零組件製造業,08005,56.16,％
存貨率,26,電子零組件製造業,08006,55.18,％
存貨率,26,電子零組件製造業,08007,55.45,％
存貨率,26,電子零組件製造業,08008,53.05,％
存貨率,26,電子零組件製造業,08009,61.24,％
存貨率,26,電子零組件製造業,08010,61.40,％
存貨率,26,電子零組件製造業,08011,56.71,％
存貨率,26,電子零組件製造業,08012,56.82,％
存貨率,26,電子零組件製造業,08101,59.67,％
存貨率,26,電子零組件製造業,08102,68.75,％
存貨率,26,電子零組件製造業,08103,56.72,％
存貨率,26,電子零組件製造業,08104,53.98,％
存貨率,26,電子零組件製造業,08105,56.44,％
存貨率,26,電子零組件製造業,08106,65.50,％
存貨率,26,電子零組件製造業,08107,63.60,％
存貨率,26,電子零組件製造業,08108,64.37,％
存貨率,26,電子零組件製造業,08109,61.77,％
存貨率,26,電子零組件製造業,08110,63.31,％
存貨率,26,電子零組件製造業,08111,61.59,％
存貨率,26,電子零組件製造業,08112,62.05,％
存貨率,26,電子零組件製造業,08201,79.52,％
存貨率,26,電子零組件製造業,08202,64.55,％
存貨率,26,電子零組件製造業,08203,56.35,％
存貨率,26,電子零組件製造業,08204,58.69,％
存貨率,26,電子零組件製造業,08205,60.03,％
存貨率,26,電子零組件製造業,08206,59.22,％
存貨率,26,電子零組件製造業,08207,57.86,％
存貨率,26,電子零組件製造業,08208,54.94,％
存貨率,26,電子零組件製造業,08209,55.02,％
存貨率,26,電子零組件製造業,08210,55.71,％
存貨率,26,電子零組件製造業,08211,53.86,％
存貨率,26,電子零組件製造業,08212,55.95,％
存貨率,26,電子零組件製造業,08301,58.89,％
存貨率,26,電子零組件製造業,08302,68.99,％
存貨率,26,電子零組件製造業,08303,47.26,％
存貨率,26,電子零組件製造業,08304,50.83,％
存貨率,26,電子零組件製造業,08305,52.06,％
存貨率,26,電子零組件製造業,08306,49.64,％
存貨率,26,電子零組件製造業,08307,54.49,％
存貨率,26,電子零組件製造業,08308,55.10,％
存貨率,26,電子零組件製造業,08309,52.93,％
存貨率,26,電子零組件製造業,08310,54.16,％
存貨率,26,電子零組件製造業,08311,51.04,％
存貨率,26,電子零組件製造業,08312,51.71,％
存貨率,26,電子零組件製造業,08401,58.49,％
存貨率,26,電子零組件製造業,08402,64.30,％
存貨率,26,電子零組件製造業,08403,46.84,％
存貨率,26,電子零組件製造業,08404,48.50,％
存貨率,26,電子零組件製造業,08405,47.11,％
存貨率,26,電子零組件製造業,08406,46.13,％
存貨率,26,電子零組件製造業,08407,46.39,％
存貨率,26,電子零組件製造業,08408,50.11,％
存貨率,26,電子零組件製造業,08409,49.11,％
存貨率,26,電子零組件製造業,08410,51.24,％
存貨率,26,電子零組件製造業,08411,50.65,％
存貨率,26,電子零組件製造業,08412,55.18,％
存貨率,26,電子零組件製造業,08501,67.06,％
存貨率,26,電子零組件製造業,08502,75.98,％
存貨率,26,電子零組件製造業,08503,59.48,％
存貨率,26,電子零組件製造業,08504,62.86,％
存貨率,26,電子零組件製造業,08505,63.58,％
存貨率,26,電子零組件製造業,08506,72.75,％
存貨率,26,電子零組件製造業,08507,73.14,％
存貨率,26,電子零組件製造業,08508,66.96,％
存貨率,26,電子零組件製造業,08509,60.46,％
存貨率,26,電子零組件製造業,08510,58.84,％
存貨率,26,電子零組件製造業,08511,56.50,％
存貨率,26,電子零組件製造業,08512,59.48,％
存貨率,26,電子零組件製造業,08601,60.60,％
存貨率,26,電子零組件製造業,08602,71.20,％
存貨率,26,電子零組件製造業,08603,55.26,％
存貨率,26,電子零組件製造業,08604,61.68,％
存貨率,26,電子零組件製造業,08605,62.09,％
存貨率,26,電子零組件製造業,08606,60.13,％
存貨率,26,電子零組件製造業,08607,59.62,％
存貨率,26,電子零組件製造業,08608,56.34,％
存貨率,26,電子零組件製造業,08609,51.34,％
存貨率,26,電子零組件製造業,08610,50.38,％
存貨率,26,電子零組件製造業,08611,50.59,％
存貨率,26,電子零組件製造業,08612,51.19,％
存貨率,26,電子零組件製造業,08701,61.24,％
存貨率,26,電子零組件製造業,08702,57.19,％
存貨率,26,電子零組件製造業,08703,54.99,％
存貨率,26,電子零組件製造業,08704,63.93,％
存貨率,26,電子零組件製造業,08705,69.97,％
存貨率,26,電子零組件製造業,08706,66.75,％
存貨率,26,電子零組件製造業,08707,63.89,％
存貨率,26,電子零組件製造業,08708,59.78,％
存貨率,26,電子零組件製造業,08709,53.58,％
存貨率,26,電子零組件製造業,08710,54.65,％
存貨率,26,電子零組件製造業,08711,57.91,％
存貨率,26,電子零組件製造業,08712,53.75,％
存貨率,26,電子零組件製造業,08801,64.48,％
存貨率,26,電子零組件製造業,08802,66.08,％
存貨率,26,電子零組件製造業,08803,57.37,％
存貨率,26,電子零組件製造業,08804,62.36,％
存貨率,26,電子零組件製造業,08805,61.99,％
存貨率,26,電子零組件製造業,08806,59.23,％
存貨率,26,電子零組件製造業,08807,60.85,％
存貨率,26,電子零組件製造業,08808,57.17,％
存貨率,26,電子零組件製造業,08809,55.44,％
存貨率,26,電子零組件製造業,08810,49.69,％
存貨率,26,電子零組件製造業,08811,52.11,％
存貨率,26,電子零組件製造業,08812,49.69,％
存貨率,26,電子零組件製造業,08901,55.23,％
存貨率,26,電子零組件製造業,08902,59.35,％
存貨率,26,電子零組件製造業,08903,47.04,％
存貨率,26,電子零組件製造業,08904,52.68,％
存貨率,26,電子零組件製造業,08905,51.17,％
存貨率,26,電子零組件製造業,08906,51.89,％
存貨率,26,電子零組件製造業,08907,51.66,％
存貨率,26,電子零組件製造業,08908,52.36,％
存貨率,26,電子零組件製造業,08909,49.15,％
存貨率,26,電子零組件製造業,08910,53.21,％
存貨率,26,電子零組件製造業,08911,56.33,％
存貨率,26,電子零組件製造業,08912,67.97,％
存貨率,26,電子零組件製造業,09001,75.54,％
存貨率,26,電子零組件製造業,09002,73.02,％
存貨率,26,電子零組件製造業,09003,65.25,％
存貨率,26,電子零組件製造業,09004,79.53,％
存貨率,26,電子零組件製造業,09005,85.99,％
存貨率,26,電子零組件製造業,09006,90.58,％
存貨率,26,電子零組件製造業,09007,87.39,％
存貨率,26,電子零組件製造業,09008,75.62,％
存貨率,26,電子零組件製造業,09009,74.45,％
存貨率,26,電子零組件製造業,09010,67.63,％
存貨率,26,電子零組件製造業,09011,64.35,％
存貨率,26,電子零組件製造業,09012,66.58,％
存貨率,26,電子零組件製造業,09101,60.43,％
存貨率,26,電子零組件製造業,09102,64.85,％
存貨率,26,電子零組件製造業,09103,54.13,％
存貨率,26,電子零組件製造業,09104,52.05,％
存貨率,26,電子零組件製造業,09105,53.53,％
存貨率,26,電子零組件製造業,09106,55.52,％
存貨率,26,電子零組件製造業,09107,62.05,％
存貨率,26,電子零組件製造業,09108,64.05,％
存貨率,26,電子零組件製造業,09109,61.03,％
存貨率,26,電子零組件製造業,09110,51.42,％
存貨率,26,電子零組件製造業,09111,52.16,％
存貨率,26,電子零組件製造業,09112,57.24,％
存貨率,26,電子零組件製造業,09201,60.57,％
存貨率,26,電子零組件製造業,09202,68.48,％
存貨率,26,電子零組件製造業,09203,53.92,％
存貨率,26,電子零組件製造業,09204,53.23,％
存貨率,26,電子零組件製造業,09205,54.64,％
存貨率,26,電子零組件製造業,09206,54.19,％
存貨率,26,電子零組件製造業,09207,53.62,％
存貨率,26,電子零組件製造業,09208,50.03,％
存貨率,26,電子零組件製造業,09209,45.89,％
存貨率,26,電子零組件製造業,09210,42.27,％
存貨率,26,電子零組件製造業,09211,43.86,％
存貨率,26,電子零組件製造業,09212,44.32,％
存貨率,26,電子零組件製造業,09301,51.65,％
存貨率,26,電子零組件製造業,09302,47.63,％
存貨率,26,電子零組件製造業,09303,45.89,％
存貨率,26,電子零組件製造業,09304,47.19,％
存貨率,26,電子零組件製造業,09305,47.56,％
存貨率,26,電子零組件製造業,09306,49.23,％
存貨率,26,電子零組件製造業,09307,52.57,％
存貨率,26,電子零組件製造業,09308,55.48,％
存貨率,26,電子零組件製造業,09309,52.35,％
存貨率,26,電子零組件製造業,09310,53.49,％
存貨率,26,電子零組件製造業,09311,58.28,％
存貨率,26,電子零組件製造業,09312,60.65,％
存貨率,26,電子零組件製造業,09401,58.17,％
存貨率,26,電子零組件製造業,09402,68.43,％
存貨率,26,電子零組件製造業,09403,54.28,％
存貨率,26,電子零組件製造業,09404,53.04,％
存貨率,26,電子零組件製造業,09405,51.56,％
存貨率,26,電子零組件製造業,09406,50.30,％
存貨率,26,電子零組件製造業,09407,47.82,％
存貨率,26,電子零組件製造業,09408,43.28,％
存貨率,26,電子零組件製造業,09409,40.68,％
存貨率,26,電子零組件製造業,09410,40.81,％
存貨率,26,電子零組件製造業,09411,41.20,％
存貨率,26,電子零組件製造業,09412,45.73,％
存貨率,26,電子零組件製造業,09501,51.77,％
存貨率,26,電子零組件製造業,09502,59.19,％
存貨率,26,電子零組件製造業,09503,51.94,％
存貨率,26,電子零組件製造業,09504,53.77,％
存貨率,26,電子零組件製造業,09505,57.08,％
存貨率,26,電子零組件製造業,09506,58.20,％
存貨率,26,電子零組件製造業,09507,56.26,％
存貨率,26,電子零組件製造業,09508,49.57,％
存貨率,26,電子零組件製造業,09509,45.44,％
存貨率,26,電子零組件製造業,09510,48.56,％
存貨率,26,電子零組件製造業,09511,48.78,％
存貨率,26,電子零組件製造業,09512,56.41,％
存貨率,26,電子零組件製造業,09601,58.75,％
存貨率,26,電子零組件製造業,09602,66.92,％
存貨率,26,電子零組件製造業,09603,54.18,％
存貨率,26,電子零組件製造業,09604,55.42,％
存貨率,26,電子零組件製造業,09605,52.46,％
存貨率,26,電子零組件製造業,09606,53.63,％
存貨率,26,電子零組件製造業,09607,49.35,％
存貨率,26,電子零組件製造業,09608,47.01,％
存貨率,26,電子零組件製造業,09609,43.12,％
存貨率,26,電子零組件製造業,09610,42.53,％
存貨率,26,電子零組件製造業,09611,44.93,％
存貨率,26,電子零組件製造業,09612,52.10,％
存貨率,26,電子零組件製造業,09701,52.55,％
存貨率,26,電子零組件製造業,09702,58.54,％
存貨率,26,電子零組件製造業,09703,51.72,％
存貨率,26,電子零組件製造業,09704,48.52,％
存貨率,26,電子零組件製造業,09705,51.05,％
存貨率,26,電子零組件製造業,09706,54.80,％
存貨率,26,電子零組件製造業,09707,54.53,％
存貨率,26,電子零組件製造業,09708,53.04,％
存貨率,26,電子零組件製造業,09709,53.99,％
存貨率,26,電子零組件製造業,09710,59.36,％
存貨率,26,電子零組件製造業,09711,95.07,％
存貨率,26,電子零組件製造業,09712,107.76,％
存貨率,26,電子零組件製造業,09801,111.15,％
存貨率,26,電子零組件製造業,09802,85.56,％
存貨率,26,電子零組件製造業,09803,64.39,％
存貨率,26,電子零組件製造業,09804,52.99,％
存貨率,26,電子零組件製造業,09805,54.30,％
存貨率,26,電子零組件製造業,09806,52.23,％
存貨率,26,電子零組件製造業,09807,46.24,％
存貨率,26,電子零組件製造業,09808,44.38,％
存貨率,26,電子零組件製造業,09809,42.60,％
存貨率,26,電子零組件製造業,09810,47.39,％
存貨率,26,電子零組件製造業,09811,49.41,％
存貨率,26,電子零組件製造業,09812,48.26,％
存貨率,26,電子零組件製造業,09901,44.00,％
存貨率,26,電子零組件製造業,09902,51.73,％
存貨率,26,電子零組件製造業,09903,43.88,％
存貨率,26,電子零組件製造業,09904,43.82,％
存貨率,26,電子零組件製造業,09905,47.47,％
存貨率,26,電子零組件製造業,09906,50.64,％
存貨率,26,電子零組件製造業,09907,52.82,％
存貨率,26,電子零組件製造業,09908,53.59,％
存貨率,26,電子零組件製造業,09909,54.60,％
存貨率,26,電子零組件製造業,09910,55.23,％
存貨率,26,電子零組件製造業,09911,53.03,％
存貨率,26,電子零組件製造業,09912,55.79,％
存貨率,26,電子零組件製造業,10001,58.90,％
存貨率,26,電子零組件製造業,10002,71.20,％
存貨率,26,電子零組件製造業,10003,56.92,％
存貨率,26,電子零組件製造業,10004,56.92,％
存貨率,26,電子零組件製造業,10005,59.98,％
存貨率,26,電子零組件製造業,10006,62.23,％
存貨率,26,電子零組件製造業,10007,63.29,％
存貨率,26,電子零組件製造業,10008,60.88,％
存貨率,26,電子零組件製造業,10009,58.00,％
存貨率,26,電子零組件製造業,10010,61.34,％
存貨率,26,電子零組件製造業,10011,60.80,％
存貨率,26,電子零組件製造業,10012,64.50,％
存貨率,26,電子零組件製造業,10101,70.25,％
存貨率,26,電子零組件製造業,10102,62.38,％
存貨率,26,電子零組件製造業,10103,54.54,％
存貨率,26,電子零組件製造業,10104,53.83,％
存貨率,26,電子零組件製造業,10105,53.66,％
存貨率,26,電子零組件製造業,10106,53.67,％
存貨率,26,電子零組件製造業,10107,55.14,％
存貨率,26,電子零組件製造業,10108,52.72,％
存貨率,26,電子零組件製造業,10109,51.88,％
存貨率,26,電子零組件製造業,10110,52.43,％
存貨率,26,電子零組件製造業,10111,53.77,％
存貨率,26,電子零組件製造業,10112,58.71,％
存貨率,26,電子零組件製造業,10201,54.58,％
存貨率,26,電子零組件製造業,10202,74.75,％
存貨率,26,電子零組件製造業,10203,59.09,％
存貨率,26,電子零組件製造業,10204,53.68,％
存貨率,26,電子零組件製造業,10205,52.83,％
存貨率,26,電子零組件製造業,10206,55.94,％
存貨率,26,電子零組件製造業,10207,60.11,％
存貨率,26,電子零組件製造業,10208,57.13,％
存貨率,26,電子零組件製造業,10209,56.23,％
存貨率,26,電子零組件製造業,10210,54.37,％
存貨率,26,電子零組件製造業,10211,54.50,％
存貨率,26,電子零組件製造業,10212,55.45,％
存貨率,26,電子零組件製造業,10301,54.47,％
存貨率,26,電子零組件製造業,10302,60.51,％
存貨率,26,電子零組件製造業,10303,51.27,％
存貨率,26,電子零組件製造業,10304,49.76,％
存貨率,26,電子零組件製造業,10305,48.15,％
存貨率,26,電子零組件製造業,10306,51.97,％
存貨率,26,電子零組件製造業,10307,50.11,％
存貨率,26,電子零組件製造業,10308,51.88,％
存貨率,26,電子零組件製造業,10309,48.62,％
存貨率,26,電子零組件製造業,10310,47.29,％
存貨率,26,電子零組件製造業,10311,52.79,％
存貨率,26,電子零組件製造業,10312,58.51,％
存貨率,26,電子零組件製造業,10401,54.10,％
存貨率,26,電子零組件製造業,10402,66.67,％
存貨率,26,電子零組件製造業,10403,60.20,％
存貨率,26,電子零組件製造業,10404,60.94,％
存貨率,26,電子零組件製造業,10405,61.16,％
存貨率,26,電子零組件製造業,10406,65.68,％
存貨率,26,電子零組件製造業,10407,58.73,％
存貨率,26,電子零組件製造業,10408,62.45,％
存貨率,26,電子零組件製造業,10409,62.49,％
存貨率,26,電子零組件製造業,10410,53.76,％
存貨率,26,電子零組件製造業,10411,57.83,％
存貨率,26,電子零組件製造業,10412,65.46,％
存貨率,26,電子零組件製造業,10501,56.97,％
存貨率,26,電子零組件製造業,10502,64.86,％
存貨率,26,電子零組件製造業,10503,52.69,％
存貨率,26,電子零組件製造業,10504,53.67,％
存貨率,26,電子零組件製造業,10505,51.16,％
存貨率,26,電子零組件製造業,10506,49.65,％
存貨率,26,電子零組件製造業,10507,50.55,％
存貨率,26,電子零組件製造業,10508,42.90,％
存貨率,26,電子零組件製造業,10509,49.05,％
存貨率,26,電子零組件製造業,10510,46.37,％
存貨率,26,電子零組件製造業,10511,45.31,％
存貨率,26,電子零組件製造業,10512,50.18,％
存貨率,26,電子零組件製造業,10601,52.66,％
存貨率,26,電子零組件製造業,10602,56.44,％
存貨率,26,電子零組件製造業,10603,47.49,％
存貨率,26,電子零組件製造業,10604,55.59,％
存貨率,26,電子零組件製造業,10605,52.14,％
存貨率,26,電子零組件製造業,10606,48.10,％
存貨率,26,電子零組件製造業,10607,52.64,％
存貨率,26,電子零組件製造業,10608,45.90,％
存貨率,26,電子零組件製造業,10609,45.99,％
存貨率,26,電子零組件製造業,10610,44.88,％
存貨率,26,電子零組件製造業,10611,44.14,％
存貨率,26,電子零組件製造業,10612,49.55,％
存貨率,26,電子零組件製造業,10701,49.63,％
存貨率,26,電子零組件製造業,10702,64.10,％
存貨率,26,電子零組件製造業,10703,49.36,％
存貨率,26,電子零組件製造業,10704,55.77,％
存貨率,26,電子零組件製造業,10705,53.75,％
存貨率,26,電子零組件製造業,10706,54.42,％
存貨率,26,電子零組件製造業,10707,53.86,％
存貨率,26,電子零組件製造業,10708,46.88,％
存貨率,26,電子零組件製造業,10709,47.11,％
存貨率,26,電子零組件製造業,10710,47.69,％
存貨率,26,電子零組件製造業,10711,52.07,％
存貨率,26,電子零組件製造業,10712,56.58,％
存貨率,26,電子零組件製造業,10801,60.71,％
存貨率,26,電子零組件製造業,10802,72.86,％
存貨率,26,電子零組件製造業,10803,56.31,％
存貨率,26,電子零組件製造業,10804,59.79,％
存貨率,26,電子零組件製造業,10805,57.25,％
存貨率,26,電子零組件製造業,10806,56.02,％
存貨率,26,電子零組件製造業,10807,55.58,％
存貨率,26,電子零組件製造業,10808,47.62,％
存貨率,26,電子零組件製造業,10809,47.69,％
存貨率,26,電子零組件製造業,10810,45.60,％
存貨率,26,電子零組件製造業,10811,44.43,％
存貨率,26,電子零組件製造業,10812,47.25,％
存貨率,26,電子零組件製造業,10901,55.18,％
存貨率,26,電子零組件製造業,10902,61.20,％
存貨率,26,電子零組件製造業,10903,51.53,％
存貨率,26,電子零組件製造業,10904,57.98,％
存貨率,26,電子零組件製造業,10905,61.29,％
存貨率,26,電子零組件製造業,10906,53.26,％
存貨率,26,電子零組件製造業,10907,55.15,％
存貨率,26,電子零組件製造業,10908,49.46,％
存貨率,26,電子零組件製造業,10909,44.47,％
存貨率,26,電子零組件製造業,10910,46.51,％
存貨率,26,電子零組件製造業,10911,43.44,％
存貨率,26,電子零組件製造業,10912,45.41,％
存貨率,26,電子零組件製造業,11001,44.97,％
存貨率,26,電子零組件製造業,11002,52.72,％
存貨率,26,電子零組件製造業,11003,50.34,％
存貨率,26,電子零組件製造業,11004,57.53,％
存貨率,26,電子零組件製造業,11005,59.98,％
存貨率,26,電子零組件製造業,11006,53.86,％
存貨率,26,電子零組件製造業,11007,60.52,％
存貨率,26,電子零組件製造業,11008,61.42,％
存貨率,26,電子零組件製造業,11009,58.36,％
存貨率,26,電子零組件製造業,11010,68.73,％
存貨率,26,電子零組件製造業,11011,68.37,％
存貨率,26,電子零組件製造業,11012,67.75,％
存貨率,26,電子零組件製造業,11101,70.88,％
存貨率,26,電子零組件製造業,11102,80.25,％
存貨率,26,電子零組件製造業,11103,67.22,％
存貨率,26,電子零組件製造業,11104,74.89,％
存貨率,26,電子零組件製造業,11105,72.58,％
存貨率,26,電子零組件製造業,11106,74.41,％
存貨率,26,電子零組件製造業,11107,84.11,％
存貨率,26,電子零組件製造業,11108,81.16,％
存貨率,26,電子零組件製造業,11109,79.05,％
存貨率,26,電子零組件製造業,11110,87.59,％
存貨率,26,電子零組件製造業,11111,87.49,％
存貨率,26,電子零組件製造業,11112,94.41,％
存貨率,26,電子零組件製造業,11201,101.38,％
存貨率,26,電子零組件製造業,11202,115.13,％
存貨率,26,電子零組件製造業,11203,102.19,％
存貨率,26,電子零組件製造業,11204,97.83,％
存貨率,26,電子零組件製造業,11205,81.19,％
存貨率,26,電子零組件製造業,11206,82.48,％
存貨率,26,電子零組件製造業,11207,75.06,％
存貨率,26,電子零組件製造業,11208,72.65,％
存貨率,26,電子零組件製造業,11209,79.52,％
存貨率,26,電子零組件製造業,11210,68.37,％
存貨率,26,電子零組件製造業,11211,77.78,％
存貨率,26,電子零組件製造業,11212,86.52,％
存貨率,26,電子零組件製造業,11301,71.79,％
存貨率,26,電子零組件製造業,11302,88.39,％
存貨率,26,電子零組件製造業,11303,79.86,％
存貨率,26,電子零組件製造業,11304,67.75,％
存貨率,26,電子零組件製造業,11305,69.40,％
存貨率,26,電子零組件製造業,11306,79.73,％
存貨率,26,電子零組件製造業,11307,63.04,％
存貨率,26,電子零組件製造業,11308,65.88,％
存貨率,26,電子零組件製造業,11309,73.04,％
存貨率,26,電子零組件製造業,11310,59.75,％
存貨率,26,電子零組件製造業,11311,66.02,％
存貨率,26,電子零組件製造業,11312,76.62,％
存貨率,26,電子零組件製造業,11401,73.01,％
存貨率,26,電子零組件製造業,11402,69.12,％
存貨率,26,電子零組件製造業,11403,66.59,％
存貨率,26,電子零組件製造業,11404,57.36,％
存貨率,26,電子零組件製造業,11405,59.95,％
存貨率,26,電子零組件製造業,11406,67.92,％
存貨率,26,電子零組件製造業,11407,59.25,％
存貨率,26,電子零組件製造業,11408,62.87,％
存貨率,26,電子零組件製造業,11409,65.61,％
存貨率,26,電子零組件製造業,11410,58.39,％
存貨率,26,電子零組件製造業,11411,65.12,％
存貨率,26,電子零組件製造業,11412,75.11,％
存貨率,26,電子零組件製造業,11501,62.31,％
存貨率,26,電子零組件製造業,11502,79.40,％
存貨率,26,電子零組件製造業,11503,69.12,％
存貨率,26,電子零組件製造業,11504,72.29,％
存貨率,26,電子零組件製造業,11505,75.95,％
存貨率,26,電子零組件製造業,11506,68.26,％
存貨率,27,電腦、電子產品及光學製品製造業,07101,68.94,％
存貨率,27,電腦、電子產品及光學製品製造業,07102,62.20,％
存貨率,27,電腦、電子產品及光學製品製造業,07103,65.65,％
存貨率,27,電腦、電子產品及光學製品製造業,07104,61.28,％
存貨率,27,電腦、電子產品及光學製品製造業,07105,59.85,％
存貨率,27,電腦、電子產品及光學製品製造業,07106,59.10,％
存貨率,27,電腦、電子產品及光學製品製造業,07107,56.49,％
存貨率,27,電腦、電子產品及光學製品製造業,07108,51.41,％
存貨率,27,電腦、電子產品及光學製品製造業,07109,50.72,％
存貨率,27,電腦、電子產品及光學製品製造業,07110,52.17,％
存貨率,27,電腦、電子產品及光學製品製造業,07111,54.74,％
存貨率,27,電腦、電子產品及光學製品製造業,07112,55.14,％
存貨率,27,電腦、電子產品及光學製品製造業,07201,66.34,％
存貨率,27,電腦、電子產品及光學製品製造業,07202,69.99,％
存貨率,27,電腦、電子產品及光學製品製造業,07203,53.23,％
存貨率,27,電腦、電子產品及光學製品製造業,07204,46.45,％
存貨率,27,電腦、電子產品及光學製品製造業,07205,50.54,％
存貨率,27,電腦、電子產品及光學製品製造業,07206,45.46,％
存貨率,27,電腦、電子產品及光學製品製造業,07207,47.97,％
存貨率,27,電腦、電子產品及光學製品製造業,07208,41.33,％
存貨率,27,電腦、電子產品及光學製品製造業,07209,41.40,％
存貨率,27,電腦、電子產品及光學製品製造業,07210,43.30,％
存貨率,27,電腦、電子產品及光學製品製造業,07211,41.62,％
存貨率,27,電腦、電子產品及光學製品製造業,07212,42.86,％
存貨率,27,電腦、電子產品及光學製品製造業,07301,46.40,％
存貨率,27,電腦、電子產品及光學製品製造業,07302,63.23,％
存貨率,27,電腦、電子產品及光學製品製造業,07303,45.97,％
存貨率,27,電腦、電子產品及光學製品製造業,07304,51.43,％
存貨率,27,電腦、電子產品及光學製品製造業,07305,47.12,％
存貨率,27,電腦、電子產品及光學製品製造業,07306,48.19,％
存貨率,27,電腦、電子產品及光學製品製造業,07307,52.61,％
存貨率,27,電腦、電子產品及光學製品製造業,07308,49.46,％
存貨率,27,電腦、電子產品及光學製品製造業,07309,46.50,％
存貨率,27,電腦、電子產品及光學製品製造業,07310,55.64,％
存貨率,27,電腦、電子產品及光學製品製造業,07311,50.93,％
存貨率,27,電腦、電子產品及光學製品製造業,07312,44.21,％
存貨率,27,電腦、電子產品及光學製品製造業,07401,53.01,％
存貨率,27,電腦、電子產品及光學製品製造業,07402,64.54,％
存貨率,27,電腦、電子產品及光學製品製造業,07403,57.94,％
存貨率,27,電腦、電子產品及光學製品製造業,07404,63.51,％
存貨率,27,電腦、電子產品及光學製品製造業,07405,66.65,％
存貨率,27,電腦、電子產品及光學製品製造業,07406,71.28,％
存貨率,27,電腦、電子產品及光學製品製造業,07407,69.95,％
存貨率,27,電腦、電子產品及光學製品製造業,07408,70.16,％
存貨率,27,電腦、電子產品及光學製品製造業,07409,61.49,％
存貨率,27,電腦、電子產品及光學製品製造業,07410,60.93,％
存貨率,27,電腦、電子產品及光學製品製造業,07411,59.91,％
存貨率,27,電腦、電子產品及光學製品製造業,07412,51.99,％
存貨率,27,電腦、電子產品及光學製品製造業,07501,48.38,％
存貨率,27,電腦、電子產品及光學製品製造業,07502,70.15,％
存貨率,27,電腦、電子產品及光學製品製造業,07503,41.44,％
存貨率,27,電腦、電子產品及光學製品製造業,07504,48.72,％
存貨率,27,電腦、電子產品及光學製品製造業,07505,55.66,％
存貨率,27,電腦、電子產品及光學製品製造業,07506,48.26,％
存貨率,27,電腦、電子產品及光學製品製造業,07507,47.79,％
存貨率,27,電腦、電子產品及光學製品製造業,07508,40.92,％
存貨率,27,電腦、電子產品及光學製品製造業,07509,41.32,％
存貨率,27,電腦、電子產品及光學製品製造業,07510,38.86,％
存貨率,27,電腦、電子產品及光學製品製造業,07511,41.30,％
存貨率,27,電腦、電子產品及光學製品製造業,07512,42.94,％
存貨率,27,電腦、電子產品及光學製品製造業,07601,44.61,％
存貨率,27,電腦、電子產品及光學製品製造業,07602,45.11,％
存貨率,27,電腦、電子產品及光學製品製造業,07603,39.93,％
存貨率,27,電腦、電子產品及光學製品製造業,07604,38.52,％
存貨率,27,電腦、電子產品及光學製品製造業,07605,38.59,％
存貨率,27,電腦、電子產品及光學製品製造業,07606,39.26,％
存貨率,27,電腦、電子產品及光學製品製造業,07607,38.06,％
存貨率,27,電腦、電子產品及光學製品製造業,07608,34.53,％
存貨率,27,電腦、電子產品及光學製品製造業,07609,36.38,％
存貨率,27,電腦、電子產品及光學製品製造業,07610,36.63,％
存貨率,27,電腦、電子產品及光學製品製造業,07611,38.34,％
存貨率,27,電腦、電子產品及光學製品製造業,07612,43.31,％
存貨率,27,電腦、電子產品及光學製品製造業,07701,45.24,％
存貨率,27,電腦、電子產品及光學製品製造業,07702,49.95,％
存貨率,27,電腦、電子產品及光學製品製造業,07703,45.85,％
存貨率,27,電腦、電子產品及光學製品製造業,07704,46.07,％
存貨率,27,電腦、電子產品及光學製品製造業,07705,46.13,％
存貨率,27,電腦、電子產品及光學製品製造業,07706,42.40,％
存貨率,27,電腦、電子產品及光學製品製造業,07707,47.08,％
存貨率,27,電腦、電子產品及光學製品製造業,07708,47.26,％
存貨率,27,電腦、電子產品及光學製品製造業,07709,47.01,％
存貨率,27,電腦、電子產品及光學製品製造業,07710,49.03,％
存貨率,27,電腦、電子產品及光學製品製造業,07711,48.40,％
存貨率,27,電腦、電子產品及光學製品製造業,07712,54.40,％
存貨率,27,電腦、電子產品及光學製品製造業,07801,61.80,％
存貨率,27,電腦、電子產品及光學製品製造業,07802,75.14,％
存貨率,27,電腦、電子產品及光學製品製造業,07803,58.02,％
存貨率,27,電腦、電子產品及光學製品製造業,07804,56.62,％
存貨率,27,電腦、電子產品及光學製品製造業,07805,59.68,％
存貨率,27,電腦、電子產品及光學製品製造業,07806,55.47,％
存貨率,27,電腦、電子產品及光學製品製造業,07807,63.00,％
存貨率,27,電腦、電子產品及光學製品製造業,07808,60.88,％
存貨率,27,電腦、電子產品及光學製品製造業,07809,59.85,％
存貨率,27,電腦、電子產品及光學製品製造業,07810,62.18,％
存貨率,27,電腦、電子產品及光學製品製造業,07811,58.52,％
存貨率,27,電腦、電子產品及光學製品製造業,07812,60.52,％
存貨率,27,電腦、電子產品及光學製品製造業,07901,70.80,％
存貨率,27,電腦、電子產品及光學製品製造業,07902,74.96,％
存貨率,27,電腦、電子產品及光學製品製造業,07903,53.91,％
存貨率,27,電腦、電子產品及光學製品製造業,07904,57.84,％
存貨率,27,電腦、電子產品及光學製品製造業,07905,60.97,％
存貨率,27,電腦、電子產品及光學製品製造業,07906,56.88,％
存貨率,27,電腦、電子產品及光學製品製造業,07907,61.08,％
存貨率,27,電腦、電子產品及光學製品製造業,07908,57.81,％
存貨率,27,電腦、電子產品及光學製品製造業,07909,58.24,％
存貨率,27,電腦、電子產品及光學製品製造業,07910,61.45,％
存貨率,27,電腦、電子產品及光學製品製造業,07911,52.21,％
存貨率,27,電腦、電子產品及光學製品製造業,07912,55.14,％
存貨率,27,電腦、電子產品及光學製品製造業,08001,64.96,％
存貨率,27,電腦、電子產品及光學製品製造業,08002,70.27,％
存貨率,27,電腦、電子產品及光學製品製造業,08003,58.53,％
存貨率,27,電腦、電子產品及光學製品製造業,08004,62.26,％
存貨率,27,電腦、電子產品及光學製品製造業,08005,61.78,％
存貨率,27,電腦、電子產品及光學製品製造業,08006,62.99,％
存貨率,27,電腦、電子產品及光學製品製造業,08007,62.58,％
存貨率,27,電腦、電子產品及光學製品製造業,08008,57.34,％
存貨率,27,電腦、電子產品及光學製品製造業,08009,69.05,％
存貨率,27,電腦、電子產品及光學製品製造業,08010,57.25,％
存貨率,27,電腦、電子產品及光學製品製造業,08011,55.22,％
存貨率,27,電腦、電子產品及光學製品製造業,08012,59.07,％
存貨率,27,電腦、電子產品及光學製品製造業,08101,67.52,％
存貨率,27,電腦、電子產品及光學製品製造業,08102,86.34,％
存貨率,27,電腦、電子產品及光學製品製造業,08103,68.05,％
存貨率,27,電腦、電子產品及光學製品製造業,08104,71.75,％
存貨率,27,電腦、電子產品及光學製品製造業,08105,62.36,％
存貨率,27,電腦、電子產品及光學製品製造業,08106,64.69,％
存貨率,27,電腦、電子產品及光學製品製造業,08107,67.21,％
存貨率,27,電腦、電子產品及光學製品製造業,08108,67.12,％
存貨率,27,電腦、電子產品及光學製品製造業,08109,68.85,％
存貨率,27,電腦、電子產品及光學製品製造業,08110,61.23,％
存貨率,27,電腦、電子產品及光學製品製造業,08111,61.15,％
存貨率,27,電腦、電子產品及光學製品製造業,08112,54.78,％
存貨率,27,電腦、電子產品及光學製品製造業,08201,66.58,％
存貨率,27,電腦、電子產品及光學製品製造業,08202,56.28,％
存貨率,27,電腦、電子產品及光學製品製造業,08203,50.58,％
存貨率,27,電腦、電子產品及光學製品製造業,08204,50.19,％
存貨率,27,電腦、電子產品及光學製品製造業,08205,51.58,％
存貨率,27,電腦、電子產品及光學製品製造業,08206,57.02,％
存貨率,27,電腦、電子產品及光學製品製造業,08207,57.92,％
存貨率,27,電腦、電子產品及光學製品製造業,08208,58.77,％
存貨率,27,電腦、電子產品及光學製品製造業,08209,59.53,％
存貨率,27,電腦、電子產品及光學製品製造業,08210,56.24,％
存貨率,27,電腦、電子產品及光學製品製造業,08211,66.88,％
存貨率,27,電腦、電子產品及光學製品製造業,08212,52.78,％
存貨率,27,電腦、電子產品及光學製品製造業,08301,55.61,％
存貨率,27,電腦、電子產品及光學製品製造業,08302,57.39,％
存貨率,27,電腦、電子產品及光學製品製造業,08303,47.69,％
存貨率,27,電腦、電子產品及光學製品製造業,08304,50.92,％
存貨率,27,電腦、電子產品及光學製品製造業,08305,59.05,％
存貨率,27,電腦、電子產品及光學製品製造業,08306,59.44,％
存貨率,27,電腦、電子產品及光學製品製造業,08307,53.78,％
存貨率,27,電腦、電子產品及光學製品製造業,08308,52.34,％
存貨率,27,電腦、電子產品及光學製品製造業,08309,49.54,％
存貨率,27,電腦、電子產品及光學製品製造業,08310,46.36,％
存貨率,27,電腦、電子產品及光學製品製造業,08311,46.96,％
存貨率,27,電腦、電子產品及光學製品製造業,08312,44.05,％
存貨率,27,電腦、電子產品及光學製品製造業,08401,46.16,％
存貨率,27,電腦、電子產品及光學製品製造業,08402,46.38,％
存貨率,27,電腦、電子產品及光學製品製造業,08403,36.52,％
存貨率,27,電腦、電子產品及光學製品製造業,08404,45.53,％
存貨率,27,電腦、電子產品及光學製品製造業,08405,44.89,％
存貨率,27,電腦、電子產品及光學製品製造業,08406,44.38,％
存貨率,27,電腦、電子產品及光學製品製造業,08407,43.30,％
存貨率,27,電腦、電子產品及光學製品製造業,08408,43.29,％
存貨率,27,電腦、電子產品及光學製品製造業,08409,39.93,％
存貨率,27,電腦、電子產品及光學製品製造業,08410,37.67,％
存貨率,27,電腦、電子產品及光學製品製造業,08411,35.85,％
存貨率,27,電腦、電子產品及光學製品製造業,08412,36.05,％
存貨率,27,電腦、電子產品及光學製品製造業,08501,43.18,％
存貨率,27,電腦、電子產品及光學製品製造業,08502,44.49,％
存貨率,27,電腦、電子產品及光學製品製造業,08503,35.10,％
存貨率,27,電腦、電子產品及光學製品製造業,08504,37.49,％
存貨率,27,電腦、電子產品及光學製品製造業,08505,37.90,％
存貨率,27,電腦、電子產品及光學製品製造業,08506,38.60,％
存貨率,27,電腦、電子產品及光學製品製造業,08507,45.79,％
存貨率,27,電腦、電子產品及光學製品製造業,08508,37.39,％
存貨率,27,電腦、電子產品及光學製品製造業,08509,36.19,％
存貨率,27,電腦、電子產品及光學製品製造業,08510,32.93,％
存貨率,27,電腦、電子產品及光學製品製造業,08511,33.74,％
存貨率,27,電腦、電子產品及光學製品製造業,08512,31.64,％
存貨率,27,電腦、電子產品及光學製品製造業,08601,39.07,％
存貨率,27,電腦、電子產品及光學製品製造業,08602,41.86,％
存貨率,27,電腦、電子產品及光學製品製造業,08603,31.43,％
存貨率,27,電腦、電子產品及光學製品製造業,08604,35.42,％
存貨率,27,電腦、電子產品及光學製品製造業,08605,39.54,％
存貨率,27,電腦、電子產品及光學製品製造業,08606,40.68,％
存貨率,27,電腦、電子產品及光學製品製造業,08607,39.45,％
存貨率,27,電腦、電子產品及光學製品製造業,08608,41.89,％
存貨率,27,電腦、電子產品及光學製品製造業,08609,34.73,％
存貨率,27,電腦、電子產品及光學製品製造業,08610,32.70,％
存貨率,27,電腦、電子產品及光學製品製造業,08611,35.60,％
存貨率,27,電腦、電子產品及光學製品製造業,08612,39.31,％
存貨率,27,電腦、電子產品及光學製品製造業,08701,46.60,％
存貨率,27,電腦、電子產品及光學製品製造業,08702,42.69,％
存貨率,27,電腦、電子產品及光學製品製造業,08703,40.79,％
存貨率,27,電腦、電子產品及光學製品製造業,08704,47.09,％
存貨率,27,電腦、電子產品及光學製品製造業,08705,49.10,％
存貨率,27,電腦、電子產品及光學製品製造業,08706,48.65,％
存貨率,27,電腦、電子產品及光學製品製造業,08707,57.97,％
存貨率,27,電腦、電子產品及光學製品製造業,08708,47.39,％
存貨率,27,電腦、電子產品及光學製品製造業,08709,36.43,％
存貨率,27,電腦、電子產品及光學製品製造業,08710,34.23,％
存貨率,27,電腦、電子產品及光學製品製造業,08711,34.99,％
存貨率,27,電腦、電子產品及光學製品製造業,08712,35.22,％
存貨率,27,電腦、電子產品及光學製品製造業,08801,42.74,％
存貨率,27,電腦、電子產品及光學製品製造業,08802,39.05,％
存貨率,27,電腦、電子產品及光學製品製造業,08803,30.51,％
存貨率,27,電腦、電子產品及光學製品製造業,08804,38.70,％
存貨率,27,電腦、電子產品及光學製品製造業,08805,33.33,％
存貨率,27,電腦、電子產品及光學製品製造業,08806,33.33,％
存貨率,27,電腦、電子產品及光學製品製造業,08807,38.32,％
存貨率,27,電腦、電子產品及光學製品製造業,08808,36.61,％
存貨率,27,電腦、電子產品及光學製品製造業,08809,41.66,％
存貨率,27,電腦、電子產品及光學製品製造業,08810,31.04,％
存貨率,27,電腦、電子產品及光學製品製造業,08811,28.96,％
存貨率,27,電腦、電子產品及光學製品製造業,08812,28.72,％
存貨率,27,電腦、電子產品及光學製品製造業,08901,44.83,％
存貨率,27,電腦、電子產品及光學製品製造業,08902,42.47,％
存貨率,27,電腦、電子產品及光學製品製造業,08903,27.20,％
存貨率,27,電腦、電子產品及光學製品製造業,08904,32.18,％
存貨率,27,電腦、電子產品及光學製品製造業,08905,30.76,％
存貨率,27,電腦、電子產品及光學製品製造業,08906,28.07,％
存貨率,27,電腦、電子產品及光學製品製造業,08907,31.94,％
存貨率,27,電腦、電子產品及光學製品製造業,08908,31.74,％
存貨率,27,電腦、電子產品及光學製品製造業,08909,28.02,％
存貨率,27,電腦、電子產品及光學製品製造業,08910,29.36,％
存貨率,27,電腦、電子產品及光學製品製造業,08911,35.39,％
存貨率,27,電腦、電子產品及光學製品製造業,08912,34.88,％
存貨率,27,電腦、電子產品及光學製品製造業,09001,46.92,％
存貨率,27,電腦、電子產品及光學製品製造業,09002,40.34,％
存貨率,27,電腦、電子產品及光學製品製造業,09003,32.08,％
存貨率,27,電腦、電子產品及光學製品製造業,09004,38.56,％
存貨率,27,電腦、電子產品及光學製品製造業,09005,34.46,％
存貨率,27,電腦、電子產品及光學製品製造業,09006,32.44,％
存貨率,27,電腦、電子產品及光學製品製造業,09007,34.67,％
存貨率,27,電腦、電子產品及光學製品製造業,09008,37.14,％
存貨率,27,電腦、電子產品及光學製品製造業,09009,37.98,％
存貨率,27,電腦、電子產品及光學製品製造業,09010,35.22,％
存貨率,27,電腦、電子產品及光學製品製造業,09011,36.20,％
存貨率,27,電腦、電子產品及光學製品製造業,09012,41.10,％
存貨率,27,電腦、電子產品及光學製品製造業,09101,50.60,％
存貨率,27,電腦、電子產品及光學製品製造業,09102,58.36,％
存貨率,27,電腦、電子產品及光學製品製造業,09103,41.59,％
存貨率,27,電腦、電子產品及光學製品製造業,09104,44.15,％
存貨率,27,電腦、電子產品及光學製品製造業,09105,43.62,％
存貨率,27,電腦、電子產品及光學製品製造業,09106,45.20,％
存貨率,27,電腦、電子產品及光學製品製造業,09107,46.44,％
存貨率,27,電腦、電子產品及光學製品製造業,09108,43.15,％
存貨率,27,電腦、電子產品及光學製品製造業,09109,40.67,％
存貨率,27,電腦、電子產品及光學製品製造業,09110,34.76,％
存貨率,27,電腦、電子產品及光學製品製造業,09111,33.91,％
存貨率,27,電腦、電子產品及光學製品製造業,09112,34.26,％
存貨率,27,電腦、電子產品及光學製品製造業,09201,32.60,％
存貨率,27,電腦、電子產品及光學製品製造業,09202,36.70,％
存貨率,27,電腦、電子產品及光學製品製造業,09203,34.36,％
存貨率,27,電腦、電子產品及光學製品製造業,09204,33.71,％
存貨率,27,電腦、電子產品及光學製品製造業,09205,36.45,％
存貨率,27,電腦、電子產品及光學製品製造業,09206,35.17,％
存貨率,27,電腦、電子產品及光學製品製造業,09207,35.67,％
存貨率,27,電腦、電子產品及光學製品製造業,09208,36.22,％
存貨率,27,電腦、電子產品及光學製品製造業,09209,31.21,％
存貨率,27,電腦、電子產品及光學製品製造業,09210,29.05,％
存貨率,27,電腦、電子產品及光學製品製造業,09211,32.41,％
存貨率,27,電腦、電子產品及光學製品製造業,09212,32.82,％
存貨率,27,電腦、電子產品及光學製品製造業,09301,39.18,％
存貨率,27,電腦、電子產品及光學製品製造業,09302,37.24,％
存貨率,27,電腦、電子產品及光學製品製造業,09303,35.53,％
存貨率,27,電腦、電子產品及光學製品製造業,09304,42.27,％
存貨率,27,電腦、電子產品及光學製品製造業,09305,40.91,％
存貨率,27,電腦、電子產品及光學製品製造業,09306,43.12,％
存貨率,27,電腦、電子產品及光學製品製造業,09307,46.53,％
存貨率,27,電腦、電子產品及光學製品製造業,09308,41.53,％
存貨率,27,電腦、電子產品及光學製品製造業,09309,39.10,％
存貨率,27,電腦、電子產品及光學製品製造業,09310,39.72,％
存貨率,27,電腦、電子產品及光學製品製造業,09311,38.80,％
存貨率,27,電腦、電子產品及光學製品製造業,09312,42.63,％
存貨率,27,電腦、電子產品及光學製品製造業,09401,51.15,％
存貨率,27,電腦、電子產品及光學製品製造業,09402,61.45,％
存貨率,27,電腦、電子產品及光學製品製造業,09403,45.93,％
存貨率,27,電腦、電子產品及光學製品製造業,09404,50.63,％
存貨率,27,電腦、電子產品及光學製品製造業,09405,50.09,％
存貨率,27,電腦、電子產品及光學製品製造業,09406,46.80,％
存貨率,27,電腦、電子產品及光學製品製造業,09407,49.69,％
存貨率,27,電腦、電子產品及光學製品製造業,09408,47.64,％
存貨率,27,電腦、電子產品及光學製品製造業,09409,42.76,％
存貨率,27,電腦、電子產品及光學製品製造業,09410,42.72,％
存貨率,27,電腦、電子產品及光學製品製造業,09411,39.81,％
存貨率,27,電腦、電子產品及光學製品製造業,09412,39.91,％
存貨率,27,電腦、電子產品及光學製品製造業,09501,43.86,％
存貨率,27,電腦、電子產品及光學製品製造業,09502,42.71,％
存貨率,27,電腦、電子產品及光學製品製造業,09503,33.26,％
存貨率,27,電腦、電子產品及光學製品製造業,09504,39.87,％
存貨率,27,電腦、電子產品及光學製品製造業,09505,36.80,％
存貨率,27,電腦、電子產品及光學製品製造業,09506,35.62,％
存貨率,27,電腦、電子產品及光學製品製造業,09507,39.62,％
存貨率,27,電腦、電子產品及光學製品製造業,09508,37.01,％
存貨率,27,電腦、電子產品及光學製品製造業,09509,34.76,％
存貨率,27,電腦、電子產品及光學製品製造業,09510,38.48,％
存貨率,27,電腦、電子產品及光學製品製造業,09511,37.57,％
存貨率,27,電腦、電子產品及光學製品製造業,09512,39.49,％
存貨率,27,電腦、電子產品及光學製品製造業,09601,43.37,％
存貨率,27,電腦、電子產品及光學製品製造業,09602,53.98,％
存貨率,27,電腦、電子產品及光學製品製造業,09603,37.49,％
存貨率,27,電腦、電子產品及光學製品製造業,09604,45.02,％
存貨率,27,電腦、電子產品及光學製品製造業,09605,43.77,％
存貨率,27,電腦、電子產品及光學製品製造業,09606,41.93,％
存貨率,27,電腦、電子產品及光學製品製造業,09607,41.38,％
存貨率,27,電腦、電子產品及光學製品製造業,09608,42.07,％
存貨率,27,電腦、電子產品及光學製品製造業,09609,37.64,％
存貨率,27,電腦、電子產品及光學製品製造業,09610,37.18,％
存貨率,27,電腦、電子產品及光學製品製造業,09611,34.38,％
存貨率,27,電腦、電子產品及光學製品製造業,09612,38.85,％
存貨率,27,電腦、電子產品及光學製品製造業,09701,43.59,％
存貨率,27,電腦、電子產品及光學製品製造業,09702,55.10,％
存貨率,27,電腦、電子產品及光學製品製造業,09703,46.40,％
存貨率,27,電腦、電子產品及光學製品製造業,09704,49.70,％
存貨率,27,電腦、電子產品及光學製品製造業,09705,52.73,％
存貨率,27,電腦、電子產品及光學製品製造業,09706,50.87,％
存貨率,27,電腦、電子產品及光學製品製造業,09707,54.24,％
存貨率,27,電腦、電子產品及光學製品製造業,09708,50.09,％
存貨率,27,電腦、電子產品及光學製品製造業,09709,46.39,％
存貨率,27,電腦、電子產品及光學製品製造業,09710,45.30,％
存貨率,27,電腦、電子產品及光學製品製造業,09711,49.92,％
存貨率,27,電腦、電子產品及光學製品製造業,09712,57.21,％
存貨率,27,電腦、電子產品及光學製品製造業,09801,73.07,％
存貨率,27,電腦、電子產品及光學製品製造業,09802,71.21,％
存貨率,27,電腦、電子產品及光學製品製造業,09803,54.64,％
存貨率,27,電腦、電子產品及光學製品製造業,09804,56.62,％
存貨率,27,電腦、電子產品及光學製品製造業,09805,59.44,％
存貨率,27,電腦、電子產品及光學製品製造業,09806,49.94,％
存貨率,27,電腦、電子產品及光學製品製造業,09807,54.41,％
存貨率,27,電腦、電子產品及光學製品製造業,09808,54.56,％
存貨率,27,電腦、電子產品及光學製品製造業,09809,48.94,％
存貨率,27,電腦、電子產品及光學製品製造業,09810,49.91,％
存貨率,27,電腦、電子產品及光學製品製造業,09811,51.33,％
存貨率,27,電腦、電子產品及光學製品製造業,09812,47.75,％
存貨率,27,電腦、電子產品及光學製品製造業,09901,56.33,％
存貨率,27,電腦、電子產品及光學製品製造業,09902,64.34,％
存貨率,27,電腦、電子產品及光學製品製造業,09903,49.04,％
存貨率,27,電腦、電子產品及光學製品製造業,09904,44.22,％
存貨率,27,電腦、電子產品及光學製品製造業,09905,44.16,％
存貨率,27,電腦、電子產品及光學製品製造業,09906,40.81,％
存貨率,27,電腦、電子產品及光學製品製造業,09907,38.41,％
存貨率,27,電腦、電子產品及光學製品製造業,09908,39.01,％
存貨率,27,電腦、電子產品及光學製品製造業,09909,39.99,％
存貨率,27,電腦、電子產品及光學製品製造業,09910,34.54,％
存貨率,27,電腦、電子產品及光學製品製造業,09911,32.86,％
存貨率,27,電腦、電子產品及光學製品製造業,09912,34.48,％
存貨率,27,電腦、電子產品及光學製品製造業,10001,34.40,％
存貨率,27,電腦、電子產品及光學製品製造業,10002,41.01,％
存貨率,27,電腦、電子產品及光學製品製造業,10003,31.93,％
存貨率,27,電腦、電子產品及光學製品製造業,10004,31.77,％
存貨率,27,電腦、電子產品及光學製品製造業,10005,29.59,％
存貨率,27,電腦、電子產品及光學製品製造業,10006,30.05,％
存貨率,27,電腦、電子產品及光學製品製造業,10007,29.11,％
存貨率,27,電腦、電子產品及光學製品製造業,10008,31.31,％
存貨率,27,電腦、電子產品及光學製品製造業,10009,29.57,％
存貨率,27,電腦、電子產品及光學製品製造業,10010,35.54,％
存貨率,27,電腦、電子產品及光學製品製造業,10011,42.40,％
存貨率,27,電腦、電子產品及光學製品製造業,10012,37.05,％
存貨率,27,電腦、電子產品及光學製品製造業,10101,57.68,％
存貨率,27,電腦、電子產品及光學製品製造業,10102,48.36,％
存貨率,27,電腦、電子產品及光學製品製造業,10103,38.73,％
存貨率,27,電腦、電子產品及光學製品製造業,10104,44.93,％
存貨率,27,電腦、電子產品及光學製品製造業,10105,42.71,％
存貨率,27,電腦、電子產品及光學製品製造業,10106,40.55,％
存貨率,27,電腦、電子產品及光學製品製造業,10107,51.62,％
存貨率,27,電腦、電子產品及光學製品製造業,10108,47.45,％
存貨率,27,電腦、電子產品及光學製品製造業,10109,44.18,％
存貨率,27,電腦、電子產品及光學製品製造業,10110,47.09,％
存貨率,27,電腦、電子產品及光學製品製造業,10111,40.68,％
存貨率,27,電腦、電子產品及光學製品製造業,10112,44.61,％
存貨率,27,電腦、電子產品及光學製品製造業,10201,49.02,％
存貨率,27,電腦、電子產品及光學製品製造業,10202,66.64,％
存貨率,27,電腦、電子產品及光學製品製造業,10203,44.23,％
存貨率,27,電腦、電子產品及光學製品製造業,10204,48.33,％
存貨率,27,電腦、電子產品及光學製品製造業,10205,38.51,％
存貨率,27,電腦、電子產品及光學製品製造業,10206,44.06,％
存貨率,27,電腦、電子產品及光學製品製造業,10207,52.57,％
存貨率,27,電腦、電子產品及光學製品製造業,10208,55.19,％
存貨率,27,電腦、電子產品及光學製品製造業,10209,51.77,％
存貨率,27,電腦、電子產品及光學製品製造業,10210,48.67,％
存貨率,27,電腦、電子產品及光學製品製造業,10211,49.97,％
存貨率,27,電腦、電子產品及光學製品製造業,10212,53.89,％
存貨率,27,電腦、電子產品及光學製品製造業,10301,61.97,％
存貨率,27,電腦、電子產品及光學製品製造業,10302,76.53,％
存貨率,27,電腦、電子產品及光學製品製造業,10303,53.59,％
存貨率,27,電腦、電子產品及光學製品製造業,10304,52.28,％
存貨率,27,電腦、電子產品及光學製品製造業,10305,50.57,％
存貨率,27,電腦、電子產品及光學製品製造業,10306,51.40,％
存貨率,27,電腦、電子產品及光學製品製造業,10307,58.59,％
存貨率,27,電腦、電子產品及光學製品製造業,10308,57.24,％
存貨率,27,電腦、電子產品及光學製品製造業,10309,57.31,％
存貨率,27,電腦、電子產品及光學製品製造業,10310,55.01,％
存貨率,27,電腦、電子產品及光學製品製造業,10311,58.21,％
存貨率,27,電腦、電子產品及光學製品製造業,10312,57.63,％
存貨率,27,電腦、電子產品及光學製品製造業,10401,64.44,％
存貨率,27,電腦、電子產品及光學製品製造業,10402,84.91,％
存貨率,27,電腦、電子產品及光學製品製造業,10403,56.51,％
存貨率,27,電腦、電子產品及光學製品製造業,10404,61.56,％
存貨率,27,電腦、電子產品及光學製品製造業,10405,69.95,％
存貨率,27,電腦、電子產品及光學製品製造業,10406,67.85,％
存貨率,27,電腦、電子產品及光學製品製造業,10407,67.04,％
存貨率,27,電腦、電子產品及光學製品製造業,10408,72.83,％
存貨率,27,電腦、電子產品及光學製品製造業,10409,65.54,％
存貨率,27,電腦、電子產品及光學製品製造業,10410,62.90,％
存貨率,27,電腦、電子產品及光學製品製造業,10411,63.93,％
存貨率,27,電腦、電子產品及光學製品製造業,10412,67.07,％
存貨率,27,電腦、電子產品及光學製品製造業,10501,76.00,％
存貨率,27,電腦、電子產品及光學製品製造業,10502,97.54,％
存貨率,27,電腦、電子產品及光學製品製造業,10503,71.67,％
存貨率,27,電腦、電子產品及光學製品製造業,10504,78.20,％
存貨率,27,電腦、電子產品及光學製品製造業,10505,82.23,％
存貨率,27,電腦、電子產品及光學製品製造業,10506,77.58,％
存貨率,27,電腦、電子產品及光學製品製造業,10507,75.78,％
存貨率,27,電腦、電子產品及光學製品製造業,10508,71.86,％
存貨率,27,電腦、電子產品及光學製品製造業,10509,71.19,％
存貨率,27,電腦、電子產品及光學製品製造業,10510,68.16,％
存貨率,27,電腦、電子產品及光學製品製造業,10511,66.17,％
存貨率,27,電腦、電子產品及光學製品製造業,10512,70.99,％
存貨率,27,電腦、電子產品及光學製品製造業,10601,87.42,％
存貨率,27,電腦、電子產品及光學製品製造業,10602,89.92,％
存貨率,27,電腦、電子產品及光學製品製造業,10603,68.84,％
存貨率,27,電腦、電子產品及光學製品製造業,10604,85.93,％
存貨率,27,電腦、電子產品及光學製品製造業,10605,82.72,％
存貨率,27,電腦、電子產品及光學製品製造業,10606,68.96,％
存貨率,27,電腦、電子產品及光學製品製造業,10607,78.11,％
存貨率,27,電腦、電子產品及光學製品製造業,10608,72.22,％
存貨率,27,電腦、電子產品及光學製品製造業,10609,67.53,％
存貨率,27,電腦、電子產品及光學製品製造業,10610,67.99,％
存貨率,27,電腦、電子產品及光學製品製造業,10611,66.77,％
存貨率,27,電腦、電子產品及光學製品製造業,10612,72.41,％
存貨率,27,電腦、電子產品及光學製品製造業,10701,85.62,％
存貨率,27,電腦、電子產品及光學製品製造業,10702,105.31,％
存貨率,27,電腦、電子產品及光學製品製造業,10703,72.69,％
存貨率,27,電腦、電子產品及光學製品製造業,10704,80.95,％
存貨率,27,電腦、電子產品及光學製品製造業,10705,74.52,％
存貨率,27,電腦、電子產品及光學製品製造業,10706,74.67,％
存貨率,27,電腦、電子產品及光學製品製造業,10707,77.19,％
存貨率,27,電腦、電子產品及光學製品製造業,10708,73.53,％
存貨率,27,電腦、電子產品及光學製品製造業,10709,73.84,％
存貨率,27,電腦、電子產品及光學製品製造業,10710,68.15,％
存貨率,27,電腦、電子產品及光學製品製造業,10711,68.46,％
存貨率,27,電腦、電子產品及光學製品製造業,10712,74.00,％
存貨率,27,電腦、電子產品及光學製品製造業,10801,81.32,％
存貨率,27,電腦、電子產品及光學製品製造業,10802,103.77,％
存貨率,27,電腦、電子產品及光學製品製造業,10803,76.65,％
存貨率,27,電腦、電子產品及光學製品製造業,10804,78.87,％
存貨率,27,電腦、電子產品及光學製品製造業,10805,76.40,％
存貨率,27,電腦、電子產品及光學製品製造業,10806,78.11,％
存貨率,27,電腦、電子產品及光學製品製造業,10807,66.05,％
存貨率,27,電腦、電子產品及光學製品製造業,10808,64.19,％
存貨率,27,電腦、電子產品及光學製品製造業,10809,65.35,％
存貨率,27,電腦、電子產品及光學製品製造業,10810,62.81,％
存貨率,27,電腦、電子產品及光學製品製造業,10811,59.88,％
存貨率,27,電腦、電子產品及光學製品製造業,10812,62.01,％
存貨率,27,電腦、電子產品及光學製品製造業,10901,78.04,％
存貨率,27,電腦、電子產品及光學製品製造業,10902,82.87,％
存貨率,27,電腦、電子產品及光學製品製造業,10903,70.26,％
存貨率,27,電腦、電子產品及光學製品製造業,10904,76.25,％
存貨率,27,電腦、電子產品及光學製品製造業,10905,78.97,％
存貨率,27,電腦、電子產品及光學製品製造業,10906,69.79,％
存貨率,27,電腦、電子產品及光學製品製造業,10907,65.08,％
存貨率,27,電腦、電子產品及光學製品製造業,10908,68.15,％
存貨率,27,電腦、電子產品及光學製品製造業,10909,57.13,％
存貨率,27,電腦、電子產品及光學製品製造業,10910,61.52,％
存貨率,27,電腦、電子產品及光學製品製造業,10911,59.67,％
存貨率,27,電腦、電子產品及光學製品製造業,10912,58.54,％
存貨率,27,電腦、電子產品及光學製品製造業,11001,72.63,％
存貨率,27,電腦、電子產品及光學製品製造業,11002,84.37,％
存貨率,27,電腦、電子產品及光學製品製造業,11003,61.61,％
存貨率,27,電腦、電子產品及光學製品製造業,11004,67.38,％
存貨率,27,電腦、電子產品及光學製品製造業,11005,69.02,％
存貨率,27,電腦、電子產品及光學製品製造業,11006,68.19,％
存貨率,27,電腦、電子產品及光學製品製造業,11007,71.89,％
存貨率,27,電腦、電子產品及光學製品製造業,11008,72.78,％
存貨率,27,電腦、電子產品及光學製品製造業,11009,69.39,％
存貨率,27,電腦、電子產品及光學製品製造業,11010,76.23,％
存貨率,27,電腦、電子產品及光學製品製造業,11011,68.91,％
存貨率,27,電腦、電子產品及光學製品製造業,11012,68.11,％
存貨率,27,電腦、電子產品及光學製品製造業,11101,72.28,％
存貨率,27,電腦、電子產品及光學製品製造業,11102,91.51,％
存貨率,27,電腦、電子產品及光學製品製造業,11103,63.77,％
存貨率,27,電腦、電子產品及光學製品製造業,11104,84.68,％
存貨率,27,電腦、電子產品及光學製品製造業,11105,77.62,％
存貨率,27,電腦、電子產品及光學製品製造業,11106,72.84,％
存貨率,27,電腦、電子產品及光學製品製造業,11107,75.48,％
存貨率,27,電腦、電子產品及光學製品製造業,11108,75.98,％
存貨率,27,電腦、電子產品及光學製品製造業,11109,75.30,％
存貨率,27,電腦、電子產品及光學製品製造業,11110,74.07,％
存貨率,27,電腦、電子產品及光學製品製造業,11111,82.36,％
存貨率,27,電腦、電子產品及光學製品製造業,11112,90.74,％
存貨率,27,電腦、電子產品及光學製品製造業,11201,107.87,％
存貨率,27,電腦、電子產品及光學製品製造業,11202,101.31,％
存貨率,27,電腦、電子產品及光學製品製造業,11203,83.02,％
存貨率,27,電腦、電子產品及光學製品製造業,11204,100.52,％
存貨率,27,電腦、電子產品及光學製品製造業,11205,97.25,％
存貨率,27,電腦、電子產品及光學製品製造業,11206,85.87,％
存貨率,27,電腦、電子產品及光學製品製造業,11207,72.91,％
存貨率,27,電腦、電子產品及光學製品製造業,11208,69.37,％
存貨率,27,電腦、電子產品及光學製品製造業,11209,73.23,％
存貨率,27,電腦、電子產品及光學製品製造業,11210,69.77,％
存貨率,27,電腦、電子產品及光學製品製造業,11211,78.44,％
存貨率,27,電腦、電子產品及光學製品製造業,11212,86.00,％
存貨率,27,電腦、電子產品及光學製品製造業,11301,87.47,％
存貨率,27,電腦、電子產品及光學製品製造業,11302,105.30,％
存貨率,27,電腦、電子產品及光學製品製造業,11303,74.73,％
存貨率,27,電腦、電子產品及光學製品製造業,11304,98.61,％
存貨率,27,電腦、電子產品及光學製品製造業,11305,89.53,％
存貨率,27,電腦、電子產品及光學製品製造業,11306,96.70,％
存貨率,27,電腦、電子產品及光學製品製造業,11307,66.50,％
存貨率,27,電腦、電子產品及光學製品製造業,11308,62.68,％
存貨率,27,電腦、電子產品及光學製品製造業,11309,57.55,％
存貨率,27,電腦、電子產品及光學製品製造業,11310,72.15,％
存貨率,27,電腦、電子產品及光學製品製造業,11311,77.11,％
存貨率,27,電腦、電子產品及光學製品製造業,11312,67.50,％
存貨率,27,電腦、電子產品及光學製品製造業,11401,76.62,％
存貨率,27,電腦、電子產品及光學製品製造業,11402,67.40,％
存貨率,27,電腦、電子產品及光學製品製造業,11403,70.99,％
存貨率,27,電腦、電子產品及光學製品製造業,11404,58.67,％
存貨率,27,電腦、電子產品及光學製品製造業,11405,43.01,％
存貨率,27,電腦、電子產品及光學製品製造業,11406,44.18,％
存貨率,27,電腦、電子產品及光學製品製造業,11407,46.80,％
存貨率,27,電腦、電子產品及光學製品製造業,11408,60.10,％
存貨率,27,電腦、電子產品及光學製品製造業,11409,53.58,％
存貨率,27,電腦、電子產品及光學製品製造業,11410,56.40,％
存貨率,27,電腦、電子產品及光學製品製造業,11411,42.32,％
存貨率,27,電腦、電子產品及光學製品製造業,11412,41.87,％
存貨率,27,電腦、電子產品及光學製品製造業,11501,40.05,％
存貨率,27,電腦、電子產品及光學製品製造業,11502,47.17,％
存貨率,27,電腦、電子產品及光學製品製造業,11503,35.68,％
存貨率,27,電腦、電子產品及光學製品製造業,11504,47.70,％
存貨率,27,電腦、電子產品及光學製品製造業,11505,47.77,％
存貨率,27,電腦、電子產品及光學製品製造業,11506,43.52,％
存貨率,I3,化學工業,07101,141.65,％
存貨率,I3,化學工業,07102,139.42,％
存貨率,I3,化學工業,07103,119.73,％
存貨率,I3,化學工業,07104,120.48,％
存貨率,I3,化學工業,07105,116.69,％
存貨率,I3,化學工業,07106,117.17,％
存貨率,I3,化學工業,07107,119.14,％
存貨率,I3,化學工業,07108,118.00,％
存貨率,I3,化學工業,07109,112.86,％
存貨率,I3,化學工業,07110,110.29,％
存貨率,I3,化學工業,07111,108.45,％
存貨率,I3,化學工業,07112,100.61,％
存貨率,I3,化學工業,07201,108.20,％
存貨率,I3,化學工業,07202,142.69,％
存貨率,I3,化學工業,07203,106.11,％
存貨率,I3,化學工業,07204,103.56,％
存貨率,I3,化學工業,07205,91.37,％
存貨率,I3,化學工業,07206,88.79,％
存貨率,I3,化學工業,07207,83.72,％
存貨率,I3,化學工業,07208,84.76,％
存貨率,I3,化學工業,07209,87.46,％
存貨率,I3,化學工業,07210,91.71,％
存貨率,I3,化學工業,07211,90.90,％
存貨率,I3,化學工業,07212,94.72,％
存貨率,I3,化學工業,07301,102.29,％
存貨率,I3,化學工業,07302,125.48,％
存貨率,I3,化學工業,07303,101.42,％
存貨率,I3,化學工業,07304,95.19,％
存貨率,I3,化學工業,07305,95.29,％
存貨率,I3,化學工業,07306,98.30,％
存貨率,I3,化學工業,07307,103.22,％
存貨率,I3,化學工業,07308,108.79,％
存貨率,I3,化學工業,07309,118.93,％
存貨率,I3,化學工業,07310,118.36,％
存貨率,I3,化學工業,07311,115.72,％
存貨率,I3,化學工業,07312,109.17,％
存貨率,I3,化學工業,07401,111.95,％
存貨率,I3,化學工業,07402,129.02,％
存貨率,I3,化學工業,07403,112.16,％
存貨率,I3,化學工業,07404,113.93,％
存貨率,I3,化學工業,07405,107.51,％
存貨率,I3,化學工業,07406,115.63,％
存貨率,I3,化學工業,07407,110.57,％
存貨率,I3,化學工業,07408,109.32,％
存貨率,I3,化學工業,07409,114.22,％
存貨率,I3,化學工業,07410,123.69,％
存貨率,I3,化學工業,07411,114.48,％
存貨率,I3,化學工業,07412,102.97,％
存貨率,I3,化學工業,07501,100.58,％
存貨率,I3,化學工業,07502,133.30,％
存貨率,I3,化學工業,07503,91.81,％
存貨率,I3,化學工業,07504,95.54,％
存貨率,I3,化學工業,07505,84.39,％
存貨率,I3,化學工業,07506,83.90,％
存貨率,I3,化學工業,07507,78.19,％
存貨率,I3,化學工業,07508,81.27,％
存貨率,I3,化學工業,07509,83.73,％
存貨率,I3,化學工業,07510,81.52,％
存貨率,I3,化學工業,07511,88.96,％
存貨率,I3,化學工業,07512,72.80,％
存貨率,I3,化學工業,07601,85.19,％
存貨率,I3,化學工業,07602,93.03,％
存貨率,I3,化學工業,07603,81.97,％
存貨率,I3,化學工業,07604,84.51,％
存貨率,I3,化學工業,07605,84.59,％
存貨率,I3,化學工業,07606,82.51,％
存貨率,I3,化學工業,07607,89.74,％
存貨率,I3,化學工業,07608,88.55,％
存貨率,I3,化學工業,07609,87.81,％
存貨率,I3,化學工業,07610,89.08,％
存貨率,I3,化學工業,07611,90.47,％
存貨率,I3,化學工業,07612,83.78,％
存貨率,I3,化學工業,07701,87.01,％
存貨率,I3,化學工業,07702,102.27,％
存貨率,I3,化學工業,07703,83.88,％
存貨率,I3,化學工業,07704,82.89,％
存貨率,I3,化學工業,07705,81.48,％
存貨率,I3,化學工業,07706,75.46,％
存貨率,I3,化學工業,07707,74.28,％
存貨率,I3,化學工業,07708,73.38,％
存貨率,I3,化學工業,07709,81.75,％
存貨率,I3,化學工業,07710,85.78,％
存貨率,I3,化學工業,07711,83.57,％
存貨率,I3,化學工業,07712,76.53,％
存貨率,I3,化學工業,07801,85.64,％
存貨率,I3,化學工業,07802,104.14,％
存貨率,I3,化學工業,07803,76.83,％
存貨率,I3,化學工業,07804,80.24,％
存貨率,I3,化學工業,07805,83.48,％
存貨率,I3,化學工業,07806,82.66,％
存貨率,I3,化學工業,07807,82.23,％
存貨率,I3,化學工業,07808,79.58,％
存貨率,I3,化學工業,07809,87.40,％
存貨率,I3,化學工業,07810,89.09,％
存貨率,I3,化學工業,07811,86.17,％
存貨率,I3,化學工業,07812,81.19,％
存貨率,I3,化學工業,07901,91.96,％
存貨率,I3,化學工業,07902,88.25,％
存貨率,I3,化學工業,07903,78.41,％
存貨率,I3,化學工業,07904,82.56,％
存貨率,I3,化學工業,07905,80.73,％
存貨率,I3,化學工業,07906,82.87,％
存貨率,I3,化學工業,07907,80.39,％
存貨率,I3,化學工業,07908,75.05,％
存貨率,I3,化學工業,07909,83.55,％
存貨率,I3,化學工業,07910,84.40,％
存貨率,I3,化學工業,07911,84.66,％
存貨率,I3,化學工業,07912,85.92,％
存貨率,I3,化學工業,08001,86.42,％
存貨率,I3,化學工業,08002,123.75,％
存貨率,I3,化學工業,08003,101.77,％
存貨率,I3,化學工業,08004,99.34,％
存貨率,I3,化學工業,08005,93.74,％
存貨率,I3,化學工業,08006,92.05,％
存貨率,I3,化學工業,08007,86.88,％
存貨率,I3,化學工業,08008,84.32,％
存貨率,I3,化學工業,08009,86.53,％
存貨率,I3,化學工業,08010,90.21,％
存貨率,I3,化學工業,08011,88.77,％
存貨率,I3,化學工業,08012,86.76,％
存貨率,I3,化學工業,08101,89.52,％
存貨率,I3,化學工業,08102,115.68,％
存貨率,I3,化學工業,08103,89.21,％
存貨率,I3,化學工業,08104,86.38,％
存貨率,I3,化學工業,08105,91.06,％
存貨率,I3,化學工業,08106,92.94,％
存貨率,I3,化學工業,08107,87.01,％
存貨率,I3,化學工業,08108,90.09,％
存貨率,I3,化學工業,08109,94.45,％
存貨率,I3,化學工業,08110,92.37,％
存貨率,I3,化學工業,08111,92.33,％
存貨率,I3,化學工業,08112,86.20,％
存貨率,I3,化學工業,08201,113.17,％
存貨率,I3,化學工業,08202,102.24,％
存貨率,I3,化學工業,08203,91.32,％
存貨率,I3,化學工業,08204,92.45,％
存貨率,I3,化學工業,08205,90.43,％
存貨率,I3,化學工業,08206,86.63,％
存貨率,I3,化學工業,08207,84.92,％
存貨率,I3,化學工業,08208,81.97,％
存貨率,I3,化學工業,08209,86.66,％
存貨率,I3,化學工業,08210,85.09,％
存貨率,I3,化學工業,08211,84.27,％
存貨率,I3,化學工業,08212,77.95,％
存貨率,I3,化學工業,08301,83.28,％
存貨率,I3,化學工業,08302,100.25,％
存貨率,I3,化學工業,08303,75.59,％
存貨率,I3,化學工業,08304,72.75,％
存貨率,I3,化學工業,08305,70.01,％
存貨率,I3,化學工業,08306,68.37,％
存貨率,I3,化學工業,08307,65.42,％
存貨率,I3,化學工業,08308,67.94,％
存貨率,I3,化學工業,08309,67.43,％
存貨率,I3,化學工業,08310,72.05,％
存貨率,I3,化學工業,08311,69.02,％
存貨率,I3,化學工業,08312,66.07,％
存貨率,I3,化學工業,08401,73.42,％
存貨率,I3,化學工業,08402,83.76,％
存貨率,I3,化學工業,08403,65.43,％
存貨率,I3,化學工業,08404,72.05,％
存貨率,I3,化學工業,08405,69.55,％
存貨率,I3,化學工業,08406,77.86,％
存貨率,I3,化學工業,08407,87.01,％
存貨率,I3,化學工業,08408,86.35,％
存貨率,I3,化學工業,08409,89.87,％
存貨率,I3,化學工業,08410,87.36,％
存貨率,I3,化學工業,08411,82.20,％
存貨率,I3,化學工業,08412,85.44,％
存貨率,I3,化學工業,08501,89.88,％
存貨率,I3,化學工業,08502,109.37,％
存貨率,I3,化學工業,08503,91.47,％
存貨率,I3,化學工業,08504,89.90,％
存貨率,I3,化學工業,08505,87.24,％
存貨率,I3,化學工業,08506,91.43,％
存貨率,I3,化學工業,08507,91.51,％
存貨率,I3,化學工業,08508,89.06,％
存貨率,I3,化學工業,08509,88.69,％
存貨率,I3,化學工業,08510,85.14,％
存貨率,I3,化學工業,08511,81.50,％
存貨率,I3,化學工業,08512,77.74,％
存貨率,I3,化學工業,08601,77.08,％
存貨率,I3,化學工業,08602,96.00,％
存貨率,I3,化學工業,08603,74.60,％
存貨率,I3,化學工業,08604,74.83,％
存貨率,I3,化學工業,08605,75.03,％
存貨率,I3,化學工業,08606,81.71,％
存貨率,I3,化學工業,08607,76.52,％
存貨率,I3,化學工業,08608,80.62,％
存貨率,I3,化學工業,08609,81.23,％
存貨率,I3,化學工業,08610,77.80,％
存貨率,I3,化學工業,08611,77.15,％
存貨率,I3,化學工業,08612,72.00,％
存貨率,I3,化學工業,08701,93.96,％
存貨率,I3,化學工業,08702,90.11,％
存貨率,I3,化學工業,08703,79.71,％
存貨率,I3,化學工業,08704,78.50,％
存貨率,I3,化學工業,08705,79.76,％
存貨率,I3,化學工業,08706,82.41,％
存貨率,I3,化學工業,08707,80.18,％
存貨率,I3,化學工業,08708,80.18,％
存貨率,I3,化學工業,08709,83.34,％
存貨率,I3,化學工業,08710,84.45,％
存貨率,I3,化學工業,08711,86.66,％
存貨率,I3,化學工業,08712,81.62,％
存貨率,I3,化學工業,08801,88.28,％
存貨率,I3,化學工業,08802,111.89,％
存貨率,I3,化學工業,08803,75.83,％
存貨率,I3,化學工業,08804,73.34,％
存貨率,I3,化學工業,08805,76.05,％
存貨率,I3,化學工業,08806,78.77,％
存貨率,I3,化學工業,08807,78.41,％
存貨率,I3,化學工業,08808,80.34,％
存貨率,I3,化學工業,08809,81.10,％
存貨率,I3,化學工業,08810,71.34,％
存貨率,I3,化學工業,08811,79.65,％
存貨率,I3,化學工業,08812,78.66,％
存貨率,I3,化學工業,08901,77.30,％
存貨率,I3,化學工業,08902,86.52,％
存貨率,I3,化學工業,08903,69.41,％
存貨率,I3,化學工業,08904,81.31,％
存貨率,I3,化學工業,08905,77.75,％
存貨率,I3,化學工業,08906,76.87,％
存貨率,I3,化學工業,08907,80.36,％
存貨率,I3,化學工業,08908,79.98,％
存貨率,I3,化學工業,08909,78.75,％
存貨率,I3,化學工業,08910,81.55,％
存貨率,I3,化學工業,08911,84.04,％
存貨率,I3,化學工業,08912,90.02,％
存貨率,I3,化學工業,09001,105.28,％
存貨率,I3,化學工業,09002,99.00,％
存貨率,I3,化學工業,09003,87.69,％
存貨率,I3,化學工業,09004,94.26,％
存貨率,I3,化學工業,09005,90.12,％
存貨率,I3,化學工業,09006,97.16,％
存貨率,I3,化學工業,09007,94.68,％
存貨率,I3,化學工業,09008,84.93,％
存貨率,I3,化學工業,09009,94.19,％
存貨率,I3,化學工業,09010,90.74,％
存貨率,I3,化學工業,09011,94.36,％
存貨率,I3,化學工業,09012,94.32,％
存貨率,I3,化學工業,09101,84.44,％
存貨率,I3,化學工業,09102,104.15,％
存貨率,I3,化學工業,09103,73.06,％
存貨率,I3,化學工業,09104,76.19,％
存貨率,I3,化學工業,09105,76.59,％
存貨率,I3,化學工業,09106,85.31,％
存貨率,I3,化學工業,09107,79.95,％
存貨率,I3,化學工業,09108,80.38,％
存貨率,I3,化學工業,09109,87.70,％
存貨率,I3,化學工業,09110,83.02,％
存貨率,I3,化學工業,09111,87.46,％
存貨率,I3,化學工業,09112,82.14,％
存貨率,I3,化學工業,09201,75.06,％
存貨率,I3,化學工業,09202,87.06,％
存貨率,I3,化學工業,09203,82.89,％
存貨率,I3,化學工業,09204,90.63,％
存貨率,I3,化學工業,09205,87.49,％
存貨率,I3,化學工業,09206,81.98,％
存貨率,I3,化學工業,09207,76.39,％
存貨率,I3,化學工業,09208,74.53,％
存貨率,I3,化學工業,09209,77.56,％
存貨率,I3,化學工業,09210,72.27,％
存貨率,I3,化學工業,09211,73.59,％
存貨率,I3,化學工業,09212,64.60,％
存貨率,I3,化學工業,09301,73.68,％
存貨率,I3,化學工業,09302,75.57,％
存貨率,I3,化學工業,09303,70.61,％
存貨率,I3,化學工業,09304,67.18,％
存貨率,I3,化學工業,09305,66.33,％
存貨率,I3,化學工業,09306,67.43,％
存貨率,I3,化學工業,09307,62.95,％
存貨率,I3,化學工業,09308,61.52,％
存貨率,I3,化學工業,09309,66.10,％
存貨率,I3,化學工業,09310,65.06,％
存貨率,I3,化學工業,09311,75.04,％
存貨率,I3,化學工業,09312,79.54,％
存貨率,I3,化學工業,09401,69.61,％
存貨率,I3,化學工業,09402,85.44,％
存貨率,I3,化學工業,09403,67.16,％
存貨率,I3,化學工業,09404,73.76,％
存貨率,I3,化學工業,09405,75.07,％
存貨率,I3,化學工業,09406,66.62,％
存貨率,I3,化學工業,09407,69.24,％
存貨率,I3,化學工業,09408,63.08,％
存貨率,I3,化學工業,09409,64.17,％
存貨率,I3,化學工業,09410,67.53,％
存貨率,I3,化學工業,09411,69.75,％
存貨率,I3,化學工業,09412,63.18,％
存貨率,I3,化學工業,09501,66.87,％
存貨率,I3,化學工業,09502,78.31,％
存貨率,I3,化學工業,09503,67.63,％
存貨率,I3,化學工業,09504,66.31,％
存貨率,I3,化學工業,09505,65.52,％
存貨率,I3,化學工業,09506,64.18,％
存貨率,I3,化學工業,09507,65.80,％
存貨率,I3,化學工業,09508,61.72,％
存貨率,I3,化學工業,09509,75.76,％
存貨率,I3,化學工業,09510,73.85,％
存貨率,I3,化學工業,09511,68.23,％
存貨率,I3,化學工業,09512,68.39,％
存貨率,I3,化學工業,09601,63.45,％
存貨率,I3,化學工業,09602,83.77,％
存貨率,I3,化學工業,09603,65.21,％
存貨率,I3,化學工業,09604,67.22,％
存貨率,I3,化學工業,09605,64.12,％
存貨率,I3,化學工業,09606,67.66,％
存貨率,I3,化學工業,09607,62.46,％
存貨率,I3,化學工業,09608,67.20,％
存貨率,I3,化學工業,09609,65.88,％
存貨率,I3,化學工業,09610,60.82,％
存貨率,I3,化學工業,09611,66.90,％
存貨率,I3,化學工業,09612,61.89,％
存貨率,I3,化學工業,09701,62.41,％
存貨率,I3,化學工業,09702,70.39,％
存貨率,I3,化學工業,09703,59.20,％
存貨率,I3,化學工業,09704,60.95,％
存貨率,I3,化學工業,09705,56.17,％
存貨率,I3,化學工業,09706,59.06,％
存貨率,I3,化學工業,09707,67.19,％
存貨率,I3,化學工業,09708,82.09,％
存貨率,I3,化學工業,09709,95.08,％
存貨率,I3,化學工業,09710,94.92,％
存貨率,I3,化學工業,09711,98.94,％
存貨率,I3,化學工業,09712,88.89,％
存貨率,I3,化學工業,09801,90.72,％
存貨率,I3,化學工業,09802,75.71,％
存貨率,I3,化學工業,09803,67.36,％
存貨率,I3,化學工業,09804,64.19,％
存貨率,I3,化學工業,09805,66.54,％
存貨率,I3,化學工業,09806,61.07,％
存貨率,I3,化學工業,09807,55.55,％
存貨率,I3,化學工業,09808,61.22,％
存貨率,I3,化學工業,09809,67.19,％
存貨率,I3,化學工業,09810,65.14,％
存貨率,I3,化學工業,09811,63.38,％
存貨率,I3,化學工業,09812,56.90,％
存貨率,I3,化學工業,09901,54.82,％
存貨率,I3,化學工業,09902,69.04,％
存貨率,I3,化學工業,09903,56.59,％
存貨率,I3,化學工業,09904,53.23,％
存貨率,I3,化學工業,09905,60.60,％
存貨率,I3,化學工業,09906,63.31,％
存貨率,I3,化學工業,09907,60.28,％
存貨率,I3,化學工業,09908,62.04,％
存貨率,I3,化學工業,09909,63.01,％
存貨率,I3,化學工業,09910,60.87,％
存貨率,I3,化學工業,09911,59.48,％
存貨率,I3,化學工業,09912,56.53,％
存貨率,I3,化學工業,10001,59.50,％
存貨率,I3,化學工業,10002,68.97,％
存貨率,I3,化學工業,10003,58.80,％
存貨率,I3,化學工業,10004,62.60,％
存貨率,I3,化學工業,10005,69.69,％
存貨率,I3,化學工業,10006,71.37,％
存貨率,I3,化學工業,10007,66.16,％
存貨率,I3,化學工業,10008,72.48,％
存貨率,I3,化學工業,10009,72.22,％
存貨率,I3,化學工業,10010,74.22,％
存貨率,I3,化學工業,10011,72.16,％
存貨率,I3,化學工業,10012,68.59,％
存貨率,I3,化學工業,10101,71.79,％
存貨率,I3,化學工業,10102,67.50,％
存貨率,I3,化學工業,10103,63.45,％
存貨率,I3,化學工業,10104,71.48,％
存貨率,I3,化學工業,10105,73.43,％
存貨率,I3,化學工業,10106,79.86,％
存貨率,I3,化學工業,10107,69.35,％
存貨率,I3,化學工業,10108,69.35,％
存貨率,I3,化學工業,10109,74.95,％
存貨率,I3,化學工業,10110,71.28,％
存貨率,I3,化學工業,10111,71.42,％
存貨率,I3,化學工業,10112,71.62,％
存貨率,I3,化學工業,10201,65.33,％
存貨率,I3,化學工業,10202,78.45,％
存貨率,I3,化學工業,10203,73.29,％
存貨率,I3,化學工業,10204,73.81,％
存貨率,I3,化學工業,10205,67.07,％
存貨率,I3,化學工業,10206,67.43,％
存貨率,I3,化學工業,10207,64.26,％
存貨率,I3,化學工業,10208,59.13,％
存貨率,I3,化學工業,10209,69.46,％
存貨率,I3,化學工業,10210,64.66,％
存貨率,I3,化學工業,10211,64.80,％
存貨率,I3,化學工業,10212,62.97,％
存貨率,I3,化學工業,10301,63.63,％
存貨率,I3,化學工業,10302,75.59,％
存貨率,I3,化學工業,10303,68.37,％
存貨率,I3,化學工業,10304,65.52,％
存貨率,I3,化學工業,10305,64.35,％
存貨率,I3,化學工業,10306,65.71,％
存貨率,I3,化學工業,10307,60.61,％
存貨率,I3,化學工業,10308,67.24,％
存貨率,I3,化學工業,10309,71.88,％
存貨率,I3,化學工業,10310,69.12,％
存貨率,I3,化學工業,10311,74.72,％
存貨率,I3,化學工業,10312,69.62,％
存貨率,I3,化學工業,10401,70.83,％
存貨率,I3,化學工業,10402,79.47,％
存貨率,I3,化學工業,10403,63.78,％
存貨率,I3,化學工業,10404,63.65,％
存貨率,I3,化學工業,10405,67.55,％
存貨率,I3,化學工業,10406,68.52,％
存貨率,I3,化學工業,10407,75.16,％
存貨率,I3,化學工業,10408,77.44,％
存貨率,I3,化學工業,10409,77.66,％
存貨率,I3,化學工業,10410,70.15,％
存貨率,I3,化學工業,10411,71.67,％
存貨率,I3,化學工業,10412,69.70,％
存貨率,I3,化學工業,10501,74.67,％
存貨率,I3,化學工業,10502,88.41,％
存貨率,I3,化學工業,10503,65.15,％
存貨率,I3,化學工業,10504,69.73,％
存貨率,I3,化學工業,10505,68.91,％
存貨率,I3,化學工業,10506,67.00,％
存貨率,I3,化學工業,10507,70.32,％
存貨率,I3,化學工業,10508,68.16,％
存貨率,I3,化學工業,10509,74.21,％
存貨率,I3,化學工業,10510,69.72,％
存貨率,I3,化學工業,10511,65.94,％
存貨率,I3,化學工業,10512,64.06,％
存貨率,I3,化學工業,10601,70.98,％
存貨率,I3,化學工業,10602,76.75,％
存貨率,I3,化學工業,10603,69.74,％
存貨率,I3,化學工業,10604,80.57,％
存貨率,I3,化學工業,10605,71.17,％
存貨率,I3,化學工業,10606,67.83,％
存貨率,I3,化學工業,10607,69.27,％
存貨率,I3,化學工業,10608,65.80,％
存貨率,I3,化學工業,10609,67.42,％
存貨率,I3,化學工業,10610,67.77,％
存貨率,I3,化學工業,10611,68.04,％
存貨率,I3,化學工業,10612,64.26,％
存貨率,I3,化學工業,10701,62.67,％
存貨率,I3,化學工業,10702,76.67,％
存貨率,I3,化學工業,10703,64.98,％
存貨率,I3,化學工業,10704,67.98,％
存貨率,I3,化學工業,10705,65.83,％
存貨率,I3,化學工業,10706,65.31,％
存貨率,I3,化學工業,10707,69.15,％
存貨率,I3,化學工業,10708,67.43,％
存貨率,I3,化學工業,10709,73.01,％
存貨率,I3,化學工業,10710,74.00,％
存貨率,I3,化學工業,10711,75.05,％
存貨率,I3,化學工業,10712,74.03,％
存貨率,I3,化學工業,10801,65.37,％
存貨率,I3,化學工業,10802,86.26,％
存貨率,I3,化學工業,10803,73.88,％
存貨率,I3,化學工業,10804,73.61,％
存貨率,I3,化學工業,10805,73.02,％
存貨率,I3,化學工業,10806,74.29,％
存貨率,I3,化學工業,10807,70.44,％
存貨率,I3,化學工業,10808,72.19,％
存貨率,I3,化學工業,10809,76.50,％
存貨率,I3,化學工業,10810,69.45,％
存貨率,I3,化學工業,10811,76.63,％
存貨率,I3,化學工業,10812,71.18,％
存貨率,I3,化學工業,10901,77.19,％
存貨率,I3,化學工業,10902,78.77,％
存貨率,I3,化學工業,10903,75.92,％
存貨率,I3,化學工業,10904,87.70,％
存貨率,I3,化學工業,10905,89.68,％
存貨率,I3,化學工業,10906,82.37,％
存貨率,I3,化學工業,10907,79.73,％
存貨率,I3,化學工業,10908,81.86,％
存貨率,I3,化學工業,10909,75.01,％
存貨率,I3,化學工業,10910,76.63,％
存貨率,I3,化學工業,10911,72.26,％
存貨率,I3,化學工業,10912,65.04,％
存貨率,I3,化學工業,11001,69.71,％
存貨率,I3,化學工業,11002,79.39,％
存貨率,I3,化學工業,11003,65.08,％
存貨率,I3,化學工業,11004,69.11,％
存貨率,I3,化學工業,11005,68.55,％
存貨率,I3,化學工業,11006,75.92,％
存貨率,I3,化學工業,11007,71.84,％
存貨率,I3,化學工業,11008,76.09,％
存貨率,I3,化學工業,11009,76.77,％
存貨率,I3,化學工業,11010,74.56,％
存貨率,I3,化學工業,11011,77.36,％
存貨率,I3,化學工業,11012,72.97,％
存貨率,I3,化學工業,11101,71.11,％
存貨率,I3,化學工業,11102,89.17,％
存貨率,I3,化學工業,11103,68.53,％
存貨率,I3,化學工業,11104,75.68,％
存貨率,I3,化學工業,11105,77.81,％
存貨率,I3,化學工業,11106,76.37,％
存貨率,I3,化學工業,11107,83.53,％
存貨率,I3,化學工業,11108,80.85,％
存貨率,I3,化學工業,11109,83.83,％
存貨率,I3,化學工業,11110,86.61,％
存貨率,I3,化學工業,11111,88.63,％
存貨率,I3,化學工業,11112,83.80,％
存貨率,I3,化學工業,11201,98.38,％
存貨率,I3,化學工業,11202,91.31,％
存貨率,I3,化學工業,11203,78.00,％
存貨率,I3,化學工業,11204,95.02,％
存貨率,I3,化學工業,11205,88.56,％
存貨率,I3,化學工業,11206,92.31,％
存貨率,I3,化學工業,11207,91.14,％
存貨率,I3,化學工業,11208,81.69,％
存貨率,I3,化學工業,11209,86.65,％
存貨率,I3,化學工業,11210,88.83,％
存貨率,I3,化學工業,11211,90.84,％
存貨率,I3,化學工業,11212,86.65,％
存貨率,I3,化學工業,11301,81.68,％
存貨率,I3,化學工業,11302,100.20,％
存貨率,I3,化學工業,11303,83.66,％
存貨率,I3,化學工業,11304,89.26,％
存貨率,I3,化學工業,11305,79.58,％
存貨率,I3,化學工業,11306,88.11,％
存貨率,I3,化學工業,11307,89.10,％
存貨率,I3,化學工業,11308,86.25,％
存貨率,I3,化學工業,11309,92.95,％
存貨率,I3,化學工業,11310,94.51,％
存貨率,I3,化學工業,11311,88.85,％
存貨率,I3,化學工業,11312,89.83,％
存貨率,I3,化學工業,11401,96.51,％
存貨率,I3,化學工業,11402,95.34,％
存貨率,I3,化學工業,11403,87.95,％
存貨率,I3,化學工業,11404,94.34,％
存貨率,I3,化學工業,11405,92.34,％
存貨率,I3,化學工業,11406,88.65,％
存貨率,I3,化學工業,11407,87.80,％
存貨率,I3,化學工業,11408,93.01,％
存貨率,I3,化學工業,11409,91.82,％
存貨率,I3,化學工業,11410,94.83,％
存貨率,I3,化學工業,11411,100.96,％
存貨率,I3,化學工業,11412,87.58,％
存貨率,I3,化學工業,11501,84.89,％
存貨率,I3,化學工業,11502,108.13,％
存貨率,I3,化學工業,11503,80.96,％
存貨率,I3,化學工業,11504,89.77,％
存貨率,I3,化學工業,11505,102.19,％
存貨率,I3,化學工業,11506,101.23,％
存貨率,13,皮革、毛皮及其製品製造業,07101,47.21,％
存貨率,13,皮革、毛皮及其製品製造業,07102,48.46,％
存貨率,13,皮革、毛皮及其製品製造業,07103,39.68,％
存貨率,13,皮革、毛皮及其製品製造業,07104,41.65,％
存貨率,13,皮革、毛皮及其製品製造業,07105,38.70,％
存貨率,13,皮革、毛皮及其製品製造業,07106,41.37,％
存貨率,13,皮革、毛皮及其製品製造業,07107,41.73,％
存貨率,13,皮革、毛皮及其製品製造業,07108,45.20,％
存貨率,13,皮革、毛皮及其製品製造業,07109,44.08,％
存貨率,13,皮革、毛皮及其製品製造業,07110,43.08,％
存貨率,13,皮革、毛皮及其製品製造業,07111,44.79,％
存貨率,13,皮革、毛皮及其製品製造業,07112,33.90,％
存貨率,13,皮革、毛皮及其製品製造業,07201,35.13,％
存貨率,13,皮革、毛皮及其製品製造業,07202,57.05,％
存貨率,13,皮革、毛皮及其製品製造業,07203,39.68,％
存貨率,13,皮革、毛皮及其製品製造業,07204,45.75,％
存貨率,13,皮革、毛皮及其製品製造業,07205,48.03,％
存貨率,13,皮革、毛皮及其製品製造業,07206,42.30,％
存貨率,13,皮革、毛皮及其製品製造業,07207,37.86,％
存貨率,13,皮革、毛皮及其製品製造業,07208,38.10,％
存貨率,13,皮革、毛皮及其製品製造業,07209,39.40,％
存貨率,13,皮革、毛皮及其製品製造業,07210,35.72,％
存貨率,13,皮革、毛皮及其製品製造業,07211,29.14,％
存貨率,13,皮革、毛皮及其製品製造業,07212,33.07,％
存貨率,13,皮革、毛皮及其製品製造業,07301,36.41,％
存貨率,13,皮革、毛皮及其製品製造業,07302,64.45,％
存貨率,13,皮革、毛皮及其製品製造業,07303,53.84,％
存貨率,13,皮革、毛皮及其製品製造業,07304,39.93,％
存貨率,13,皮革、毛皮及其製品製造業,07305,31.65,％
存貨率,13,皮革、毛皮及其製品製造業,07306,35.25,％
存貨率,13,皮革、毛皮及其製品製造業,07307,38.49,％
存貨率,13,皮革、毛皮及其製品製造業,07308,40.75,％
存貨率,13,皮革、毛皮及其製品製造業,07309,51.01,％
存貨率,13,皮革、毛皮及其製品製造業,07310,56.70,％
存貨率,13,皮革、毛皮及其製品製造業,07311,51.91,％
存貨率,13,皮革、毛皮及其製品製造業,07312,43.84,％
存貨率,13,皮革、毛皮及其製品製造業,07401,45.63,％
存貨率,13,皮革、毛皮及其製品製造業,07402,48.63,％
存貨率,13,皮革、毛皮及其製品製造業,07403,54.07,％
存貨率,13,皮革、毛皮及其製品製造業,07404,57.23,％
存貨率,13,皮革、毛皮及其製品製造業,07405,38.64,％
存貨率,13,皮革、毛皮及其製品製造業,07406,46.56,％
存貨率,13,皮革、毛皮及其製品製造業,07407,45.96,％
存貨率,13,皮革、毛皮及其製品製造業,07408,44.49,％
存貨率,13,皮革、毛皮及其製品製造業,07409,53.63,％
存貨率,13,皮革、毛皮及其製品製造業,07410,60.49,％
存貨率,13,皮革、毛皮及其製品製造業,07411,52.60,％
存貨率,13,皮革、毛皮及其製品製造業,07412,43.79,％
存貨率,13,皮革、毛皮及其製品製造業,07501,29.10,％
存貨率,13,皮革、毛皮及其製品製造業,07502,51.27,％
存貨率,13,皮革、毛皮及其製品製造業,07503,46.12,％
存貨率,13,皮革、毛皮及其製品製造業,07504,52.76,％
存貨率,13,皮革、毛皮及其製品製造業,07505,45.58,％
存貨率,13,皮革、毛皮及其製品製造業,07506,39.36,％
存貨率,13,皮革、毛皮及其製品製造業,07507,38.44,％
存貨率,13,皮革、毛皮及其製品製造業,07508,45.29,％
存貨率,13,皮革、毛皮及其製品製造業,07509,52.78,％
存貨率,13,皮革、毛皮及其製品製造業,07510,43.98,％
存貨率,13,皮革、毛皮及其製品製造業,07511,48.93,％
存貨率,13,皮革、毛皮及其製品製造業,07512,29.42,％
存貨率,13,皮革、毛皮及其製品製造業,07601,31.38,％
存貨率,13,皮革、毛皮及其製品製造業,07602,46.14,％
存貨率,13,皮革、毛皮及其製品製造業,07603,46.47,％
存貨率,13,皮革、毛皮及其製品製造業,07604,56.29,％
存貨率,13,皮革、毛皮及其製品製造業,07605,45.97,％
存貨率,13,皮革、毛皮及其製品製造業,07606,41.82,％
存貨率,13,皮革、毛皮及其製品製造業,07607,44.65,％
存貨率,13,皮革、毛皮及其製品製造業,07608,47.76,％
存貨率,13,皮革、毛皮及其製品製造業,07609,48.00,％
存貨率,13,皮革、毛皮及其製品製造業,07610,61.65,％
存貨率,13,皮革、毛皮及其製品製造業,07611,55.26,％
存貨率,13,皮革、毛皮及其製品製造業,07612,42.36,％
存貨率,13,皮革、毛皮及其製品製造業,07701,47.43,％
存貨率,13,皮革、毛皮及其製品製造業,07702,50.00,％
存貨率,13,皮革、毛皮及其製品製造業,07703,43.45,％
存貨率,13,皮革、毛皮及其製品製造業,07704,49.37,％
存貨率,13,皮革、毛皮及其製品製造業,07705,48.22,％
存貨率,13,皮革、毛皮及其製品製造業,07706,40.44,％
存貨率,13,皮革、毛皮及其製品製造業,07707,37.45,％
存貨率,13,皮革、毛皮及其製品製造業,07708,47.00,％
存貨率,13,皮革、毛皮及其製品製造業,07709,49.10,％
存貨率,13,皮革、毛皮及其製品製造業,07710,51.62,％
存貨率,13,皮革、毛皮及其製品製造業,07711,54.33,％
存貨率,13,皮革、毛皮及其製品製造業,07712,38.08,％
存貨率,13,皮革、毛皮及其製品製造業,07801,56.89,％
存貨率,13,皮革、毛皮及其製品製造業,07802,66.22,％
存貨率,13,皮革、毛皮及其製品製造業,07803,43.34,％
存貨率,13,皮革、毛皮及其製品製造業,07804,43.35,％
存貨率,13,皮革、毛皮及其製品製造業,07805,44.82,％
存貨率,13,皮革、毛皮及其製品製造業,07806,41.11,％
存貨率,13,皮革、毛皮及其製品製造業,07807,41.90,％
存貨率,13,皮革、毛皮及其製品製造業,07808,39.39,％
存貨率,13,皮革、毛皮及其製品製造業,07809,44.22,％
存貨率,13,皮革、毛皮及其製品製造業,07810,45.67,％
存貨率,13,皮革、毛皮及其製品製造業,07811,44.60,％
存貨率,13,皮革、毛皮及其製品製造業,07812,35.62,％
存貨率,13,皮革、毛皮及其製品製造業,07901,40.83,％
存貨率,13,皮革、毛皮及其製品製造業,07902,48.77,％
存貨率,13,皮革、毛皮及其製品製造業,07903,38.13,％
存貨率,13,皮革、毛皮及其製品製造業,07904,45.14,％
存貨率,13,皮革、毛皮及其製品製造業,07905,41.94,％
存貨率,13,皮革、毛皮及其製品製造業,07906,40.13,％
存貨率,13,皮革、毛皮及其製品製造業,07907,46.00,％
存貨率,13,皮革、毛皮及其製品製造業,07908,44.02,％
存貨率,13,皮革、毛皮及其製品製造業,07909,43.54,％
存貨率,13,皮革、毛皮及其製品製造業,07910,42.47,％
存貨率,13,皮革、毛皮及其製品製造業,07911,38.05,％
存貨率,13,皮革、毛皮及其製品製造業,07912,40.63,％
存貨率,13,皮革、毛皮及其製品製造業,08001,29.77,％
存貨率,13,皮革、毛皮及其製品製造業,08002,41.47,％
存貨率,13,皮革、毛皮及其製品製造業,08003,29.84,％
存貨率,13,皮革、毛皮及其製品製造業,08004,38.74,％
存貨率,13,皮革、毛皮及其製品製造業,08005,39.52,％
存貨率,13,皮革、毛皮及其製品製造業,08006,38.23,％
存貨率,13,皮革、毛皮及其製品製造業,08007,37.92,％
存貨率,13,皮革、毛皮及其製品製造業,08008,37.22,％
存貨率,13,皮革、毛皮及其製品製造業,08009,42.38,％
存貨率,13,皮革、毛皮及其製品製造業,08010,43.64,％
存貨率,13,皮革、毛皮及其製品製造業,08011,42.16,％
存貨率,13,皮革、毛皮及其製品製造業,08012,42.32,％
存貨率,13,皮革、毛皮及其製品製造業,08101,44.21,％
存貨率,13,皮革、毛皮及其製品製造業,08102,71.25,％
存貨率,13,皮革、毛皮及其製品製造業,08103,51.21,％
存貨率,13,皮革、毛皮及其製品製造業,08104,53.74,％
存貨率,13,皮革、毛皮及其製品製造業,08105,64.42,％
存貨率,13,皮革、毛皮及其製品製造業,08106,63.91,％
存貨率,13,皮革、毛皮及其製品製造業,08107,47.88,％
存貨率,13,皮革、毛皮及其製品製造業,08108,59.13,％
存貨率,13,皮革、毛皮及其製品製造業,08109,64.09,％
存貨率,13,皮革、毛皮及其製品製造業,08110,57.59,％
存貨率,13,皮革、毛皮及其製品製造業,08111,50.02,％
存貨率,13,皮革、毛皮及其製品製造業,08112,39.71,％
存貨率,13,皮革、毛皮及其製品製造業,08201,52.36,％
存貨率,13,皮革、毛皮及其製品製造業,08202,46.98,％
存貨率,13,皮革、毛皮及其製品製造業,08203,48.13,％
存貨率,13,皮革、毛皮及其製品製造業,08204,44.46,％
存貨率,13,皮革、毛皮及其製品製造業,08205,47.73,％
存貨率,13,皮革、毛皮及其製品製造業,08206,47.73,％
存貨率,13,皮革、毛皮及其製品製造業,08207,42.29,％
存貨率,13,皮革、毛皮及其製品製造業,08208,39.95,％
存貨率,13,皮革、毛皮及其製品製造業,08209,44.88,％
存貨率,13,皮革、毛皮及其製品製造業,08210,44.14,％
存貨率,13,皮革、毛皮及其製品製造業,08211,44.97,％
存貨率,13,皮革、毛皮及其製品製造業,08212,37.86,％
存貨率,13,皮革、毛皮及其製品製造業,08301,38.75,％
存貨率,13,皮革、毛皮及其製品製造業,08302,48.27,％
存貨率,13,皮革、毛皮及其製品製造業,08303,34.25,％
存貨率,13,皮革、毛皮及其製品製造業,08304,36.06,％
存貨率,13,皮革、毛皮及其製品製造業,08305,34.43,％
存貨率,13,皮革、毛皮及其製品製造業,08306,35.02,％
存貨率,13,皮革、毛皮及其製品製造業,08307,31.78,％
存貨率,13,皮革、毛皮及其製品製造業,08308,35.49,％
存貨率,13,皮革、毛皮及其製品製造業,08309,37.64,％
存貨率,13,皮革、毛皮及其製品製造業,08310,38.70,％
存貨率,13,皮革、毛皮及其製品製造業,08311,38.00,％
存貨率,13,皮革、毛皮及其製品製造業,08312,35.98,％
存貨率,13,皮革、毛皮及其製品製造業,08401,40.03,％
存貨率,13,皮革、毛皮及其製品製造業,08402,53.37,％
存貨率,13,皮革、毛皮及其製品製造業,08403,35.68,％
存貨率,13,皮革、毛皮及其製品製造業,08404,37.19,％
存貨率,13,皮革、毛皮及其製品製造業,08405,34.05,％
存貨率,13,皮革、毛皮及其製品製造業,08406,39.61,％
存貨率,13,皮革、毛皮及其製品製造業,08407,43.88,％
存貨率,13,皮革、毛皮及其製品製造業,08408,41.49,％
存貨率,13,皮革、毛皮及其製品製造業,08409,41.86,％
存貨率,13,皮革、毛皮及其製品製造業,08410,40.10,％
存貨率,13,皮革、毛皮及其製品製造業,08411,38.35,％
存貨率,13,皮革、毛皮及其製品製造業,08412,38.21,％
存貨率,13,皮革、毛皮及其製品製造業,08501,40.15,％
存貨率,13,皮革、毛皮及其製品製造業,08502,51.75,％
存貨率,13,皮革、毛皮及其製品製造業,08503,37.15,％
存貨率,13,皮革、毛皮及其製品製造業,08504,35.02,％
存貨率,13,皮革、毛皮及其製品製造業,08505,36.47,％
存貨率,13,皮革、毛皮及其製品製造業,08506,38.05,％
存貨率,13,皮革、毛皮及其製品製造業,08507,40.29,％
存貨率,13,皮革、毛皮及其製品製造業,08508,36.99,％
存貨率,13,皮革、毛皮及其製品製造業,08509,43.00,％
存貨率,13,皮革、毛皮及其製品製造業,08510,39.46,％
存貨率,13,皮革、毛皮及其製品製造業,08511,34.41,％
存貨率,13,皮革、毛皮及其製品製造業,08512,39.80,％
存貨率,13,皮革、毛皮及其製品製造業,08601,36.40,％
存貨率,13,皮革、毛皮及其製品製造業,08602,50.65,％
存貨率,13,皮革、毛皮及其製品製造業,08603,31.70,％
存貨率,13,皮革、毛皮及其製品製造業,08604,33.88,％
存貨率,13,皮革、毛皮及其製品製造業,08605,33.22,％
存貨率,13,皮革、毛皮及其製品製造業,08606,37.11,％
存貨率,13,皮革、毛皮及其製品製造業,08607,39.35,％
存貨率,13,皮革、毛皮及其製品製造業,08608,42.15,％
存貨率,13,皮革、毛皮及其製品製造業,08609,44.91,％
存貨率,13,皮革、毛皮及其製品製造業,08610,39.09,％
存貨率,13,皮革、毛皮及其製品製造業,08611,39.40,％
存貨率,13,皮革、毛皮及其製品製造業,08612,36.44,％
存貨率,13,皮革、毛皮及其製品製造業,08701,45.50,％
存貨率,13,皮革、毛皮及其製品製造業,08702,45.90,％
存貨率,13,皮革、毛皮及其製品製造業,08703,33.99,％
存貨率,13,皮革、毛皮及其製品製造業,08704,31.98,％
存貨率,13,皮革、毛皮及其製品製造業,08705,35.56,％
存貨率,13,皮革、毛皮及其製品製造業,08706,36.29,％
存貨率,13,皮革、毛皮及其製品製造業,08707,38.23,％
存貨率,13,皮革、毛皮及其製品製造業,08708,43.30,％
存貨率,13,皮革、毛皮及其製品製造業,08709,43.62,％
存貨率,13,皮革、毛皮及其製品製造業,08710,42.72,％
存貨率,13,皮革、毛皮及其製品製造業,08711,46.41,％
存貨率,13,皮革、毛皮及其製品製造業,08712,44.63,％
存貨率,13,皮革、毛皮及其製品製造業,08801,51.21,％
存貨率,13,皮革、毛皮及其製品製造業,08802,56.24,％
存貨率,13,皮革、毛皮及其製品製造業,08803,38.35,％
存貨率,13,皮革、毛皮及其製品製造業,08804,39.29,％
存貨率,13,皮革、毛皮及其製品製造業,08805,42.39,％
存貨率,13,皮革、毛皮及其製品製造業,08806,44.96,％
存貨率,13,皮革、毛皮及其製品製造業,08807,45.45,％
存貨率,13,皮革、毛皮及其製品製造業,08808,51.25,％
存貨率,13,皮革、毛皮及其製品製造業,08809,52.82,％
存貨率,13,皮革、毛皮及其製品製造業,08810,43.88,％
存貨率,13,皮革、毛皮及其製品製造業,08811,47.66,％
存貨率,13,皮革、毛皮及其製品製造業,08812,49.45,％
存貨率,13,皮革、毛皮及其製品製造業,08901,68.50,％
存貨率,13,皮革、毛皮及其製品製造業,08902,81.22,％
存貨率,13,皮革、毛皮及其製品製造業,08903,51.22,％
存貨率,13,皮革、毛皮及其製品製造業,08904,59.22,％
存貨率,13,皮革、毛皮及其製品製造業,08905,66.05,％
存貨率,13,皮革、毛皮及其製品製造業,08906,58.51,％
存貨率,13,皮革、毛皮及其製品製造業,08907,63.40,％
存貨率,13,皮革、毛皮及其製品製造業,08908,57.67,％
存貨率,13,皮革、毛皮及其製品製造業,08909,60.12,％
存貨率,13,皮革、毛皮及其製品製造業,08910,59.52,％
存貨率,13,皮革、毛皮及其製品製造業,08911,56.91,％
存貨率,13,皮革、毛皮及其製品製造業,08912,61.34,％
存貨率,13,皮革、毛皮及其製品製造業,09001,85.04,％
存貨率,13,皮革、毛皮及其製品製造業,09002,74.50,％
存貨率,13,皮革、毛皮及其製品製造業,09003,62.37,％
存貨率,13,皮革、毛皮及其製品製造業,09004,62.17,％
存貨率,13,皮革、毛皮及其製品製造業,09005,59.96,％
存貨率,13,皮革、毛皮及其製品製造業,09006,63.66,％
存貨率,13,皮革、毛皮及其製品製造業,09007,68.52,％
存貨率,13,皮革、毛皮及其製品製造業,09008,69.49,％
存貨率,13,皮革、毛皮及其製品製造業,09009,81.54,％
存貨率,13,皮革、毛皮及其製品製造業,09010,77.61,％
存貨率,13,皮革、毛皮及其製品製造業,09011,64.43,％
存貨率,13,皮革、毛皮及其製品製造業,09012,78.65,％
存貨率,13,皮革、毛皮及其製品製造業,09101,77.63,％
存貨率,13,皮革、毛皮及其製品製造業,09102,98.27,％
存貨率,13,皮革、毛皮及其製品製造業,09103,62.83,％
存貨率,13,皮革、毛皮及其製品製造業,09104,61.60,％
存貨率,13,皮革、毛皮及其製品製造業,09105,56.10,％
存貨率,13,皮革、毛皮及其製品製造業,09106,66.99,％
存貨率,13,皮革、毛皮及其製品製造業,09107,71.60,％
存貨率,13,皮革、毛皮及其製品製造業,09108,76.48,％
存貨率,13,皮革、毛皮及其製品製造業,09109,79.33,％
存貨率,13,皮革、毛皮及其製品製造業,09110,72.57,％
存貨率,13,皮革、毛皮及其製品製造業,09111,83.30,％
存貨率,13,皮革、毛皮及其製品製造業,09112,71.93,％
存貨率,13,皮革、毛皮及其製品製造業,09201,84.18,％
存貨率,13,皮革、毛皮及其製品製造業,09202,81.38,％
存貨率,13,皮革、毛皮及其製品製造業,09203,60.19,％
存貨率,13,皮革、毛皮及其製品製造業,09204,56.25,％
存貨率,13,皮革、毛皮及其製品製造業,09205,55.07,％
存貨率,13,皮革、毛皮及其製品製造業,09206,60.02,％
存貨率,13,皮革、毛皮及其製品製造業,09207,61.95,％
存貨率,13,皮革、毛皮及其製品製造業,09208,70.60,％
存貨率,13,皮革、毛皮及其製品製造業,09209,67.91,％
存貨率,13,皮革、毛皮及其製品製造業,09210,55.81,％
存貨率,13,皮革、毛皮及其製品製造業,09211,48.51,％
存貨率,13,皮革、毛皮及其製品製造業,09212,34.53,％
存貨率,13,皮革、毛皮及其製品製造業,09301,50.43,％
存貨率,13,皮革、毛皮及其製品製造業,09302,41.87,％
存貨率,13,皮革、毛皮及其製品製造業,09303,37.42,％
存貨率,13,皮革、毛皮及其製品製造業,09304,31.88,％
存貨率,13,皮革、毛皮及其製品製造業,09305,32.54,％
存貨率,13,皮革、毛皮及其製品製造業,09306,33.46,％
存貨率,13,皮革、毛皮及其製品製造業,09307,33.82,％
存貨率,13,皮革、毛皮及其製品製造業,09308,39.32,％
存貨率,13,皮革、毛皮及其製品製造業,09309,38.88,％
存貨率,13,皮革、毛皮及其製品製造業,09310,38.71,％
存貨率,13,皮革、毛皮及其製品製造業,09311,36.98,％
存貨率,13,皮革、毛皮及其製品製造業,09312,33.19,％
存貨率,13,皮革、毛皮及其製品製造業,09401,43.42,％
存貨率,13,皮革、毛皮及其製品製造業,09402,55.32,％
存貨率,13,皮革、毛皮及其製品製造業,09403,34.70,％
存貨率,13,皮革、毛皮及其製品製造業,09404,38.88,％
存貨率,13,皮革、毛皮及其製品製造業,09405,39.61,％
存貨率,13,皮革、毛皮及其製品製造業,09406,42.78,％
存貨率,13,皮革、毛皮及其製品製造業,09407,44.87,％
存貨率,13,皮革、毛皮及其製品製造業,09408,43.24,％
存貨率,13,皮革、毛皮及其製品製造業,09409,45.84,％
存貨率,13,皮革、毛皮及其製品製造業,09410,44.35,％
存貨率,13,皮革、毛皮及其製品製造業,09411,48.40,％
存貨率,13,皮革、毛皮及其製品製造業,09412,40.92,％
存貨率,13,皮革、毛皮及其製品製造業,09501,56.36,％
存貨率,13,皮革、毛皮及其製品製造業,09502,65.19,％
存貨率,13,皮革、毛皮及其製品製造業,09503,43.74,％
存貨率,13,皮革、毛皮及其製品製造業,09504,42.63,％
存貨率,13,皮革、毛皮及其製品製造業,09505,42.28,％
存貨率,13,皮革、毛皮及其製品製造業,09506,41.48,％
存貨率,13,皮革、毛皮及其製品製造業,09507,47.26,％
存貨率,13,皮革、毛皮及其製品製造業,09508,46.27,％
存貨率,13,皮革、毛皮及其製品製造業,09509,50.49,％
存貨率,13,皮革、毛皮及其製品製造業,09510,48.17,％
存貨率,13,皮革、毛皮及其製品製造業,09511,43.68,％
存貨率,13,皮革、毛皮及其製品製造業,09512,42.53,％
存貨率,13,皮革、毛皮及其製品製造業,09601,47.46,％
存貨率,13,皮革、毛皮及其製品製造業,09602,71.96,％
存貨率,13,皮革、毛皮及其製品製造業,09603,38.37,％
存貨率,13,皮革、毛皮及其製品製造業,09604,42.40,％
存貨率,13,皮革、毛皮及其製品製造業,09605,36.84,％
存貨率,13,皮革、毛皮及其製品製造業,09606,41.97,％
存貨率,13,皮革、毛皮及其製品製造業,09607,48.45,％
存貨率,13,皮革、毛皮及其製品製造業,09608,46.45,％
存貨率,13,皮革、毛皮及其製品製造業,09609,50.93,％
存貨率,13,皮革、毛皮及其製品製造業,09610,43.82,％
存貨率,13,皮革、毛皮及其製品製造業,09611,43.41,％
存貨率,13,皮革、毛皮及其製品製造業,09612,46.08,％
存貨率,13,皮革、毛皮及其製品製造業,09701,56.28,％
存貨率,13,皮革、毛皮及其製品製造業,09702,62.40,％
存貨率,13,皮革、毛皮及其製品製造業,09703,33.11,％
存貨率,13,皮革、毛皮及其製品製造業,09704,40.54,％
存貨率,13,皮革、毛皮及其製品製造業,09705,38.85,％
存貨率,13,皮革、毛皮及其製品製造業,09706,44.61,％
存貨率,13,皮革、毛皮及其製品製造業,09707,48.51,％
存貨率,13,皮革、毛皮及其製品製造業,09708,43.70,％
存貨率,13,皮革、毛皮及其製品製造業,09709,52.05,％
存貨率,13,皮革、毛皮及其製品製造業,09710,46.09,％
存貨率,13,皮革、毛皮及其製品製造業,09711,50.62,％
存貨率,13,皮革、毛皮及其製品製造業,09712,49.83,％
存貨率,13,皮革、毛皮及其製品製造業,09801,68.40,％
存貨率,13,皮革、毛皮及其製品製造業,09802,54.91,％
存貨率,13,皮革、毛皮及其製品製造業,09803,46.59,％
存貨率,13,皮革、毛皮及其製品製造業,09804,41.73,％
存貨率,13,皮革、毛皮及其製品製造業,09805,45.81,％
存貨率,13,皮革、毛皮及其製品製造業,09806,43.59,％
存貨率,13,皮革、毛皮及其製品製造業,09807,43.40,％
存貨率,13,皮革、毛皮及其製品製造業,09808,44.48,％
存貨率,13,皮革、毛皮及其製品製造業,09809,33.99,％
存貨率,13,皮革、毛皮及其製品製造業,09810,38.82,％
存貨率,13,皮革、毛皮及其製品製造業,09811,38.38,％
存貨率,13,皮革、毛皮及其製品製造業,09812,36.35,％
存貨率,13,皮革、毛皮及其製品製造業,09901,37.42,％
存貨率,13,皮革、毛皮及其製品製造業,09902,45.86,％
存貨率,13,皮革、毛皮及其製品製造業,09903,26.93,％
存貨率,13,皮革、毛皮及其製品製造業,09904,24.70,％
存貨率,13,皮革、毛皮及其製品製造業,09905,26.38,％
存貨率,13,皮革、毛皮及其製品製造業,09906,25.20,％
存貨率,13,皮革、毛皮及其製品製造業,09907,27.65,％
存貨率,13,皮革、毛皮及其製品製造業,09908,29.07,％
存貨率,13,皮革、毛皮及其製品製造業,09909,30.62,％
存貨率,13,皮革、毛皮及其製品製造業,09910,29.25,％
存貨率,13,皮革、毛皮及其製品製造業,09911,34.04,％
存貨率,13,皮革、毛皮及其製品製造業,09912,28.55,％
存貨率,13,皮革、毛皮及其製品製造業,10001,34.91,％
存貨率,13,皮革、毛皮及其製品製造業,10002,43.72,％
存貨率,13,皮革、毛皮及其製品製造業,10003,24.31,％
存貨率,13,皮革、毛皮及其製品製造業,10004,26.39,％
存貨率,13,皮革、毛皮及其製品製造業,10005,25.56,％
存貨率,13,皮革、毛皮及其製品製造業,10006,25.39,％
存貨率,13,皮革、毛皮及其製品製造業,10007,24.87,％
存貨率,13,皮革、毛皮及其製品製造業,10008,25.70,％
存貨率,13,皮革、毛皮及其製品製造業,10009,24.30,％
存貨率,13,皮革、毛皮及其製品製造業,10010,27.62,％
存貨率,13,皮革、毛皮及其製品製造業,10011,28.31,％
存貨率,13,皮革、毛皮及其製品製造業,10012,30.72,％
存貨率,13,皮革、毛皮及其製品製造業,10101,33.68,％
存貨率,13,皮革、毛皮及其製品製造業,10102,31.21,％
存貨率,13,皮革、毛皮及其製品製造業,10103,24.61,％
存貨率,13,皮革、毛皮及其製品製造業,10104,25.42,％
存貨率,13,皮革、毛皮及其製品製造業,10105,24.21,％
存貨率,13,皮革、毛皮及其製品製造業,10106,26.15,％
存貨率,13,皮革、毛皮及其製品製造業,10107,28.98,％
存貨率,13,皮革、毛皮及其製品製造業,10108,27.13,％
存貨率,13,皮革、毛皮及其製品製造業,10109,32.43,％
存貨率,13,皮革、毛皮及其製品製造業,10110,27.22,％
存貨率,13,皮革、毛皮及其製品製造業,10111,29.04,％
存貨率,13,皮革、毛皮及其製品製造業,10112,28.05,％
存貨率,13,皮革、毛皮及其製品製造業,10201,23.39,％
存貨率,13,皮革、毛皮及其製品製造業,10202,44.30,％
存貨率,13,皮革、毛皮及其製品製造業,10203,21.48,％
存貨率,13,皮革、毛皮及其製品製造業,10204,24.16,％
存貨率,13,皮革、毛皮及其製品製造業,10205,20.00,％
存貨率,13,皮革、毛皮及其製品製造業,10206,24.21,％
存貨率,13,皮革、毛皮及其製品製造業,10207,22.73,％
存貨率,13,皮革、毛皮及其製品製造業,10208,26.33,％
存貨率,13,皮革、毛皮及其製品製造業,10209,25.75,％
存貨率,13,皮革、毛皮及其製品製造業,10210,22.36,％
存貨率,13,皮革、毛皮及其製品製造業,10211,28.33,％
存貨率,13,皮革、毛皮及其製品製造業,10212,28.81,％
存貨率,13,皮革、毛皮及其製品製造業,10301,31.34,％
存貨率,13,皮革、毛皮及其製品製造業,10302,38.38,％
存貨率,13,皮革、毛皮及其製品製造業,10303,23.25,％
存貨率,13,皮革、毛皮及其製品製造業,10304,22.01,％
存貨率,13,皮革、毛皮及其製品製造業,10305,21.89,％
存貨率,13,皮革、毛皮及其製品製造業,10306,25.53,％
存貨率,13,皮革、毛皮及其製品製造業,10307,24.93,％
存貨率,13,皮革、毛皮及其製品製造業,10308,24.28,％
存貨率,13,皮革、毛皮及其製品製造業,10309,30.10,％
存貨率,13,皮革、毛皮及其製品製造業,10310,26.69,％
存貨率,13,皮革、毛皮及其製品製造業,10311,28.67,％
存貨率,13,皮革、毛皮及其製品製造業,10312,26.22,％
存貨率,13,皮革、毛皮及其製品製造業,10401,29.05,％
存貨率,13,皮革、毛皮及其製品製造業,10402,39.99,％
存貨率,13,皮革、毛皮及其製品製造業,10403,24.84,％
存貨率,13,皮革、毛皮及其製品製造業,10404,26.74,％
存貨率,13,皮革、毛皮及其製品製造業,10405,33.17,％
存貨率,13,皮革、毛皮及其製品製造業,10406,31.02,％
存貨率,13,皮革、毛皮及其製品製造業,10407,34.77,％
存貨率,13,皮革、毛皮及其製品製造業,10408,43.25,％
存貨率,13,皮革、毛皮及其製品製造業,10409,37.83,％
存貨率,13,皮革、毛皮及其製品製造業,10410,35.97,％
存貨率,13,皮革、毛皮及其製品製造業,10411,39.09,％
存貨率,13,皮革、毛皮及其製品製造業,10412,43.69,％
存貨率,13,皮革、毛皮及其製品製造業,10501,45.00,％
存貨率,13,皮革、毛皮及其製品製造業,10502,56.45,％
存貨率,13,皮革、毛皮及其製品製造業,10503,29.60,％
存貨率,13,皮革、毛皮及其製品製造業,10504,34.85,％
存貨率,13,皮革、毛皮及其製品製造業,10505,37.34,％
存貨率,13,皮革、毛皮及其製品製造業,10506,36.68,％
存貨率,13,皮革、毛皮及其製品製造業,10507,40.45,％
存貨率,13,皮革、毛皮及其製品製造業,10508,41.92,％
存貨率,13,皮革、毛皮及其製品製造業,10509,44.12,％
存貨率,13,皮革、毛皮及其製品製造業,10510,38.28,％
存貨率,13,皮革、毛皮及其製品製造業,10511,38.34,％
存貨率,13,皮革、毛皮及其製品製造業,10512,34.07,％
存貨率,13,皮革、毛皮及其製品製造業,10601,38.54,％
存貨率,13,皮革、毛皮及其製品製造業,10602,39.28,％
存貨率,13,皮革、毛皮及其製品製造業,10603,27.72,％
存貨率,13,皮革、毛皮及其製品製造業,10604,37.65,％
存貨率,13,皮革、毛皮及其製品製造業,10605,33.75,％
存貨率,13,皮革、毛皮及其製品製造業,10606,35.74,％
存貨率,13,皮革、毛皮及其製品製造業,10607,43.78,％
存貨率,13,皮革、毛皮及其製品製造業,10608,34.72,％
存貨率,13,皮革、毛皮及其製品製造業,10609,35.82,％
存貨率,13,皮革、毛皮及其製品製造業,10610,44.70,％
存貨率,13,皮革、毛皮及其製品製造業,10611,38.92,％
存貨率,13,皮革、毛皮及其製品製造業,10612,38.89,％
存貨率,13,皮革、毛皮及其製品製造業,10701,34.64,％
存貨率,13,皮革、毛皮及其製品製造業,10702,46.24,％
存貨率,13,皮革、毛皮及其製品製造業,10703,21.25,％
存貨率,13,皮革、毛皮及其製品製造業,10704,28.69,％
存貨率,13,皮革、毛皮及其製品製造業,10705,25.73,％
存貨率,13,皮革、毛皮及其製品製造業,10706,26.77,％
存貨率,13,皮革、毛皮及其製品製造業,10707,29.84,％
存貨率,13,皮革、毛皮及其製品製造業,10708,28.92,％
存貨率,13,皮革、毛皮及其製品製造業,10709,30.98,％
存貨率,13,皮革、毛皮及其製品製造業,10710,35.04,％
存貨率,13,皮革、毛皮及其製品製造業,10711,39.10,％
存貨率,13,皮革、毛皮及其製品製造業,10712,37.72,％
存貨率,13,皮革、毛皮及其製品製造業,10801,30.57,％
存貨率,13,皮革、毛皮及其製品製造業,10802,48.61,％
存貨率,13,皮革、毛皮及其製品製造業,10803,26.10,％
存貨率,13,皮革、毛皮及其製品製造業,10804,24.05,％
存貨率,13,皮革、毛皮及其製品製造業,10805,24.55,％
存貨率,13,皮革、毛皮及其製品製造業,10806,29.01,％
存貨率,13,皮革、毛皮及其製品製造業,10807,33.90,％
存貨率,13,皮革、毛皮及其製品製造業,10808,39.40,％
存貨率,13,皮革、毛皮及其製品製造業,10809,38.88,％
存貨率,13,皮革、毛皮及其製品製造業,10810,34.00,％
存貨率,13,皮革、毛皮及其製品製造業,10811,39.17,％
存貨率,13,皮革、毛皮及其製品製造業,10812,36.36,％
存貨率,13,皮革、毛皮及其製品製造業,10901,46.05,％
存貨率,13,皮革、毛皮及其製品製造業,10902,46.72,％
存貨率,13,皮革、毛皮及其製品製造業,10903,40.40,％
存貨率,13,皮革、毛皮及其製品製造業,10904,59.31,％
存貨率,13,皮革、毛皮及其製品製造業,10905,72.93,％
存貨率,13,皮革、毛皮及其製品製造業,10906,58.46,％
存貨率,13,皮革、毛皮及其製品製造業,10907,66.19,％
存貨率,13,皮革、毛皮及其製品製造業,10908,68.84,％
存貨率,13,皮革、毛皮及其製品製造業,10909,66.19,％
存貨率,13,皮革、毛皮及其製品製造業,10910,60.59,％
存貨率,13,皮革、毛皮及其製品製造業,10911,64.05,％
存貨率,13,皮革、毛皮及其製品製造業,10912,51.85,％
存貨率,13,皮革、毛皮及其製品製造業,11001,57.69,％
存貨率,13,皮革、毛皮及其製品製造業,11002,87.88,％
存貨率,13,皮革、毛皮及其製品製造業,11003,45.84,％
存貨率,13,皮革、毛皮及其製品製造業,11004,49.01,％
存貨率,13,皮革、毛皮及其製品製造業,11005,57.33,％
存貨率,13,皮革、毛皮及其製品製造業,11006,74.16,％
存貨率,13,皮革、毛皮及其製品製造業,11007,75.22,％
存貨率,13,皮革、毛皮及其製品製造業,11008,77.81,％
存貨率,13,皮革、毛皮及其製品製造業,11009,85.11,％
存貨率,13,皮革、毛皮及其製品製造業,11010,74.33,％
存貨率,13,皮革、毛皮及其製品製造業,11011,75.78,％
存貨率,13,皮革、毛皮及其製品製造業,11012,63.74,％
存貨率,13,皮革、毛皮及其製品製造業,11101,59.24,％
存貨率,13,皮革、毛皮及其製品製造業,11102,85.42,％
存貨率,13,皮革、毛皮及其製品製造業,11103,45.53,％
存貨率,13,皮革、毛皮及其製品製造業,11104,47.06,％
存貨率,13,皮革、毛皮及其製品製造業,11105,63.38,％
存貨率,13,皮革、毛皮及其製品製造業,11106,67.52,％
存貨率,13,皮革、毛皮及其製品製造業,11107,62.26,％
存貨率,13,皮革、毛皮及其製品製造業,11108,58.65,％
存貨率,13,皮革、毛皮及其製品製造業,11109,61.16,％
存貨率,13,皮革、毛皮及其製品製造業,11110,85.44,％
存貨率,13,皮革、毛皮及其製品製造業,11111,79.00,％
存貨率,13,皮革、毛皮及其製品製造業,11112,68.85,％
存貨率,13,皮革、毛皮及其製品製造業,11201,100.26,％
存貨率,13,皮革、毛皮及其製品製造業,11202,90.57,％
存貨率,13,皮革、毛皮及其製品製造業,11203,85.17,％
存貨率,13,皮革、毛皮及其製品製造業,11204,97.03,％
存貨率,13,皮革、毛皮及其製品製造業,11205,77.99,％
存貨率,13,皮革、毛皮及其製品製造業,11206,80.80,％
存貨率,13,皮革、毛皮及其製品製造業,11207,87.17,％
存貨率,13,皮革、毛皮及其製品製造業,11208,77.74,％
存貨率,13,皮革、毛皮及其製品製造業,11209,79.69,％
存貨率,13,皮革、毛皮及其製品製造業,11210,81.07,％
存貨率,13,皮革、毛皮及其製品製造業,11211,86.94,％
存貨率,13,皮革、毛皮及其製品製造業,11212,82.61,％
存貨率,13,皮革、毛皮及其製品製造業,11301,105.11,％
存貨率,13,皮革、毛皮及其製品製造業,11302,141.32,％
存貨率,13,皮革、毛皮及其製品製造業,11303,103.59,％
存貨率,13,皮革、毛皮及其製品製造業,11304,112.58,％
存貨率,13,皮革、毛皮及其製品製造業,11305,112.04,％
存貨率,13,皮革、毛皮及其製品製造業,11306,110.87,％
存貨率,13,皮革、毛皮及其製品製造業,11307,96.16,％
存貨率,13,皮革、毛皮及其製品製造業,11308,76.88,％
存貨率,13,皮革、毛皮及其製品製造業,11309,80.41,％
存貨率,13,皮革、毛皮及其製品製造業,11310,96.53,％
存貨率,13,皮革、毛皮及其製品製造業,11311,82.68,％
存貨率,13,皮革、毛皮及其製品製造業,11312,85.91,％
存貨率,13,皮革、毛皮及其製品製造業,11401,104.93,％
存貨率,13,皮革、毛皮及其製品製造業,11402,111.19,％
存貨率,13,皮革、毛皮及其製品製造業,11403,86.18,％
存貨率,13,皮革、毛皮及其製品製造業,11404,104.72,％
存貨率,13,皮革、毛皮及其製品製造業,11405,145.33,％
存貨率,13,皮革、毛皮及其製品製造業,11406,83.59,％
存貨率,13,皮革、毛皮及其製品製造業,11407,83.36,％
存貨率,13,皮革、毛皮及其製品製造業,11408,102.34,％
存貨率,13,皮革、毛皮及其製品製造業,11409,103.46,％
存貨率,13,皮革、毛皮及其製品製造業,11410,110.56,％
存貨率,13,皮革、毛皮及其製品製造業,11411,119.42,％
存貨率,13,皮革、毛皮及其製品製造業,11412,79.41,％
存貨率,13,皮革、毛皮及其製品製造業,11501,90.00,％
存貨率,13,皮革、毛皮及其製品製造業,11502,112.22,％
存貨率,13,皮革、毛皮及其製品製造業,11503,76.28,％
存貨率,13,皮革、毛皮及其製品製造業,11504,81.31,％
存貨率,13,皮革、毛皮及其製品製造業,11505,90.15,％
存貨率,13,皮革、毛皮及其製品製造業,11506,96.99,％
存貨率,15,紙漿、紙及紙製品製造業,07101,133.75,％
存貨率,15,紙漿、紙及紙製品製造業,07102,109.49,％
存貨率,15,紙漿、紙及紙製品製造業,07103,93.29,％
存貨率,15,紙漿、紙及紙製品製造業,07104,93.61,％
存貨率,15,紙漿、紙及紙製品製造業,07105,91.11,％
存貨率,15,紙漿、紙及紙製品製造業,07106,99.58,％
存貨率,15,紙漿、紙及紙製品製造業,07107,92.28,％
存貨率,15,紙漿、紙及紙製品製造業,07108,89.35,％
存貨率,15,紙漿、紙及紙製品製造業,07109,77.95,％
存貨率,15,紙漿、紙及紙製品製造業,07110,87.51,％
存貨率,15,紙漿、紙及紙製品製造業,07111,91.54,％
存貨率,15,紙漿、紙及紙製品製造業,07112,81.83,％
存貨率,15,紙漿、紙及紙製品製造業,07201,106.66,％
存貨率,15,紙漿、紙及紙製品製造業,07202,126.18,％
存貨率,15,紙漿、紙及紙製品製造業,07203,84.63,％
存貨率,15,紙漿、紙及紙製品製造業,07204,80.55,％
存貨率,15,紙漿、紙及紙製品製造業,07205,71.87,％
存貨率,15,紙漿、紙及紙製品製造業,07206,57.74,％
存貨率,15,紙漿、紙及紙製品製造業,07207,58.32,％
存貨率,15,紙漿、紙及紙製品製造業,07208,52.37,％
存貨率,15,紙漿、紙及紙製品製造業,07209,55.24,％
存貨率,15,紙漿、紙及紙製品製造業,07210,64.21,％
存貨率,15,紙漿、紙及紙製品製造業,07211,55.36,％
存貨率,15,紙漿、紙及紙製品製造業,07212,55.93,％
存貨率,15,紙漿、紙及紙製品製造業,07301,57.89,％
存貨率,15,紙漿、紙及紙製品製造業,07302,67.18,％
存貨率,15,紙漿、紙及紙製品製造業,07303,52.11,％
存貨率,15,紙漿、紙及紙製品製造業,07304,54.59,％
存貨率,15,紙漿、紙及紙製品製造業,07305,54.29,％
存貨率,15,紙漿、紙及紙製品製造業,07306,58.79,％
存貨率,15,紙漿、紙及紙製品製造業,07307,66.46,％
存貨率,15,紙漿、紙及紙製品製造業,07308,59.93,％
存貨率,15,紙漿、紙及紙製品製造業,07309,75.75,％
存貨率,15,紙漿、紙及紙製品製造業,07310,86.77,％
存貨率,15,紙漿、紙及紙製品製造業,07311,97.26,％
存貨率,15,紙漿、紙及紙製品製造業,07312,91.61,％
存貨率,15,紙漿、紙及紙製品製造業,07401,90.34,％
存貨率,15,紙漿、紙及紙製品製造業,07402,103.69,％
存貨率,15,紙漿、紙及紙製品製造業,07403,85.87,％
存貨率,15,紙漿、紙及紙製品製造業,07404,92.31,％
存貨率,15,紙漿、紙及紙製品製造業,07405,82.61,％
存貨率,15,紙漿、紙及紙製品製造業,07406,93.85,％
存貨率,15,紙漿、紙及紙製品製造業,07407,85.69,％
存貨率,15,紙漿、紙及紙製品製造業,07408,85.56,％
存貨率,15,紙漿、紙及紙製品製造業,07409,94.29,％
存貨率,15,紙漿、紙及紙製品製造業,07410,97.19,％
存貨率,15,紙漿、紙及紙製品製造業,07411,93.68,％
存貨率,15,紙漿、紙及紙製品製造業,07412,85.24,％
存貨率,15,紙漿、紙及紙製品製造業,07501,67.20,％
存貨率,15,紙漿、紙及紙製品製造業,07502,71.33,％
存貨率,15,紙漿、紙及紙製品製造業,07503,53.62,％
存貨率,15,紙漿、紙及紙製品製造業,07504,50.21,％
存貨率,15,紙漿、紙及紙製品製造業,07505,44.56,％
存貨率,15,紙漿、紙及紙製品製造業,07506,52.09,％
存貨率,15,紙漿、紙及紙製品製造業,07507,56.61,％
存貨率,15,紙漿、紙及紙製品製造業,07508,56.06,％
存貨率,15,紙漿、紙及紙製品製造業,07509,57.75,％
存貨率,15,紙漿、紙及紙製品製造業,07510,62.52,％
存貨率,15,紙漿、紙及紙製品製造業,07511,63.20,％
存貨率,15,紙漿、紙及紙製品製造業,07512,54.06,％
存貨率,15,紙漿、紙及紙製品製造業,07601,64.06,％
存貨率,15,紙漿、紙及紙製品製造業,07602,64.83,％
存貨率,15,紙漿、紙及紙製品製造業,07603,55.80,％
存貨率,15,紙漿、紙及紙製品製造業,07604,58.86,％
存貨率,15,紙漿、紙及紙製品製造業,07605,67.29,％
存貨率,15,紙漿、紙及紙製品製造業,07606,64.38,％
存貨率,15,紙漿、紙及紙製品製造業,07607,60.58,％
存貨率,15,紙漿、紙及紙製品製造業,07608,61.88,％
存貨率,15,紙漿、紙及紙製品製造業,07609,64.60,％
存貨率,15,紙漿、紙及紙製品製造業,07610,71.29,％
存貨率,15,紙漿、紙及紙製品製造業,07611,66.55,％
存貨率,15,紙漿、紙及紙製品製造業,07612,61.71,％
存貨率,15,紙漿、紙及紙製品製造業,07701,59.71,％
存貨率,15,紙漿、紙及紙製品製造業,07702,79.74,％
存貨率,15,紙漿、紙及紙製品製造業,07703,59.75,％
存貨率,15,紙漿、紙及紙製品製造業,07704,63.67,％
存貨率,15,紙漿、紙及紙製品製造業,07705,61.62,％
存貨率,15,紙漿、紙及紙製品製造業,07706,57.31,％
存貨率,15,紙漿、紙及紙製品製造業,07707,60.87,％
存貨率,15,紙漿、紙及紙製品製造業,07708,56.36,％
存貨率,15,紙漿、紙及紙製品製造業,07709,65.51,％
存貨率,15,紙漿、紙及紙製品製造業,07710,78.90,％
存貨率,15,紙漿、紙及紙製品製造業,07711,68.53,％
存貨率,15,紙漿、紙及紙製品製造業,07712,65.42,％
存貨率,15,紙漿、紙及紙製品製造業,07801,54.29,％
存貨率,15,紙漿、紙及紙製品製造業,07802,74.88,％
存貨率,15,紙漿、紙及紙製品製造業,07803,54.05,％
存貨率,15,紙漿、紙及紙製品製造業,07804,56.62,％
存貨率,15,紙漿、紙及紙製品製造業,07805,55.00,％
存貨率,15,紙漿、紙及紙製品製造業,07806,56.57,％
存貨率,15,紙漿、紙及紙製品製造業,07807,59.98,％
存貨率,15,紙漿、紙及紙製品製造業,07808,57.98,％
存貨率,15,紙漿、紙及紙製品製造業,07809,69.26,％
存貨率,15,紙漿、紙及紙製品製造業,07810,71.93,％
存貨率,15,紙漿、紙及紙製品製造業,07811,67.66,％
存貨率,15,紙漿、紙及紙製品製造業,07812,70.09,％
存貨率,15,紙漿、紙及紙製品製造業,07901,77.34,％
存貨率,15,紙漿、紙及紙製品製造業,07902,79.05,％
存貨率,15,紙漿、紙及紙製品製造業,07903,70.13,％
存貨率,15,紙漿、紙及紙製品製造業,07904,76.53,％
存貨率,15,紙漿、紙及紙製品製造業,07905,77.39,％
存貨率,15,紙漿、紙及紙製品製造業,07906,74.56,％
存貨率,15,紙漿、紙及紙製品製造業,07907,72.47,％
存貨率,15,紙漿、紙及紙製品製造業,07908,68.75,％
存貨率,15,紙漿、紙及紙製品製造業,07909,75.31,％
存貨率,15,紙漿、紙及紙製品製造業,07910,70.07,％
存貨率,15,紙漿、紙及紙製品製造業,07911,72.67,％
存貨率,15,紙漿、紙及紙製品製造業,07912,69.52,％
存貨率,15,紙漿、紙及紙製品製造業,08001,60.92,％
存貨率,15,紙漿、紙及紙製品製造業,08002,88.75,％
存貨率,15,紙漿、紙及紙製品製造業,08003,75.14,％
存貨率,15,紙漿、紙及紙製品製造業,08004,71.81,％
存貨率,15,紙漿、紙及紙製品製造業,08005,69.78,％
存貨率,15,紙漿、紙及紙製品製造業,08006,69.90,％
存貨率,15,紙漿、紙及紙製品製造業,08007,65.97,％
存貨率,15,紙漿、紙及紙製品製造業,08008,67.16,％
存貨率,15,紙漿、紙及紙製品製造業,08009,73.81,％
存貨率,15,紙漿、紙及紙製品製造業,08010,73.01,％
存貨率,15,紙漿、紙及紙製品製造業,08011,76.80,％
存貨率,15,紙漿、紙及紙製品製造業,08012,79.14,％
存貨率,15,紙漿、紙及紙製品製造業,08101,83.04,％
存貨率,15,紙漿、紙及紙製品製造業,08102,110.59,％
存貨率,15,紙漿、紙及紙製品製造業,08103,81.74,％
存貨率,15,紙漿、紙及紙製品製造業,08104,82.51,％
存貨率,15,紙漿、紙及紙製品製造業,08105,84.88,％
存貨率,15,紙漿、紙及紙製品製造業,08106,95.46,％
存貨率,15,紙漿、紙及紙製品製造業,08107,93.31,％
存貨率,15,紙漿、紙及紙製品製造業,08108,94.63,％
存貨率,15,紙漿、紙及紙製品製造業,08109,104.86,％
存貨率,15,紙漿、紙及紙製品製造業,08110,98.03,％
存貨率,15,紙漿、紙及紙製品製造業,08111,96.66,％
存貨率,15,紙漿、紙及紙製品製造業,08112,91.78,％
存貨率,15,紙漿、紙及紙製品製造業,08201,107.26,％
存貨率,15,紙漿、紙及紙製品製造業,08202,87.45,％
存貨率,15,紙漿、紙及紙製品製造業,08203,80.60,％
存貨率,15,紙漿、紙及紙製品製造業,08204,85.64,％
存貨率,15,紙漿、紙及紙製品製造業,08205,81.30,％
存貨率,15,紙漿、紙及紙製品製造業,08206,84.75,％
存貨率,15,紙漿、紙及紙製品製造業,08207,75.03,％
存貨率,15,紙漿、紙及紙製品製造業,08208,76.22,％
存貨率,15,紙漿、紙及紙製品製造業,08209,79.75,％
存貨率,15,紙漿、紙及紙製品製造業,08210,78.24,％
存貨率,15,紙漿、紙及紙製品製造業,08211,71.40,％
存貨率,15,紙漿、紙及紙製品製造業,08212,65.39,％
存貨率,15,紙漿、紙及紙製品製造業,08301,69.02,％
存貨率,15,紙漿、紙及紙製品製造業,08302,83.24,％
存貨率,15,紙漿、紙及紙製品製造業,08303,59.66,％
存貨率,15,紙漿、紙及紙製品製造業,08304,54.68,％
存貨率,15,紙漿、紙及紙製品製造業,08305,56.05,％
存貨率,15,紙漿、紙及紙製品製造業,08306,52.80,％
存貨率,15,紙漿、紙及紙製品製造業,08307,53.01,％
存貨率,15,紙漿、紙及紙製品製造業,08308,58.05,％
存貨率,15,紙漿、紙及紙製品製造業,08309,56.58,％
存貨率,15,紙漿、紙及紙製品製造業,08310,65.98,％
存貨率,15,紙漿、紙及紙製品製造業,08311,65.22,％
存貨率,15,紙漿、紙及紙製品製造業,08312,56.15,％
存貨率,15,紙漿、紙及紙製品製造業,08401,56.61,％
存貨率,15,紙漿、紙及紙製品製造業,08402,62.09,％
存貨率,15,紙漿、紙及紙製品製造業,08403,43.62,％
存貨率,15,紙漿、紙及紙製品製造業,08404,43.82,％
存貨率,15,紙漿、紙及紙製品製造業,08405,44.31,％
存貨率,15,紙漿、紙及紙製品製造業,08406,53.01,％
存貨率,15,紙漿、紙及紙製品製造業,08407,75.53,％
存貨率,15,紙漿、紙及紙製品製造業,08408,93.85,％
存貨率,15,紙漿、紙及紙製品製造業,08409,106.50,％
存貨率,15,紙漿、紙及紙製品製造業,08410,112.67,％
存貨率,15,紙漿、紙及紙製品製造業,08411,108.44,％
存貨率,15,紙漿、紙及紙製品製造業,08412,106.11,％
存貨率,15,紙漿、紙及紙製品製造業,08501,103.42,％
存貨率,15,紙漿、紙及紙製品製造業,08502,126.43,％
存貨率,15,紙漿、紙及紙製品製造業,08503,98.76,％
存貨率,15,紙漿、紙及紙製品製造業,08504,89.18,％
存貨率,15,紙漿、紙及紙製品製造業,08505,77.49,％
存貨率,15,紙漿、紙及紙製品製造業,08506,81.54,％
存貨率,15,紙漿、紙及紙製品製造業,08507,83.50,％
存貨率,15,紙漿、紙及紙製品製造業,08508,85.03,％
存貨率,15,紙漿、紙及紙製品製造業,08509,85.83,％
存貨率,15,紙漿、紙及紙製品製造業,08510,84.40,％
存貨率,15,紙漿、紙及紙製品製造業,08511,82.35,％
存貨率,15,紙漿、紙及紙製品製造業,08512,76.46,％
存貨率,15,紙漿、紙及紙製品製造業,08601,73.55,％
存貨率,15,紙漿、紙及紙製品製造業,08602,89.26,％
存貨率,15,紙漿、紙及紙製品製造業,08603,66.94,％
存貨率,15,紙漿、紙及紙製品製造業,08604,60.79,％
存貨率,15,紙漿、紙及紙製品製造業,08605,61.39,％
存貨率,15,紙漿、紙及紙製品製造業,08606,66.50,％
存貨率,15,紙漿、紙及紙製品製造業,08607,66.32,％
存貨率,15,紙漿、紙及紙製品製造業,08608,74.91,％
存貨率,15,紙漿、紙及紙製品製造業,08609,80.01,％
存貨率,15,紙漿、紙及紙製品製造業,08610,82.04,％
存貨率,15,紙漿、紙及紙製品製造業,08611,80.12,％
存貨率,15,紙漿、紙及紙製品製造業,08612,72.79,％
存貨率,15,紙漿、紙及紙製品製造業,08701,93.88,％
存貨率,15,紙漿、紙及紙製品製造業,08702,83.91,％
存貨率,15,紙漿、紙及紙製品製造業,08703,74.84,％
存貨率,15,紙漿、紙及紙製品製造業,08704,78.88,％
存貨率,15,紙漿、紙及紙製品製造業,08705,80.46,％
存貨率,15,紙漿、紙及紙製品製造業,08706,78.82,％
存貨率,15,紙漿、紙及紙製品製造業,08707,83.31,％
存貨率,15,紙漿、紙及紙製品製造業,08708,87.63,％
存貨率,15,紙漿、紙及紙製品製造業,08709,77.96,％
存貨率,15,紙漿、紙及紙製品製造業,08710,75.16,％
存貨率,15,紙漿、紙及紙製品製造業,08711,79.92,％
存貨率,15,紙漿、紙及紙製品製造業,08712,78.61,％
存貨率,15,紙漿、紙及紙製品製造業,08801,82.63,％
存貨率,15,紙漿、紙及紙製品製造業,08802,102.05,％
存貨率,15,紙漿、紙及紙製品製造業,08803,61.96,％
存貨率,15,紙漿、紙及紙製品製造業,08804,60.18,％
存貨率,15,紙漿、紙及紙製品製造業,08805,56.34,％
存貨率,15,紙漿、紙及紙製品製造業,08806,59.21,％
存貨率,15,紙漿、紙及紙製品製造業,08807,57.74,％
存貨率,15,紙漿、紙及紙製品製造業,08808,70.71,％
存貨率,15,紙漿、紙及紙製品製造業,08809,83.08,％
存貨率,15,紙漿、紙及紙製品製造業,08810,70.92,％
存貨率,15,紙漿、紙及紙製品製造業,08811,69.54,％
存貨率,15,紙漿、紙及紙製品製造業,08812,59.96,％
存貨率,15,紙漿、紙及紙製品製造業,08901,58.53,％
存貨率,15,紙漿、紙及紙製品製造業,08902,65.68,％
存貨率,15,紙漿、紙及紙製品製造業,08903,46.69,％
存貨率,15,紙漿、紙及紙製品製造業,08904,46.57,％
存貨率,15,紙漿、紙及紙製品製造業,08905,53.90,％
存貨率,15,紙漿、紙及紙製品製造業,08906,67.12,％
存貨率,15,紙漿、紙及紙製品製造業,08907,73.12,％
存貨率,15,紙漿、紙及紙製品製造業,08908,79.36,％
存貨率,15,紙漿、紙及紙製品製造業,08909,84.96,％
存貨率,15,紙漿、紙及紙製品製造業,08910,85.77,％
存貨率,15,紙漿、紙及紙製品製造業,08911,85.96,％
存貨率,15,紙漿、紙及紙製品製造業,08912,86.05,％
存貨率,15,紙漿、紙及紙製品製造業,09001,94.98,％
存貨率,15,紙漿、紙及紙製品製造業,09002,80.40,％
存貨率,15,紙漿、紙及紙製品製造業,09003,70.14,％
存貨率,15,紙漿、紙及紙製品製造業,09004,86.55,％
存貨率,15,紙漿、紙及紙製品製造業,09005,86.09,％
存貨率,15,紙漿、紙及紙製品製造業,09006,92.08,％
存貨率,15,紙漿、紙及紙製品製造業,09007,90.20,％
存貨率,15,紙漿、紙及紙製品製造業,09008,84.14,％
存貨率,15,紙漿、紙及紙製品製造業,09009,92.21,％
存貨率,15,紙漿、紙及紙製品製造業,09010,80.74,％
存貨率,15,紙漿、紙及紙製品製造業,09011,75.30,％
存貨率,15,紙漿、紙及紙製品製造業,09012,75.85,％
存貨率,15,紙漿、紙及紙製品製造業,09101,68.17,％
存貨率,15,紙漿、紙及紙製品製造業,09102,89.06,％
存貨率,15,紙漿、紙及紙製品製造業,09103,68.03,％
存貨率,15,紙漿、紙及紙製品製造業,09104,68.47,％
存貨率,15,紙漿、紙及紙製品製造業,09105,69.28,％
存貨率,15,紙漿、紙及紙製品製造業,09106,70.86,％
存貨率,15,紙漿、紙及紙製品製造業,09107,68.91,％
存貨率,15,紙漿、紙及紙製品製造業,09108,71.32,％
存貨率,15,紙漿、紙及紙製品製造業,09109,78.98,％
存貨率,15,紙漿、紙及紙製品製造業,09110,72.25,％
存貨率,15,紙漿、紙及紙製品製造業,09111,75.41,％
存貨率,15,紙漿、紙及紙製品製造業,09112,71.59,％
存貨率,15,紙漿、紙及紙製品製造業,09201,61.50,％
存貨率,15,紙漿、紙及紙製品製造業,09202,65.56,％
存貨率,15,紙漿、紙及紙製品製造業,09203,54.25,％
存貨率,15,紙漿、紙及紙製品製造業,09204,60.71,％
存貨率,15,紙漿、紙及紙製品製造業,09205,70.22,％
存貨率,15,紙漿、紙及紙製品製造業,09206,72.35,％
存貨率,15,紙漿、紙及紙製品製造業,09207,67.38,％
存貨率,15,紙漿、紙及紙製品製造業,09208,67.43,％
存貨率,15,紙漿、紙及紙製品製造業,09209,69.46,％
存貨率,15,紙漿、紙及紙製品製造業,09210,63.32,％
存貨率,15,紙漿、紙及紙製品製造業,09211,64.78,％
存貨率,15,紙漿、紙及紙製品製造業,09212,55.98,％
存貨率,15,紙漿、紙及紙製品製造業,09301,67.60,％
存貨率,15,紙漿、紙及紙製品製造業,09302,55.01,％
存貨率,15,紙漿、紙及紙製品製造業,09303,47.08,％
存貨率,15,紙漿、紙及紙製品製造業,09304,48.04,％
存貨率,15,紙漿、紙及紙製品製造業,09305,49.05,％
存貨率,15,紙漿、紙及紙製品製造業,09306,52.61,％
存貨率,15,紙漿、紙及紙製品製造業,09307,55.19,％
存貨率,15,紙漿、紙及紙製品製造業,09308,60.41,％
存貨率,15,紙漿、紙及紙製品製造業,09309,58.95,％
存貨率,15,紙漿、紙及紙製品製造業,09310,58.63,％
存貨率,15,紙漿、紙及紙製品製造業,09311,60.85,％
存貨率,15,紙漿、紙及紙製品製造業,09312,56.95,％
存貨率,15,紙漿、紙及紙製品製造業,09401,60.69,％
存貨率,15,紙漿、紙及紙製品製造業,09402,79.52,％
存貨率,15,紙漿、紙及紙製品製造業,09403,57.73,％
存貨率,15,紙漿、紙及紙製品製造業,09404,64.05,％
存貨率,15,紙漿、紙及紙製品製造業,09405,64.24,％
存貨率,15,紙漿、紙及紙製品製造業,09406,66.59,％
存貨率,15,紙漿、紙及紙製品製造業,09407,69.08,％
存貨率,15,紙漿、紙及紙製品製造業,09408,68.08,％
存貨率,15,紙漿、紙及紙製品製造業,09409,67.97,％
存貨率,15,紙漿、紙及紙製品製造業,09410,70.81,％
存貨率,15,紙漿、紙及紙製品製造業,09411,67.64,％
存貨率,15,紙漿、紙及紙製品製造業,09412,67.78,％
存貨率,15,紙漿、紙及紙製品製造業,09501,71.32,％
存貨率,15,紙漿、紙及紙製品製造業,09502,75.75,％
存貨率,15,紙漿、紙及紙製品製造業,09503,61.97,％
存貨率,15,紙漿、紙及紙製品製造業,09504,68.72,％
存貨率,15,紙漿、紙及紙製品製造業,09505,67.12,％
存貨率,15,紙漿、紙及紙製品製造業,09506,66.33,％
存貨率,15,紙漿、紙及紙製品製造業,09507,69.07,％
存貨率,15,紙漿、紙及紙製品製造業,09508,65.25,％
存貨率,15,紙漿、紙及紙製品製造業,09509,67.48,％
存貨率,15,紙漿、紙及紙製品製造業,09510,69.72,％
存貨率,15,紙漿、紙及紙製品製造業,09511,66.44,％
存貨率,15,紙漿、紙及紙製品製造業,09512,67.59,％
存貨率,15,紙漿、紙及紙製品製造業,09601,62.55,％
存貨率,15,紙漿、紙及紙製品製造業,09602,83.96,％
存貨率,15,紙漿、紙及紙製品製造業,09603,58.38,％
存貨率,15,紙漿、紙及紙製品製造業,09604,62.41,％
存貨率,15,紙漿、紙及紙製品製造業,09605,60.68,％
存貨率,15,紙漿、紙及紙製品製造業,09606,60.52,％
存貨率,15,紙漿、紙及紙製品製造業,09607,57.34,％
存貨率,15,紙漿、紙及紙製品製造業,09608,53.78,％
存貨率,15,紙漿、紙及紙製品製造業,09609,63.82,％
存貨率,15,紙漿、紙及紙製品製造業,09610,57.50,％
存貨率,15,紙漿、紙及紙製品製造業,09611,57.51,％
存貨率,15,紙漿、紙及紙製品製造業,09612,56.07,％
存貨率,15,紙漿、紙及紙製品製造業,09701,58.22,％
存貨率,15,紙漿、紙及紙製品製造業,09702,65.89,％
存貨率,15,紙漿、紙及紙製品製造業,09703,52.58,％
存貨率,15,紙漿、紙及紙製品製造業,09704,53.72,％
存貨率,15,紙漿、紙及紙製品製造業,09705,53.91,％
存貨率,15,紙漿、紙及紙製品製造業,09706,66.87,％
存貨率,15,紙漿、紙及紙製品製造業,09707,77.82,％
存貨率,15,紙漿、紙及紙製品製造業,09708,83.78,％
存貨率,15,紙漿、紙及紙製品製造業,09709,90.90,％
存貨率,15,紙漿、紙及紙製品製造業,09710,89.58,％
存貨率,15,紙漿、紙及紙製品製造業,09711,103.37,％
存貨率,15,紙漿、紙及紙製品製造業,09712,94.73,％
存貨率,15,紙漿、紙及紙製品製造業,09801,107.86,％
存貨率,15,紙漿、紙及紙製品製造業,09802,90.24,％
存貨率,15,紙漿、紙及紙製品製造業,09803,76.54,％
存貨率,15,紙漿、紙及紙製品製造業,09804,70.71,％
存貨率,15,紙漿、紙及紙製品製造業,09805,72.33,％
存貨率,15,紙漿、紙及紙製品製造業,09806,62.02,％
存貨率,15,紙漿、紙及紙製品製造業,09807,59.48,％
存貨率,15,紙漿、紙及紙製品製造業,09808,61.56,％
存貨率,15,紙漿、紙及紙製品製造業,09809,58.49,％
存貨率,15,紙漿、紙及紙製品製造業,09810,59.87,％
存貨率,15,紙漿、紙及紙製品製造業,09811,57.09,％
存貨率,15,紙漿、紙及紙製品製造業,09812,50.20,％
存貨率,15,紙漿、紙及紙製品製造業,09901,52.23,％
存貨率,15,紙漿、紙及紙製品製造業,09902,63.69,％
存貨率,15,紙漿、紙及紙製品製造業,09903,44.09,％
存貨率,15,紙漿、紙及紙製品製造業,09904,48.15,％
存貨率,15,紙漿、紙及紙製品製造業,09905,57.22,％
存貨率,15,紙漿、紙及紙製品製造業,09906,62.70,％
存貨率,15,紙漿、紙及紙製品製造業,09907,56.66,％
存貨率,15,紙漿、紙及紙製品製造業,09908,57.64,％
存貨率,15,紙漿、紙及紙製品製造業,09909,58.03,％
存貨率,15,紙漿、紙及紙製品製造業,09910,56.65,％
存貨率,15,紙漿、紙及紙製品製造業,09911,54.71,％
存貨率,15,紙漿、紙及紙製品製造業,09912,50.73,％
存貨率,15,紙漿、紙及紙製品製造業,10001,52.83,％
存貨率,15,紙漿、紙及紙製品製造業,10002,71.04,％
存貨率,15,紙漿、紙及紙製品製造業,10003,48.82,％
存貨率,15,紙漿、紙及紙製品製造業,10004,53.67,％
存貨率,15,紙漿、紙及紙製品製造業,10005,55.96,％
存貨率,15,紙漿、紙及紙製品製造業,10006,58.41,％
存貨率,15,紙漿、紙及紙製品製造業,10007,61.72,％
存貨率,15,紙漿、紙及紙製品製造業,10008,61.42,％
存貨率,15,紙漿、紙及紙製品製造業,10009,60.51,％
存貨率,15,紙漿、紙及紙製品製造業,10010,63.06,％
存貨率,15,紙漿、紙及紙製品製造業,10011,59.49,％
存貨率,15,紙漿、紙及紙製品製造業,10012,59.33,％
存貨率,15,紙漿、紙及紙製品製造業,10101,70.70,％
存貨率,15,紙漿、紙及紙製品製造業,10102,63.66,％
存貨率,15,紙漿、紙及紙製品製造業,10103,54.43,％
存貨率,15,紙漿、紙及紙製品製造業,10104,52.20,％
存貨率,15,紙漿、紙及紙製品製造業,10105,52.84,％
存貨率,15,紙漿、紙及紙製品製造業,10106,61.69,％
存貨率,15,紙漿、紙及紙製品製造業,10107,61.98,％
存貨率,15,紙漿、紙及紙製品製造業,10108,59.41,％
存貨率,15,紙漿、紙及紙製品製造業,10109,66.00,％
存貨率,15,紙漿、紙及紙製品製造業,10110,62.82,％
存貨率,15,紙漿、紙及紙製品製造業,10111,61.28,％
存貨率,15,紙漿、紙及紙製品製造業,10112,64.26,％
存貨率,15,紙漿、紙及紙製品製造業,10201,61.52,％
存貨率,15,紙漿、紙及紙製品製造業,10202,80.33,％
存貨率,15,紙漿、紙及紙製品製造業,10203,63.45,％
存貨率,15,紙漿、紙及紙製品製造業,10204,67.87,％
存貨率,15,紙漿、紙及紙製品製造業,10205,63.97,％
存貨率,15,紙漿、紙及紙製品製造業,10206,70.71,％
存貨率,15,紙漿、紙及紙製品製造業,10207,67.01,％
存貨率,15,紙漿、紙及紙製品製造業,10208,67.62,％
存貨率,15,紙漿、紙及紙製品製造業,10209,73.32,％
存貨率,15,紙漿、紙及紙製品製造業,10210,69.04,％
存貨率,15,紙漿、紙及紙製品製造業,10211,68.47,％
存貨率,15,紙漿、紙及紙製品製造業,10212,67.71,％
存貨率,15,紙漿、紙及紙製品製造業,10301,66.52,％
存貨率,15,紙漿、紙及紙製品製造業,10302,77.33,％
存貨率,15,紙漿、紙及紙製品製造業,10303,67.61,％
存貨率,15,紙漿、紙及紙製品製造業,10304,67.25,％
存貨率,15,紙漿、紙及紙製品製造業,10305,65.14,％
存貨率,15,紙漿、紙及紙製品製造業,10306,68.66,％
存貨率,15,紙漿、紙及紙製品製造業,10307,66.01,％
存貨率,15,紙漿、紙及紙製品製造業,10308,69.75,％
存貨率,15,紙漿、紙及紙製品製造業,10309,67.86,％
存貨率,15,紙漿、紙及紙製品製造業,10310,66.03,％
存貨率,15,紙漿、紙及紙製品製造業,10311,71.61,％
存貨率,15,紙漿、紙及紙製品製造業,10312,65.39,％
存貨率,15,紙漿、紙及紙製品製造業,10401,67.78,％
存貨率,15,紙漿、紙及紙製品製造業,10402,89.64,％
存貨率,15,紙漿、紙及紙製品製造業,10403,68.76,％
存貨率,15,紙漿、紙及紙製品製造業,10404,69.61,％
存貨率,15,紙漿、紙及紙製品製造業,10405,71.14,％
存貨率,15,紙漿、紙及紙製品製造業,10406,68.51,％
存貨率,15,紙漿、紙及紙製品製造業,10407,69.97,％
存貨率,15,紙漿、紙及紙製品製造業,10408,71.50,％
存貨率,15,紙漿、紙及紙製品製造業,10409,75.41,％
存貨率,15,紙漿、紙及紙製品製造業,10410,74.36,％
存貨率,15,紙漿、紙及紙製品製造業,10411,73.97,％
存貨率,15,紙漿、紙及紙製品製造業,10412,73.15,％
存貨率,15,紙漿、紙及紙製品製造業,10501,79.91,％
存貨率,15,紙漿、紙及紙製品製造業,10502,100.82,％
存貨率,15,紙漿、紙及紙製品製造業,10503,74.11,％
存貨率,15,紙漿、紙及紙製品製造業,10504,80.89,％
存貨率,15,紙漿、紙及紙製品製造業,10505,78.51,％
存貨率,15,紙漿、紙及紙製品製造業,10506,78.68,％
存貨率,15,紙漿、紙及紙製品製造業,10507,76.31,％
存貨率,15,紙漿、紙及紙製品製造業,10508,72.62,％
存貨率,15,紙漿、紙及紙製品製造業,10509,79.35,％
存貨率,15,紙漿、紙及紙製品製造業,10510,77.76,％
存貨率,15,紙漿、紙及紙製品製造業,10511,72.22,％
存貨率,15,紙漿、紙及紙製品製造業,10512,70.99,％
存貨率,15,紙漿、紙及紙製品製造業,10601,76.98,％
存貨率,15,紙漿、紙及紙製品製造業,10602,81.90,％
存貨率,15,紙漿、紙及紙製品製造業,10603,63.98,％
存貨率,15,紙漿、紙及紙製品製造業,10604,78.74,％
存貨率,15,紙漿、紙及紙製品製造業,10605,78.17,％
存貨率,15,紙漿、紙及紙製品製造業,10606,72.77,％
存貨率,15,紙漿、紙及紙製品製造業,10607,71.88,％
存貨率,15,紙漿、紙及紙製品製造業,10608,72.24,％
存貨率,15,紙漿、紙及紙製品製造業,10609,73.61,％
存貨率,15,紙漿、紙及紙製品製造業,10610,76.25,％
存貨率,15,紙漿、紙及紙製品製造業,10611,71.77,％
存貨率,15,紙漿、紙及紙製品製造業,10612,74.00,％
存貨率,15,紙漿、紙及紙製品製造業,10701,71.23,％
存貨率,15,紙漿、紙及紙製品製造業,10702,92.48,％
存貨率,15,紙漿、紙及紙製品製造業,10703,65.88,％
存貨率,15,紙漿、紙及紙製品製造業,10704,74.31,％
存貨率,15,紙漿、紙及紙製品製造業,10705,70.64,％
存貨率,15,紙漿、紙及紙製品製造業,10706,70.74,％
存貨率,15,紙漿、紙及紙製品製造業,10707,70.08,％
存貨率,15,紙漿、紙及紙製品製造業,10708,67.33,％
存貨率,15,紙漿、紙及紙製品製造業,10709,79.25,％
存貨率,15,紙漿、紙及紙製品製造業,10710,73.16,％
存貨率,15,紙漿、紙及紙製品製造業,10711,73.37,％
存貨率,15,紙漿、紙及紙製品製造業,10712,80.43,％
存貨率,15,紙漿、紙及紙製品製造業,10801,69.83,％
存貨率,15,紙漿、紙及紙製品製造業,10802,99.64,％
存貨率,15,紙漿、紙及紙製品製造業,10803,79.21,％
存貨率,15,紙漿、紙及紙製品製造業,10804,77.74,％
存貨率,15,紙漿、紙及紙製品製造業,10805,75.76,％
存貨率,15,紙漿、紙及紙製品製造業,10806,80.93,％
存貨率,15,紙漿、紙及紙製品製造業,10807,75.43,％
存貨率,15,紙漿、紙及紙製品製造業,10808,77.04,％
存貨率,15,紙漿、紙及紙製品製造業,10809,82.46,％
存貨率,15,紙漿、紙及紙製品製造業,10810,71.50,％
存貨率,15,紙漿、紙及紙製品製造業,10811,74.56,％
存貨率,15,紙漿、紙及紙製品製造業,10812,71.53,％
存貨率,15,紙漿、紙及紙製品製造業,10901,83.08,％
存貨率,15,紙漿、紙及紙製品製造業,10902,75.64,％
存貨率,15,紙漿、紙及紙製品製造業,10903,69.25,％
存貨率,15,紙漿、紙及紙製品製造業,10904,78.78,％
存貨率,15,紙漿、紙及紙製品製造業,10905,91.34,％
存貨率,15,紙漿、紙及紙製品製造業,10906,85.58,％
存貨率,15,紙漿、紙及紙製品製造業,10907,79.79,％
存貨率,15,紙漿、紙及紙製品製造業,10908,81.79,％
存貨率,15,紙漿、紙及紙製品製造業,10909,76.51,％
存貨率,15,紙漿、紙及紙製品製造業,10910,82.64,％
存貨率,15,紙漿、紙及紙製品製造業,10911,78.61,％
存貨率,15,紙漿、紙及紙製品製造業,10912,72.43,％
存貨率,15,紙漿、紙及紙製品製造業,11001,78.61,％
存貨率,15,紙漿、紙及紙製品製造業,11002,90.74,％
存貨率,15,紙漿、紙及紙製品製造業,11003,68.05,％
存貨率,15,紙漿、紙及紙製品製造業,11004,71.11,％
存貨率,15,紙漿、紙及紙製品製造業,11005,72.26,％
存貨率,15,紙漿、紙及紙製品製造業,11006,71.36,％
存貨率,15,紙漿、紙及紙製品製造業,11007,73.70,％
存貨率,15,紙漿、紙及紙製品製造業,11008,80.22,％
存貨率,15,紙漿、紙及紙製品製造業,11009,83.23,％
存貨率,15,紙漿、紙及紙製品製造業,11010,84.61,％
存貨率,15,紙漿、紙及紙製品製造業,11011,76.12,％
存貨率,15,紙漿、紙及紙製品製造業,11012,71.10,％
存貨率,15,紙漿、紙及紙製品製造業,11101,75.38,％
存貨率,15,紙漿、紙及紙製品製造業,11102,101.95,％
存貨率,15,紙漿、紙及紙製品製造業,11103,72.82,％
存貨率,15,紙漿、紙及紙製品製造業,11104,80.08,％
存貨率,15,紙漿、紙及紙製品製造業,11105,84.70,％
存貨率,15,紙漿、紙及紙製品製造業,11106,82.79,％
存貨率,15,紙漿、紙及紙製品製造業,11107,83.35,％
存貨率,15,紙漿、紙及紙製品製造業,11108,80.60,％
存貨率,15,紙漿、紙及紙製品製造業,11109,86.58,％
存貨率,15,紙漿、紙及紙製品製造業,11110,87.84,％
存貨率,15,紙漿、紙及紙製品製造業,11111,86.14,％
存貨率,15,紙漿、紙及紙製品製造業,11112,87.20,％
存貨率,15,紙漿、紙及紙製品製造業,11201,111.00,％
存貨率,15,紙漿、紙及紙製品製造業,11202,96.24,％
存貨率,15,紙漿、紙及紙製品製造業,11203,82.18,％
存貨率,15,紙漿、紙及紙製品製造業,11204,101.18,％
存貨率,15,紙漿、紙及紙製品製造業,11205,90.45,％
存貨率,15,紙漿、紙及紙製品製造業,11206,94.98,％
存貨率,15,紙漿、紙及紙製品製造業,11207,100.77,％
存貨率,15,紙漿、紙及紙製品製造業,11208,91.91,％
存貨率,15,紙漿、紙及紙製品製造業,11209,97.27,％
存貨率,15,紙漿、紙及紙製品製造業,11210,96.39,％
存貨率,15,紙漿、紙及紙製品製造業,11211,94.11,％
存貨率,15,紙漿、紙及紙製品製造業,11212,98.50,％
存貨率,15,紙漿、紙及紙製品製造業,11301,92.89,％
存貨率,15,紙漿、紙及紙製品製造業,11302,121.98,％
存貨率,15,紙漿、紙及紙製品製造業,11303,97.30,％
存貨率,15,紙漿、紙及紙製品製造業,11304,101.53,％
存貨率,15,紙漿、紙及紙製品製造業,11305,94.58,％
存貨率,15,紙漿、紙及紙製品製造業,11306,108.34,％
存貨率,15,紙漿、紙及紙製品製造業,11307,102.96,％
存貨率,15,紙漿、紙及紙製品製造業,11308,101.54,％
存貨率,15,紙漿、紙及紙製品製造業,11309,112.36,％
存貨率,15,紙漿、紙及紙製品製造業,11310,110.34,％
存貨率,15,紙漿、紙及紙製品製造業,11311,106.57,％
存貨率,15,紙漿、紙及紙製品製造業,11312,101.08,％
存貨率,15,紙漿、紙及紙製品製造業,11401,120.18,％
存貨率,15,紙漿、紙及紙製品製造業,11402,112.47,％
存貨率,15,紙漿、紙及紙製品製造業,11403,107.89,％
存貨率,15,紙漿、紙及紙製品製造業,11404,111.45,％
存貨率,15,紙漿、紙及紙製品製造業,11405,112.20,％
存貨率,15,紙漿、紙及紙製品製造業,11406,112.69,％
存貨率,15,紙漿、紙及紙製品製造業,11407,111.45,％
存貨率,15,紙漿、紙及紙製品製造業,11408,116.16,％
存貨率,15,紙漿、紙及紙製品製造業,11409,113.77,％
存貨率,15,紙漿、紙及紙製品製造業,11410,115.67,％
存貨率,15,紙漿、紙及紙製品製造業,11411,120.29,％
存貨率,15,紙漿、紙及紙製品製造業,11412,111.84,％
存貨率,15,紙漿、紙及紙製品製造業,11501,111.85,％
存貨率,15,紙漿、紙及紙製品製造業,11502,150.71,％
存貨率,15,紙漿、紙及紙製品製造業,11503,106.64,％
存貨率,15,紙漿、紙及紙製品製造業,11504,109.99,％
存貨率,15,紙漿、紙及紙製品製造業,11505,114.65,％
存貨率,15,紙漿、紙及紙製品製造業,11506,121.73,％
存貨率,17,石油及煤製品製造業,07101,251.40,％
存貨率,17,石油及煤製品製造業,07102,279.22,％
存貨率,17,石油及煤製品製造業,07103,252.79,％
存貨率,17,石油及煤製品製造業,07104,255.21,％
存貨率,17,石油及煤製品製造業,07105,233.22,％
存貨率,17,石油及煤製品製造業,07106,245.65,％
存貨率,17,石油及煤製品製造業,07107,224.22,％
存貨率,17,石油及煤製品製造業,07108,226.99,％
存貨率,17,石油及煤製品製造業,07109,221.54,％
存貨率,17,石油及煤製品製造業,07110,193.23,％
存貨率,17,石油及煤製品製造業,07111,211.12,％
存貨率,17,石油及煤製品製造業,07112,208.12,％
存貨率,17,石油及煤製品製造業,07201,215.96,％
存貨率,17,石油及煤製品製造業,07202,276.51,％
存貨率,17,石油及煤製品製造業,07203,240.95,％
存貨率,17,石油及煤製品製造業,07204,269.31,％
存貨率,17,石油及煤製品製造業,07205,216.96,％
存貨率,17,石油及煤製品製造業,07206,211.16,％
存貨率,17,石油及煤製品製造業,07207,179.71,％
存貨率,17,石油及煤製品製造業,07208,175.87,％
存貨率,17,石油及煤製品製造業,07209,184.99,％
存貨率,17,石油及煤製品製造業,07210,194.46,％
存貨率,17,石油及煤製品製造業,07211,210.84,％
存貨率,17,石油及煤製品製造業,07212,263.17,％
存貨率,17,石油及煤製品製造業,07301,271.22,％
存貨率,17,石油及煤製品製造業,07302,267.36,％
存貨率,17,石油及煤製品製造業,07303,258.52,％
存貨率,17,石油及煤製品製造業,07304,243.27,％
存貨率,17,石油及煤製品製造業,07305,223.90,％
存貨率,17,石油及煤製品製造業,07306,282.15,％
存貨率,17,石油及煤製品製造業,07307,251.95,％
存貨率,17,石油及煤製品製造業,07308,269.44,％
存貨率,17,石油及煤製品製造業,07309,297.13,％
存貨率,17,石油及煤製品製造業,07310,311.00,％
存貨率,17,石油及煤製品製造業,07311,320.46,％
存貨率,17,石油及煤製品製造業,07312,311.13,％
存貨率,17,石油及煤製品製造業,07401,275.77,％
存貨率,17,石油及煤製品製造業,07402,268.19,％
存貨率,17,石油及煤製品製造業,07403,272.54,％
存貨率,17,石油及煤製品製造業,07404,273.58,％
存貨率,17,石油及煤製品製造業,07405,279.87,％
存貨率,17,石油及煤製品製造業,07406,321.20,％
存貨率,17,石油及煤製品製造業,07407,290.72,％
存貨率,17,石油及煤製品製造業,07408,300.07,％
存貨率,17,石油及煤製品製造業,07409,303.03,％
存貨率,17,石油及煤製品製造業,07410,330.71,％
存貨率,17,石油及煤製品製造業,07411,326.88,％
存貨率,17,石油及煤製品製造業,07412,296.26,％
存貨率,17,石油及煤製品製造業,07501,289.23,％
存貨率,17,石油及煤製品製造業,07502,358.36,％
存貨率,17,石油及煤製品製造業,07503,302.51,％
存貨率,17,石油及煤製品製造業,07504,285.89,％
存貨率,17,石油及煤製品製造業,07505,241.78,％
存貨率,17,石油及煤製品製造業,07506,229.26,％
存貨率,17,石油及煤製品製造業,07507,192.19,％
存貨率,17,石油及煤製品製造業,07508,197.73,％
存貨率,17,石油及煤製品製造業,07509,195.46,％
存貨率,17,石油及煤製品製造業,07510,214.59,％
存貨率,17,石油及煤製品製造業,07511,261.74,％
存貨率,17,石油及煤製品製造業,07512,221.78,％
存貨率,17,石油及煤製品製造業,07601,232.96,％
存貨率,17,石油及煤製品製造業,07602,272.43,％
存貨率,17,石油及煤製品製造業,07603,242.77,％
存貨率,17,石油及煤製品製造業,07604,246.04,％
存貨率,17,石油及煤製品製造業,07605,246.49,％
存貨率,17,石油及煤製品製造業,07606,220.00,％
存貨率,17,石油及煤製品製造業,07607,240.23,％
存貨率,17,石油及煤製品製造業,07608,228.34,％
存貨率,17,石油及煤製品製造業,07609,236.96,％
存貨率,17,石油及煤製品製造業,07610,214.97,％
存貨率,17,石油及煤製品製造業,07611,246.26,％
存貨率,17,石油及煤製品製造業,07612,231.34,％
存貨率,17,石油及煤製品製造業,07701,257.45,％
存貨率,17,石油及煤製品製造業,07702,291.05,％
存貨率,17,石油及煤製品製造業,07703,258.04,％
存貨率,17,石油及煤製品製造業,07704,240.47,％
存貨率,17,石油及煤製品製造業,07705,222.53,％
存貨率,17,石油及煤製品製造業,07706,191.82,％
存貨率,17,石油及煤製品製造業,07707,183.49,％
存貨率,17,石油及煤製品製造業,07708,169.42,％
存貨率,17,石油及煤製品製造業,07709,199.29,％
存貨率,17,石油及煤製品製造業,07710,200.25,％
存貨率,17,石油及煤製品製造業,07711,202.71,％
存貨率,17,石油及煤製品製造業,07712,194.90,％
存貨率,17,石油及煤製品製造業,07801,198.22,％
存貨率,17,石油及煤製品製造業,07802,220.54,％
存貨率,17,石油及煤製品製造業,07803,176.04,％
存貨率,17,石油及煤製品製造業,07804,181.38,％
存貨率,17,石油及煤製品製造業,07805,187.10,％
存貨率,17,石油及煤製品製造業,07806,166.80,％
存貨率,17,石油及煤製品製造業,07807,150.59,％
存貨率,17,石油及煤製品製造業,07808,144.79,％
存貨率,17,石油及煤製品製造業,07809,163.33,％
存貨率,17,石油及煤製品製造業,07810,166.96,％
存貨率,17,石油及煤製品製造業,07811,174.03,％
存貨率,17,石油及煤製品製造業,07812,162.00,％
存貨率,17,石油及煤製品製造業,07901,160.30,％
存貨率,17,石油及煤製品製造業,07902,180.72,％
存貨率,17,石油及煤製品製造業,07903,166.60,％
存貨率,17,石油及煤製品製造業,07904,177.86,％
存貨率,17,石油及煤製品製造業,07905,171.26,％
存貨率,17,石油及煤製品製造業,07906,164.10,％
存貨率,17,石油及煤製品製造業,07907,144.06,％
存貨率,17,石油及煤製品製造業,07908,129.69,％
存貨率,17,石油及煤製品製造業,07909,175.46,％
存貨率,17,石油及煤製品製造業,07910,181.01,％
存貨率,17,石油及煤製品製造業,07911,192.54,％
存貨率,17,石油及煤製品製造業,07912,188.97,％
存貨率,17,石油及煤製品製造業,08001,171.97,％
存貨率,17,石油及煤製品製造業,08002,275.97,％
存貨率,17,石油及煤製品製造業,08003,242.80,％
存貨率,17,石油及煤製品製造業,08004,216.27,％
存貨率,17,石油及煤製品製造業,08005,189.93,％
存貨率,17,石油及煤製品製造業,08006,181.92,％
存貨率,17,石油及煤製品製造業,08007,164.95,％
存貨率,17,石油及煤製品製造業,08008,161.44,％
存貨率,17,石油及煤製品製造業,08009,157.79,％
存貨率,17,石油及煤製品製造業,08010,189.11,％
存貨率,17,石油及煤製品製造業,08011,187.51,％
存貨率,17,石油及煤製品製造業,08012,179.88,％
存貨率,17,石油及煤製品製造業,08101,188.36,％
存貨率,17,石油及煤製品製造業,08102,204.39,％
存貨率,17,石油及煤製品製造業,08103,199.19,％
存貨率,17,石油及煤製品製造業,08104,163.92,％
存貨率,17,石油及煤製品製造業,08105,169.17,％
存貨率,17,石油及煤製品製造業,08106,162.75,％
存貨率,17,石油及煤製品製造業,08107,150.06,％
存貨率,17,石油及煤製品製造業,08108,156.97,％
存貨率,17,石油及煤製品製造業,08109,159.60,％
存貨率,17,石油及煤製品製造業,08110,166.00,％
存貨率,17,石油及煤製品製造業,08111,172.07,％
存貨率,17,石油及煤製品製造業,08112,159.23,％
存貨率,17,石油及煤製品製造業,08201,173.20,％
存貨率,17,石油及煤製品製造業,08202,193.02,％
存貨率,17,石油及煤製品製造業,08203,172.34,％
存貨率,17,石油及煤製品製造業,08204,176.21,％
存貨率,17,石油及煤製品製造業,08205,153.97,％
存貨率,17,石油及煤製品製造業,08206,132.07,％
存貨率,17,石油及煤製品製造業,08207,132.81,％
存貨率,17,石油及煤製品製造業,08208,115.86,％
存貨率,17,石油及煤製品製造業,08209,128.81,％
存貨率,17,石油及煤製品製造業,08210,130.33,％
存貨率,17,石油及煤製品製造業,08211,135.43,％
存貨率,17,石油及煤製品製造業,08212,129.50,％
存貨率,17,石油及煤製品製造業,08301,137.53,％
存貨率,17,石油及煤製品製造業,08302,159.45,％
存貨率,17,石油及煤製品製造業,08303,138.98,％
存貨率,17,石油及煤製品製造業,08304,127.13,％
存貨率,17,石油及煤製品製造業,08305,109.44,％
存貨率,17,石油及煤製品製造業,08306,109.28,％
存貨率,17,石油及煤製品製造業,08307,91.73,％
存貨率,17,石油及煤製品製造業,08308,104.29,％
存貨率,17,石油及煤製品製造業,08309,110.08,％
存貨率,17,石油及煤製品製造業,08310,119.75,％
存貨率,17,石油及煤製品製造業,08311,114.74,％
存貨率,17,石油及煤製品製造業,08312,112.35,％
存貨率,17,石油及煤製品製造業,08401,112.70,％
存貨率,17,石油及煤製品製造業,08402,145.68,％
存貨率,17,石油及煤製品製造業,08403,130.30,％
存貨率,17,石油及煤製品製造業,08404,139.56,％
存貨率,17,石油及煤製品製造業,08405,124.38,％
存貨率,17,石油及煤製品製造業,08406,127.75,％
存貨率,17,石油及煤製品製造業,08407,120.51,％
存貨率,17,石油及煤製品製造業,08408,118.64,％
存貨率,17,石油及煤製品製造業,08409,129.54,％
存貨率,17,石油及煤製品製造業,08410,115.41,％
存貨率,17,石油及煤製品製造業,08411,121.13,％
存貨率,17,石油及煤製品製造業,08412,124.51,％
存貨率,17,石油及煤製品製造業,08501,128.33,％
存貨率,17,石油及煤製品製造業,08502,140.60,％
存貨率,17,石油及煤製品製造業,08503,137.63,％
存貨率,17,石油及煤製品製造業,08504,151.04,％
存貨率,17,石油及煤製品製造業,08505,144.62,％
存貨率,17,石油及煤製品製造業,08506,154.77,％
存貨率,17,石油及煤製品製造業,08507,146.25,％
存貨率,17,石油及煤製品製造業,08508,152.03,％
存貨率,17,石油及煤製品製造業,08509,147.14,％
存貨率,17,石油及煤製品製造業,08510,143.05,％
存貨率,17,石油及煤製品製造業,08511,138.86,％
存貨率,17,石油及煤製品製造業,08512,119.87,％
存貨率,17,石油及煤製品製造業,08601,124.87,％
存貨率,17,石油及煤製品製造業,08602,152.14,％
存貨率,17,石油及煤製品製造業,08603,112.97,％
存貨率,17,石油及煤製品製造業,08604,117.07,％
存貨率,17,石油及煤製品製造業,08605,122.81,％
存貨率,17,石油及煤製品製造業,08606,128.76,％
存貨率,17,石油及煤製品製造業,08607,108.36,％
存貨率,17,石油及煤製品製造業,08608,126.36,％
存貨率,17,石油及煤製品製造業,08609,116.65,％
存貨率,17,石油及煤製品製造業,08610,113.24,％
存貨率,17,石油及煤製品製造業,08611,114.23,％
存貨率,17,石油及煤製品製造業,08612,102.09,％
存貨率,17,石油及煤製品製造業,08701,112.77,％
存貨率,17,石油及煤製品製造業,08702,128.69,％
存貨率,17,石油及煤製品製造業,08703,115.34,％
存貨率,17,石油及煤製品製造業,08704,114.70,％
存貨率,17,石油及煤製品製造業,08705,94.21,％
存貨率,17,石油及煤製品製造業,08706,108.97,％
存貨率,17,石油及煤製品製造業,08707,90.06,％
存貨率,17,石油及煤製品製造業,08708,86.03,％
存貨率,17,石油及煤製品製造業,08709,113.57,％
存貨率,17,石油及煤製品製造業,08710,127.59,％
存貨率,17,石油及煤製品製造業,08711,120.42,％
存貨率,17,石油及煤製品製造業,08712,113.57,％
存貨率,17,石油及煤製品製造業,08801,112.30,％
存貨率,17,石油及煤製品製造業,08802,147.17,％
存貨率,17,石油及煤製品製造業,08803,116.76,％
存貨率,17,石油及煤製品製造業,08804,110.25,％
存貨率,17,石油及煤製品製造業,08805,127.93,％
存貨率,17,石油及煤製品製造業,08806,119.14,％
存貨率,17,石油及煤製品製造業,08807,109.75,％
存貨率,17,石油及煤製品製造業,08808,100.23,％
存貨率,17,石油及煤製品製造業,08809,103.13,％
存貨率,17,石油及煤製品製造業,08810,92.26,％
存貨率,17,石油及煤製品製造業,08811,105.50,％
存貨率,17,石油及煤製品製造業,08812,96.87,％
存貨率,17,石油及煤製品製造業,08901,96.68,％
存貨率,17,石油及煤製品製造業,08902,103.18,％
存貨率,17,石油及煤製品製造業,08903,93.75,％
存貨率,17,石油及煤製品製造業,08904,102.30,％
存貨率,17,石油及煤製品製造業,08905,97.21,％
存貨率,17,石油及煤製品製造業,08906,101.60,％
存貨率,17,石油及煤製品製造業,08907,100.10,％
存貨率,17,石油及煤製品製造業,08908,100.79,％
存貨率,17,石油及煤製品製造業,08909,103.19,％
存貨率,17,石油及煤製品製造業,08910,109.25,％
存貨率,17,石油及煤製品製造業,08911,109.46,％
存貨率,17,石油及煤製品製造業,08912,125.17,％
存貨率,17,石油及煤製品製造業,09001,139.04,％
存貨率,17,石油及煤製品製造業,09002,162.48,％
存貨率,17,石油及煤製品製造業,09003,139.67,％
存貨率,17,石油及煤製品製造業,09004,139.27,％
存貨率,17,石油及煤製品製造業,09005,136.75,％
存貨率,17,石油及煤製品製造業,09006,153.50,％
存貨率,17,石油及煤製品製造業,09007,139.35,％
存貨率,17,石油及煤製品製造業,09008,123.14,％
存貨率,17,石油及煤製品製造業,09009,139.85,％
存貨率,17,石油及煤製品製造業,09010,131.43,％
存貨率,17,石油及煤製品製造業,09011,133.61,％
存貨率,17,石油及煤製品製造業,09012,131.78,％
存貨率,17,石油及煤製品製造業,09101,125.33,％
存貨率,17,石油及煤製品製造業,09102,152.10,％
存貨率,17,石油及煤製品製造業,09103,120.24,％
存貨率,17,石油及煤製品製造業,09104,121.05,％
存貨率,17,石油及煤製品製造業,09105,110.37,％
存貨率,17,石油及煤製品製造業,09106,117.84,％
存貨率,17,石油及煤製品製造業,09107,110.82,％
存貨率,17,石油及煤製品製造業,09108,124.21,％
存貨率,17,石油及煤製品製造業,09109,137.68,％
存貨率,17,石油及煤製品製造業,09110,130.29,％
存貨率,17,石油及煤製品製造業,09111,143.44,％
存貨率,17,石油及煤製品製造業,09112,130.73,％
存貨率,17,石油及煤製品製造業,09201,113.59,％
存貨率,17,石油及煤製品製造業,09202,138.47,％
存貨率,17,石油及煤製品製造業,09203,128.97,％
存貨率,17,石油及煤製品製造業,09204,135.05,％
存貨率,17,石油及煤製品製造業,09205,134.37,％
存貨率,17,石油及煤製品製造業,09206,127.93,％
存貨率,17,石油及煤製品製造業,09207,102.56,％
存貨率,17,石油及煤製品製造業,09208,98.47,％
存貨率,17,石油及煤製品製造業,09209,102.54,％
存貨率,17,石油及煤製品製造業,09210,105.46,％
存貨率,17,石油及煤製品製造業,09211,98.37,％
存貨率,17,石油及煤製品製造業,09212,84.92,％
存貨率,17,石油及煤製品製造業,09301,99.51,％
存貨率,17,石油及煤製品製造業,09302,118.65,％
存貨率,17,石油及煤製品製造業,09303,104.71,％
存貨率,17,石油及煤製品製造業,09304,96.17,％
存貨率,17,石油及煤製品製造業,09305,87.62,％
存貨率,17,石油及煤製品製造業,09306,97.96,％
存貨率,17,石油及煤製品製造業,09307,83.58,％
存貨率,17,石油及煤製品製造業,09308,81.51,％
存貨率,17,石油及煤製品製造業,09309,96.25,％
存貨率,17,石油及煤製品製造業,09310,91.89,％
存貨率,17,石油及煤製品製造業,09311,94.43,％
存貨率,17,石油及煤製品製造業,09312,91.01,％
存貨率,17,石油及煤製品製造業,09401,77.43,％
存貨率,17,石油及煤製品製造業,09402,98.98,％
存貨率,17,石油及煤製品製造業,09403,79.23,％
存貨率,17,石油及煤製品製造業,09404,76.61,％
存貨率,17,石油及煤製品製造業,09405,72.49,％
存貨率,17,石油及煤製品製造業,09406,76.31,％
存貨率,17,石油及煤製品製造業,09407,80.69,％
存貨率,17,石油及煤製品製造業,09408,66.96,％
存貨率,17,石油及煤製品製造業,09409,70.20,％
存貨率,17,石油及煤製品製造業,09410,64.56,％
存貨率,17,石油及煤製品製造業,09411,65.97,％
存貨率,17,石油及煤製品製造業,09412,64.22,％
存貨率,17,石油及煤製品製造業,09501,65.77,％
存貨率,17,石油及煤製品製造業,09502,84.78,％
存貨率,17,石油及煤製品製造業,09503,77.58,％
存貨率,17,石油及煤製品製造業,09504,76.64,％
存貨率,17,石油及煤製品製造業,09505,80.85,％
存貨率,17,石油及煤製品製造業,09506,78.28,％
存貨率,17,石油及煤製品製造業,09507,77.77,％
存貨率,17,石油及煤製品製造業,09508,75.84,％
存貨率,17,石油及煤製品製造業,09509,89.15,％
存貨率,17,石油及煤製品製造業,09510,82.13,％
存貨率,17,石油及煤製品製造業,09511,82.27,％
存貨率,17,石油及煤製品製造業,09512,85.69,％
存貨率,17,石油及煤製品製造業,09601,67.72,％
存貨率,17,石油及煤製品製造業,09602,94.71,％
存貨率,17,石油及煤製品製造業,09603,92.70,％
存貨率,17,石油及煤製品製造業,09604,93.69,％
存貨率,17,石油及煤製品製造業,09605,98.28,％
存貨率,17,石油及煤製品製造業,09606,87.46,％
存貨率,17,石油及煤製品製造業,09607,75.91,％
存貨率,17,石油及煤製品製造業,09608,97.44,％
存貨率,17,石油及煤製品製造業,09609,78.88,％
存貨率,17,石油及煤製品製造業,09610,71.45,％
存貨率,17,石油及煤製品製造業,09611,95.77,％
存貨率,17,石油及煤製品製造業,09612,68.65,％
存貨率,17,石油及煤製品製造業,09701,68.29,％
存貨率,17,石油及煤製品製造業,09702,72.79,％
存貨率,17,石油及煤製品製造業,09703,63.64,％
存貨率,17,石油及煤製品製造業,09704,66.37,％
存貨率,17,石油及煤製品製造業,09705,55.72,％
存貨率,17,石油及煤製品製造業,09706,62.51,％
存貨率,17,石油及煤製品製造業,09707,64.90,％
存貨率,17,石油及煤製品製造業,09708,74.97,％
存貨率,17,石油及煤製品製造業,09709,88.48,％
存貨率,17,石油及煤製品製造業,09710,84.02,％
存貨率,17,石油及煤製品製造業,09711,76.49,％
存貨率,17,石油及煤製品製造業,09712,80.80,％
存貨率,17,石油及煤製品製造業,09801,74.24,％
存貨率,17,石油及煤製品製造業,09802,81.85,％
存貨率,17,石油及煤製品製造業,09803,77.54,％
存貨率,17,石油及煤製品製造業,09804,86.97,％
存貨率,17,石油及煤製品製造業,09805,78.17,％
存貨率,17,石油及煤製品製造業,09806,75.68,％
存貨率,17,石油及煤製品製造業,09807,63.69,％
存貨率,17,石油及煤製品製造業,09808,77.39,％
存貨率,17,石油及煤製品製造業,09809,85.71,％
存貨率,17,石油及煤製品製造業,09810,89.82,％
存貨率,17,石油及煤製品製造業,09811,86.70,％
存貨率,17,石油及煤製品製造業,09812,72.08,％
存貨率,17,石油及煤製品製造業,09901,64.05,％
存貨率,17,石油及煤製品製造業,09902,79.76,％
存貨率,17,石油及煤製品製造業,09903,81.35,％
存貨率,17,石油及煤製品製造業,09904,68.47,％
存貨率,17,石油及煤製品製造業,09905,81.21,％
存貨率,17,石油及煤製品製造業,09906,72.35,％
存貨率,17,石油及煤製品製造業,09907,70.40,％
存貨率,17,石油及煤製品製造業,09908,83.43,％
存貨率,17,石油及煤製品製造業,09909,78.91,％
存貨率,17,石油及煤製品製造業,09910,79.81,％
存貨率,17,石油及煤製品製造業,09911,80.48,％
存貨率,17,石油及煤製品製造業,09912,69.27,％
存貨率,17,石油及煤製品製造業,10001,76.76,％
存貨率,17,石油及煤製品製造業,10002,75.99,％
存貨率,17,石油及煤製品製造業,10003,81.55,％
存貨率,17,石油及煤製品製造業,10004,79.49,％
存貨率,17,石油及煤製品製造業,10005,82.84,％
存貨率,17,石油及煤製品製造業,10006,75.91,％
存貨率,17,石油及煤製品製造業,10007,69.85,％
存貨率,17,石油及煤製品製造業,10008,100.27,％
存貨率,17,石油及煤製品製造業,10009,86.07,％
存貨率,17,石油及煤製品製造業,10010,75.86,％
存貨率,17,石油及煤製品製造業,10011,78.41,％
存貨率,17,石油及煤製品製造業,10012,76.85,％
存貨率,17,石油及煤製品製造業,10101,69.76,％
存貨率,17,石油及煤製品製造業,10102,79.09,％
存貨率,17,石油及煤製品製造業,10103,76.90,％
存貨率,17,石油及煤製品製造業,10104,85.91,％
存貨率,17,石油及煤製品製造業,10105,87.70,％
存貨率,17,石油及煤製品製造業,10106,101.14,％
存貨率,17,石油及煤製品製造業,10107,81.19,％
存貨率,17,石油及煤製品製造業,10108,85.54,％
存貨率,17,石油及煤製品製造業,10109,88.33,％
存貨率,17,石油及煤製品製造業,10110,82.23,％
存貨率,17,石油及煤製品製造業,10111,79.57,％
存貨率,17,石油及煤製品製造業,10112,84.36,％
存貨率,17,石油及煤製品製造業,10201,73.65,％
存貨率,17,石油及煤製品製造業,10202,84.47,％
存貨率,17,石油及煤製品製造業,10203,83.49,％
存貨率,17,石油及煤製品製造業,10204,83.78,％
存貨率,17,石油及煤製品製造業,10205,78.70,％
存貨率,17,石油及煤製品製造業,10206,72.03,％
存貨率,17,石油及煤製品製造業,10207,63.70,％
存貨率,17,石油及煤製品製造業,10208,53.83,％
存貨率,17,石油及煤製品製造業,10209,73.51,％
存貨率,17,石油及煤製品製造業,10210,67.36,％
存貨率,17,石油及煤製品製造業,10211,66.90,％
存貨率,17,石油及煤製品製造業,10212,67.34,％
存貨率,17,石油及煤製品製造業,10301,63.49,％
存貨率,17,石油及煤製品製造業,10302,74.31,％
存貨率,17,石油及煤製品製造業,10303,67.27,％
存貨率,17,石油及煤製品製造業,10304,70.26,％
存貨率,17,石油及煤製品製造業,10305,69.31,％
存貨率,17,石油及煤製品製造業,10306,72.05,％
存貨率,17,石油及煤製品製造業,10307,55.63,％
存貨率,17,石油及煤製品製造業,10308,65.64,％
存貨率,17,石油及煤製品製造業,10309,74.24,％
存貨率,17,石油及煤製品製造業,10310,66.47,％
存貨率,17,石油及煤製品製造業,10311,75.74,％
存貨率,17,石油及煤製品製造業,10312,72.70,％
存貨率,17,石油及煤製品製造業,10401,76.90,％
存貨率,17,石油及煤製品製造業,10402,74.83,％
存貨率,17,石油及煤製品製造業,10403,73.75,％
存貨率,17,石油及煤製品製造業,10404,69.31,％
存貨率,17,石油及煤製品製造業,10405,69.85,％
存貨率,17,石油及煤製品製造業,10406,65.00,％
存貨率,17,石油及煤製品製造業,10407,88.68,％
存貨率,17,石油及煤製品製造業,10408,76.84,％
存貨率,17,石油及煤製品製造業,10409,86.40,％
存貨率,17,石油及煤製品製造業,10410,73.30,％
存貨率,17,石油及煤製品製造業,10411,70.15,％
存貨率,17,石油及煤製品製造業,10412,72.46,％
存貨率,17,石油及煤製品製造業,10501,70.71,％
存貨率,17,石油及煤製品製造業,10502,76.08,％
存貨率,17,石油及煤製品製造業,10503,72.38,％
存貨率,17,石油及煤製品製造業,10504,73.62,％
存貨率,17,石油及煤製品製造業,10505,70.04,％
存貨率,17,石油及煤製品製造業,10506,62.91,％
存貨率,17,石油及煤製品製造業,10507,73.96,％
存貨率,17,石油及煤製品製造業,10508,71.46,％
存貨率,17,石油及煤製品製造業,10509,85.53,％
存貨率,17,石油及煤製品製造業,10510,75.53,％
存貨率,17,石油及煤製品製造業,10511,71.59,％
存貨率,17,石油及煤製品製造業,10512,69.94,％
存貨率,17,石油及煤製品製造業,10601,72.10,％
存貨率,17,石油及煤製品製造業,10602,83.17,％
存貨率,17,石油及煤製品製造業,10603,83.74,％
存貨率,17,石油及煤製品製造業,10604,96.53,％
存貨率,17,石油及煤製品製造業,10605,69.58,％
存貨率,17,石油及煤製品製造業,10606,70.57,％
存貨率,17,石油及煤製品製造業,10607,68.57,％
存貨率,17,石油及煤製品製造業,10608,65.10,％
存貨率,17,石油及煤製品製造業,10609,74.10,％
存貨率,17,石油及煤製品製造業,10610,70.42,％
存貨率,17,石油及煤製品製造業,10611,78.95,％
存貨率,17,石油及煤製品製造業,10612,63.00,％
存貨率,17,石油及煤製品製造業,10701,62.10,％
存貨率,17,石油及煤製品製造業,10702,70.85,％
存貨率,17,石油及煤製品製造業,10703,74.65,％
存貨率,17,石油及煤製品製造業,10704,68.53,％
存貨率,17,石油及煤製品製造業,10705,69.48,％
存貨率,17,石油及煤製品製造業,10706,62.79,％
存貨率,17,石油及煤製品製造業,10707,70.70,％
存貨率,17,石油及煤製品製造業,10708,68.06,％
存貨率,17,石油及煤製品製造業,10709,73.14,％
存貨率,17,石油及煤製品製造業,10710,85.10,％
存貨率,17,石油及煤製品製造業,10711,77.04,％
存貨率,17,石油及煤製品製造業,10712,67.26,％
存貨率,17,石油及煤製品製造業,10801,55.02,％
存貨率,17,石油及煤製品製造業,10802,82.02,％
存貨率,17,石油及煤製品製造業,10803,72.52,％
存貨率,17,石油及煤製品製造業,10804,72.95,％
存貨率,17,石油及煤製品製造業,10805,69.93,％
存貨率,17,石油及煤製品製造業,10806,58.79,％
存貨率,17,石油及煤製品製造業,10807,59.91,％
存貨率,17,石油及煤製品製造業,10808,62.03,％
存貨率,17,石油及煤製品製造業,10809,66.22,％
存貨率,17,石油及煤製品製造業,10810,58.34,％
存貨率,17,石油及煤製品製造業,10811,72.21,％
存貨率,17,石油及煤製品製造業,10812,65.75,％
存貨率,17,石油及煤製品製造業,10901,65.91,％
存貨率,17,石油及煤製品製造業,10902,69.60,％
存貨率,17,石油及煤製品製造業,10903,70.75,％
存貨率,17,石油及煤製品製造業,10904,85.94,％
存貨率,17,石油及煤製品製造業,10905,78.03,％
存貨率,17,石油及煤製品製造業,10906,79.98,％
存貨率,17,石油及煤製品製造業,10907,87.70,％
存貨率,17,石油及煤製品製造業,10908,87.27,％
存貨率,17,石油及煤製品製造業,10909,89.87,％
存貨率,17,石油及煤製品製造業,10910,97.91,％
存貨率,17,石油及煤製品製造業,10911,81.09,％
存貨率,17,石油及煤製品製造業,10912,70.03,％
存貨率,17,石油及煤製品製造業,11001,75.75,％
存貨率,17,石油及煤製品製造業,11002,78.52,％
存貨率,17,石油及煤製品製造業,11003,86.57,％
存貨率,17,石油及煤製品製造業,11004,82.77,％
存貨率,17,石油及煤製品製造業,11005,66.67,％
存貨率,17,石油及煤製品製造業,11006,87.12,％
存貨率,17,石油及煤製品製造業,11007,65.68,％
存貨率,17,石油及煤製品製造業,11008,77.88,％
存貨率,17,石油及煤製品製造業,11009,68.04,％
存貨率,17,石油及煤製品製造業,11010,70.79,％
存貨率,17,石油及煤製品製造業,11011,82.65,％
存貨率,17,石油及煤製品製造業,11012,59.03,％
存貨率,17,石油及煤製品製造業,11101,60.94,％
存貨率,17,石油及煤製品製造業,11102,83.37,％
存貨率,17,石油及煤製品製造業,11103,70.78,％
存貨率,17,石油及煤製品製造業,11104,73.69,％
存貨率,17,石油及煤製品製造業,11105,65.36,％
存貨率,17,石油及煤製品製造業,11106,62.69,％
存貨率,17,石油及煤製品製造業,11107,64.36,％
存貨率,17,石油及煤製品製造業,11108,53.21,％
存貨率,17,石油及煤製品製造業,11109,61.21,％
存貨率,17,石油及煤製品製造業,11110,63.70,％
存貨率,17,石油及煤製品製造業,11111,69.20,％
存貨率,17,石油及煤製品製造業,11112,64.52,％
存貨率,17,石油及煤製品製造業,11201,78.80,％
存貨率,17,石油及煤製品製造業,11202,83.81,％
存貨率,17,石油及煤製品製造業,11203,66.59,％
存貨率,17,石油及煤製品製造業,11204,79.58,％
存貨率,17,石油及煤製品製造業,11205,68.35,％
存貨率,17,石油及煤製品製造業,11206,71.52,％
存貨率,17,石油及煤製品製造業,11207,71.07,％
存貨率,17,石油及煤製品製造業,11208,65.86,％
存貨率,17,石油及煤製品製造業,11209,72.71,％
存貨率,17,石油及煤製品製造業,11210,74.61,％
存貨率,17,石油及煤製品製造業,11211,74.85,％
存貨率,17,石油及煤製品製造業,11212,65.38,％
存貨率,17,石油及煤製品製造業,11301,63.86,％
存貨率,17,石油及煤製品製造業,11302,77.89,％
存貨率,17,石油及煤製品製造業,11303,69.87,％
存貨率,17,石油及煤製品製造業,11304,83.75,％
存貨率,17,石油及煤製品製造業,11305,62.32,％
存貨率,17,石油及煤製品製造業,11306,72.89,％
存貨率,17,石油及煤製品製造業,11307,68.61,％
存貨率,17,石油及煤製品製造業,11308,63.33,％
存貨率,17,石油及煤製品製造業,11309,69.47,％
存貨率,17,石油及煤製品製造業,11310,77.01,％
存貨率,17,石油及煤製品製造業,11311,68.14,％
存貨率,17,石油及煤製品製造業,11312,75.95,％
存貨率,17,石油及煤製品製造業,11401,70.82,％
存貨率,17,石油及煤製品製造業,11402,83.55,％
存貨率,17,石油及煤製品製造業,11403,69.10,％
存貨率,17,石油及煤製品製造業,11404,78.86,％
存貨率,17,石油及煤製品製造業,11405,72.39,％
存貨率,17,石油及煤製品製造業,11406,61.93,％
存貨率,17,石油及煤製品製造業,11407,63.03,％
存貨率,17,石油及煤製品製造業,11408,70.64,％
存貨率,17,石油及煤製品製造業,11409,69.56,％
存貨率,17,石油及煤製品製造業,11410,70.09,％
存貨率,17,石油及煤製品製造業,11411,81.81,％
存貨率,17,石油及煤製品製造業,11412,62.43,％
存貨率,17,石油及煤製品製造業,11501,58.41,％
存貨率,17,石油及煤製品製造業,11502,79.11,％
存貨率,17,石油及煤製品製造業,11503,68.41,％
存貨率,17,石油及煤製品製造業,11504,81.34,％
存貨率,17,石油及煤製品製造業,11505,86.96,％
存貨率,17,石油及煤製品製造業,11506,83.44,％
存貨率,18,化學材料及肥料製造業,07101,134.57,％
存貨率,18,化學材料及肥料製造業,07102,119.84,％
存貨率,18,化學材料及肥料製造業,07103,107.30,％
存貨率,18,化學材料及肥料製造業,07104,109.60,％
存貨率,18,化學材料及肥料製造業,07105,111.03,％
存貨率,18,化學材料及肥料製造業,07106,106.30,％
存貨率,18,化學材料及肥料製造業,07107,117.10,％
存貨率,18,化學材料及肥料製造業,07108,112.18,％
存貨率,18,化學材料及肥料製造業,07109,98.24,％
存貨率,18,化學材料及肥料製造業,07110,99.44,％
存貨率,18,化學材料及肥料製造業,07111,90.29,％
存貨率,18,化學材料及肥料製造業,07112,78.41,％
存貨率,18,化學材料及肥料製造業,07201,83.94,％
存貨率,18,化學材料及肥料製造業,07202,109.33,％
存貨率,18,化學材料及肥料製造業,07203,83.32,％
存貨率,18,化學材料及肥料製造業,07204,74.33,％
存貨率,18,化學材料及肥料製造業,07205,69.01,％
存貨率,18,化學材料及肥料製造業,07206,70.50,％
存貨率,18,化學材料及肥料製造業,07207,69.85,％
存貨率,18,化學材料及肥料製造業,07208,71.24,％
存貨率,18,化學材料及肥料製造業,07209,71.98,％
存貨率,18,化學材料及肥料製造業,07210,75.65,％
存貨率,18,化學材料及肥料製造業,07211,69.42,％
存貨率,18,化學材料及肥料製造業,07212,63.76,％
存貨率,18,化學材料及肥料製造業,07301,76.58,％
存貨率,18,化學材料及肥料製造業,07302,84.78,％
存貨率,18,化學材料及肥料製造業,07303,65.87,％
存貨率,18,化學材料及肥料製造業,07304,60.65,％
存貨率,18,化學材料及肥料製造業,07305,64.26,％
存貨率,18,化學材料及肥料製造業,07306,64.54,％
存貨率,18,化學材料及肥料製造業,07307,70.81,％
存貨率,18,化學材料及肥料製造業,07308,75.03,％
存貨率,18,化學材料及肥料製造業,07309,81.13,％
存貨率,18,化學材料及肥料製造業,07310,78.36,％
存貨率,18,化學材料及肥料製造業,07311,76.94,％
存貨率,18,化學材料及肥料製造業,07312,75.44,％
存貨率,18,化學材料及肥料製造業,07401,79.96,％
存貨率,18,化學材料及肥料製造業,07402,104.99,％
存貨率,18,化學材料及肥料製造業,07403,75.57,％
存貨率,18,化學材料及肥料製造業,07404,79.70,％
存貨率,18,化學材料及肥料製造業,07405,72.45,％
存貨率,18,化學材料及肥料製造業,07406,77.66,％
存貨率,18,化學材料及肥料製造業,07407,76.35,％
存貨率,18,化學材料及肥料製造業,07408,76.11,％
存貨率,18,化學材料及肥料製造業,07409,75.53,％
存貨率,18,化學材料及肥料製造業,07410,73.87,％
存貨率,18,化學材料及肥料製造業,07411,72.66,％
存貨率,18,化學材料及肥料製造業,07412,63.34,％
存貨率,18,化學材料及肥料製造業,07501,65.21,％
存貨率,18,化學材料及肥料製造業,07502,83.04,％
存貨率,18,化學材料及肥料製造業,07503,58.57,％
存貨率,18,化學材料及肥料製造業,07504,56.63,％
存貨率,18,化學材料及肥料製造業,07505,60.21,％
存貨率,18,化學材料及肥料製造業,07506,60.22,％
存貨率,18,化學材料及肥料製造業,07507,61.26,％
存貨率,18,化學材料及肥料製造業,07508,63.10,％
存貨率,18,化學材料及肥料製造業,07509,67.33,％
存貨率,18,化學材料及肥料製造業,07510,63.78,％
存貨率,18,化學材料及肥料製造業,07511,69.58,％
存貨率,18,化學材料及肥料製造業,07512,58.18,％
存貨率,18,化學材料及肥料製造業,07601,70.49,％
存貨率,18,化學材料及肥料製造業,07602,63.33,％
存貨率,18,化學材料及肥料製造業,07603,56.22,％
存貨率,18,化學材料及肥料製造業,07604,54.95,％
存貨率,18,化學材料及肥料製造業,07605,56.10,％
存貨率,18,化學材料及肥料製造業,07606,56.83,％
存貨率,18,化學材料及肥料製造業,07607,62.67,％
存貨率,18,化學材料及肥料製造業,07608,63.44,％
存貨率,18,化學材料及肥料製造業,07609,61.18,％
存貨率,18,化學材料及肥料製造業,07610,62.13,％
存貨率,18,化學材料及肥料製造業,07611,60.88,％
存貨率,18,化學材料及肥料製造業,07612,56.70,％
存貨率,18,化學材料及肥料製造業,07701,56.99,％
存貨率,18,化學材料及肥料製造業,07702,65.44,％
存貨率,18,化學材料及肥料製造業,07703,54.29,％
存貨率,18,化學材料及肥料製造業,07704,53.08,％
存貨率,18,化學材料及肥料製造業,07705,52.01,％
存貨率,18,化學材料及肥料製造業,07706,53.84,％
存貨率,18,化學材料及肥料製造業,07707,56.78,％
存貨率,18,化學材料及肥料製造業,07708,53.39,％
存貨率,18,化學材料及肥料製造業,07709,61.89,％
存貨率,18,化學材料及肥料製造業,07710,65.84,％
存貨率,18,化學材料及肥料製造業,07711,60.43,％
存貨率,18,化學材料及肥料製造業,07712,58.22,％
存貨率,18,化學材料及肥料製造業,07801,69.80,％
存貨率,18,化學材料及肥料製造業,07802,85.36,％
存貨率,18,化學材料及肥料製造業,07803,71.57,％
存貨率,18,化學材料及肥料製造業,07804,77.69,％
存貨率,18,化學材料及肥料製造業,07805,80.78,％
存貨率,18,化學材料及肥料製造業,07806,89.25,％
存貨率,18,化學材料及肥料製造業,07807,86.13,％
存貨率,18,化學材料及肥料製造業,07808,89.23,％
存貨率,18,化學材料及肥料製造業,07809,97.88,％
存貨率,18,化學材料及肥料製造業,07810,99.90,％
存貨率,18,化學材料及肥料製造業,07811,89.03,％
存貨率,18,化學材料及肥料製造業,07812,82.71,％
存貨率,18,化學材料及肥料製造業,07901,94.08,％
存貨率,18,化學材料及肥料製造業,07902,77.40,％
存貨率,18,化學材料及肥料製造業,07903,69.83,％
存貨率,18,化學材料及肥料製造業,07904,70.04,％
存貨率,18,化學材料及肥料製造業,07905,67.33,％
存貨率,18,化學材料及肥料製造業,07906,66.96,％
存貨率,18,化學材料及肥料製造業,07907,58.46,％
存貨率,18,化學材料及肥料製造業,07908,53.13,％
存貨率,18,化學材料及肥料製造業,07909,51.67,％
存貨率,18,化學材料及肥料製造業,07910,51.04,％
存貨率,18,化學材料及肥料製造業,07911,50.24,％
存貨率,18,化學材料及肥料製造業,07912,55.93,％
存貨率,18,化學材料及肥料製造業,08001,61.05,％
存貨率,18,化學材料及肥料製造業,08002,84.47,％
存貨率,18,化學材料及肥料製造業,08003,75.41,％
存貨率,18,化學材料及肥料製造業,08004,75.43,％
存貨率,18,化學材料及肥料製造業,08005,75.31,％
存貨率,18,化學材料及肥料製造業,08006,76.46,％
存貨率,18,化學材料及肥料製造業,08007,75.25,％
存貨率,18,化學材料及肥料製造業,08008,71.87,％
存貨率,18,化學材料及肥料製造業,08009,73.21,％
存貨率,18,化學材料及肥料製造業,08010,73.75,％
存貨率,18,化學材料及肥料製造業,08011,68.40,％
存貨率,18,化學材料及肥料製造業,08012,69.26,％
存貨率,18,化學材料及肥料製造業,08101,67.55,％
存貨率,18,化學材料及肥料製造業,08102,89.33,％
存貨率,18,化學材料及肥料製造業,08103,69.11,％
存貨率,18,化學材料及肥料製造業,08104,71.58,％
存貨率,18,化學材料及肥料製造業,08105,77.99,％
存貨率,18,化學材料及肥料製造業,08106,77.67,％
存貨率,18,化學材料及肥料製造業,08107,76.31,％
存貨率,18,化學材料及肥料製造業,08108,78.80,％
存貨率,18,化學材料及肥料製造業,08109,85.35,％
存貨率,18,化學材料及肥料製造業,08110,84.16,％
存貨率,18,化學材料及肥料製造業,08111,82.59,％
存貨率,18,化學材料及肥料製造業,08112,78.31,％
存貨率,18,化學材料及肥料製造業,08201,116.99,％
存貨率,18,化學材料及肥料製造業,08202,95.77,％
存貨率,18,化學材料及肥料製造業,08203,80.28,％
存貨率,18,化學材料及肥料製造業,08204,78.93,％
存貨率,18,化學材料及肥料製造業,08205,78.98,％
存貨率,18,化學材料及肥料製造業,08206,80.44,％
存貨率,18,化學材料及肥料製造業,08207,79.19,％
存貨率,18,化學材料及肥料製造業,08208,76.08,％
存貨率,18,化學材料及肥料製造業,08209,79.57,％
存貨率,18,化學材料及肥料製造業,08210,76.04,％
存貨率,18,化學材料及肥料製造業,08211,74.58,％
存貨率,18,化學材料及肥料製造業,08212,68.81,％
存貨率,18,化學材料及肥料製造業,08301,72.47,％
存貨率,18,化學材料及肥料製造業,08302,85.27,％
存貨率,18,化學材料及肥料製造業,08303,63.83,％
存貨率,18,化學材料及肥料製造業,08304,60.49,％
存貨率,18,化學材料及肥料製造業,08305,58.01,％
存貨率,18,化學材料及肥料製造業,08306,55.23,％
存貨率,18,化學材料及肥料製造業,08307,52.20,％
存貨率,18,化學材料及肥料製造業,08308,51.65,％
存貨率,18,化學材料及肥料製造業,08309,48.21,％
存貨率,18,化學材料及肥料製造業,08310,52.34,％
存貨率,18,化學材料及肥料製造業,08311,51.39,％
存貨率,18,化學材料及肥料製造業,08312,51.10,％
存貨率,18,化學材料及肥料製造業,08401,59.53,％
存貨率,18,化學材料及肥料製造業,08402,61.49,％
存貨率,18,化學材料及肥料製造業,08403,47.95,％
存貨率,18,化學材料及肥料製造業,08404,53.85,％
存貨率,18,化學材料及肥料製造業,08405,55.10,％
存貨率,18,化學材料及肥料製造業,08406,66.95,％
存貨率,18,化學材料及肥料製造業,08407,80.88,％
存貨率,18,化學材料及肥料製造業,08408,77.95,％
存貨率,18,化學材料及肥料製造業,08409,76.46,％
存貨率,18,化學材料及肥料製造業,08410,77.10,％
存貨率,18,化學材料及肥料製造業,08411,66.47,％
存貨率,18,化學材料及肥料製造業,08412,75.26,％
存貨率,18,化學材料及肥料製造業,08501,82.05,％
存貨率,18,化學材料及肥料製造業,08502,104.41,％
存貨率,18,化學材料及肥料製造業,08503,85.89,％
存貨率,18,化學材料及肥料製造業,08504,81.76,％
存貨率,18,化學材料及肥料製造業,08505,81.05,％
存貨率,18,化學材料及肥料製造業,08506,78.65,％
存貨率,18,化學材料及肥料製造業,08507,80.38,％
存貨率,18,化學材料及肥料製造業,08508,73.24,％
存貨率,18,化學材料及肥料製造業,08509,68.50,％
存貨率,18,化學材料及肥料製造業,08510,66.76,％
存貨率,18,化學材料及肥料製造業,08511,65.32,％
存貨率,18,化學材料及肥料製造業,08512,63.43,％
存貨率,18,化學材料及肥料製造業,08601,60.78,％
存貨率,18,化學材料及肥料製造業,08602,72.25,％
存貨率,18,化學材料及肥料製造業,08603,65.47,％
存貨率,18,化學材料及肥料製造業,08604,66.96,％
存貨率,18,化學材料及肥料製造業,08605,64.23,％
存貨率,18,化學材料及肥料製造業,08606,71.63,％
存貨率,18,化學材料及肥料製造業,08607,66.90,％
存貨率,18,化學材料及肥料製造業,08608,65.49,％
存貨率,18,化學材料及肥料製造業,08609,69.65,％
存貨率,18,化學材料及肥料製造業,08610,65.98,％
存貨率,18,化學材料及肥料製造業,08611,63.13,％
存貨率,18,化學材料及肥料製造業,08612,64.01,％
存貨率,18,化學材料及肥料製造業,08701,95.48,％
存貨率,18,化學材料及肥料製造業,08702,87.03,％
存貨率,18,化學材料及肥料製造業,08703,75.01,％
存貨率,18,化學材料及肥料製造業,08704,71.03,％
存貨率,18,化學材料及肥料製造業,08705,81.34,％
存貨率,18,化學材料及肥料製造業,08706,82.39,％
存貨率,18,化學材料及肥料製造業,08707,84.42,％
存貨率,18,化學材料及肥料製造業,08708,83.65,％
存貨率,18,化學材料及肥料製造業,08709,77.05,％
存貨率,18,化學材料及肥料製造業,08710,74.57,％
存貨率,18,化學材料及肥料製造業,08711,82.22,％
存貨率,18,化學材料及肥料製造業,08712,78.31,％
存貨率,18,化學材料及肥料製造業,08801,90.05,％
存貨率,18,化學材料及肥料製造業,08802,116.14,％
存貨率,18,化學材料及肥料製造業,08803,70.14,％
存貨率,18,化學材料及肥料製造業,08804,65.05,％
存貨率,18,化學材料及肥料製造業,08805,62.43,％
存貨率,18,化學材料及肥料製造業,08806,70.89,％
存貨率,18,化學材料及肥料製造業,08807,72.50,％
存貨率,18,化學材料及肥料製造業,08808,74.70,％
存貨率,18,化學材料及肥料製造業,08809,69.90,％
存貨率,18,化學材料及肥料製造業,08810,63.53,％
存貨率,18,化學材料及肥料製造業,08811,76.79,％
存貨率,18,化學材料及肥料製造業,08812,81.43,％
存貨率,18,化學材料及肥料製造業,08901,76.20,％
存貨率,18,化學材料及肥料製造業,08902,76.83,％
存貨率,18,化學材料及肥料製造業,08903,65.36,％
存貨率,18,化學材料及肥料製造業,08904,86.59,％
存貨率,18,化學材料及肥料製造業,08905,79.29,％
存貨率,18,化學材料及肥料製造業,08906,69.19,％
存貨率,18,化學材料及肥料製造業,08907,72.03,％
存貨率,18,化學材料及肥料製造業,08908,67.59,％
存貨率,18,化學材料及肥料製造業,08909,63.18,％
存貨率,18,化學材料及肥料製造業,08910,66.00,％
存貨率,18,化學材料及肥料製造業,08911,73.43,％
存貨率,18,化學材料及肥料製造業,08912,77.25,％
存貨率,18,化學材料及肥料製造業,09001,87.51,％
存貨率,18,化學材料及肥料製造業,09002,75.38,％
存貨率,18,化學材料及肥料製造業,09003,69.42,％
存貨率,18,化學材料及肥料製造業,09004,77.28,％
存貨率,18,化學材料及肥料製造業,09005,72.29,％
存貨率,18,化學材料及肥料製造業,09006,75.93,％
存貨率,18,化學材料及肥料製造業,09007,76.25,％
存貨率,18,化學材料及肥料製造業,09008,67.66,％
存貨率,18,化學材料及肥料製造業,09009,72.14,％
存貨率,18,化學材料及肥料製造業,09010,76.68,％
存貨率,18,化學材料及肥料製造業,09011,87.25,％
存貨率,18,化學材料及肥料製造業,09012,86.02,％
存貨率,18,化學材料及肥料製造業,09101,69.51,％
存貨率,18,化學材料及肥料製造業,09102,80.11,％
存貨率,18,化學材料及肥料製造業,09103,52.51,％
存貨率,18,化學材料及肥料製造業,09104,58.68,％
存貨率,18,化學材料及肥料製造業,09105,64.70,％
存貨率,18,化學材料及肥料製造業,09106,73.95,％
存貨率,18,化學材料及肥料製造業,09107,65.41,％
存貨率,18,化學材料及肥料製造業,09108,59.27,％
存貨率,18,化學材料及肥料製造業,09109,65.50,％
存貨率,18,化學材料及肥料製造業,09110,62.09,％
存貨率,18,化學材料及肥料製造業,09111,62.66,％
存貨率,18,化學材料及肥料製造業,09112,60.26,％
存貨率,18,化學材料及肥料製造業,09201,56.80,％
存貨率,18,化學材料及肥料製造業,09202,62.24,％
存貨率,18,化學材料及肥料製造業,09203,69.79,％
存貨率,18,化學材料及肥料製造業,09204,84.85,％
存貨率,18,化學材料及肥料製造業,09205,72.80,％
存貨率,18,化學材料及肥料製造業,09206,61.45,％
存貨率,18,化學材料及肥料製造業,09207,61.05,％
存貨率,18,化學材料及肥料製造業,09208,58.12,％
存貨率,18,化學材料及肥料製造業,09209,64.88,％
存貨率,18,化學材料及肥料製造業,09210,56.93,％
存貨率,18,化學材料及肥料製造業,09211,60.33,％
存貨率,18,化學材料及肥料製造業,09212,53.52,％
存貨率,18,化學材料及肥料製造業,09301,56.34,％
存貨率,18,化學材料及肥料製造業,09302,58.35,％
存貨率,18,化學材料及肥料製造業,09303,57.47,％
存貨率,18,化學材料及肥料製造業,09304,55.12,％
存貨率,18,化學材料及肥料製造業,09305,54.49,％
存貨率,18,化學材料及肥料製造業,09306,51.58,％
存貨率,18,化學材料及肥料製造業,09307,48.45,％
存貨率,18,化學材料及肥料製造業,09308,45.54,％
存貨率,18,化學材料及肥料製造業,09309,50.91,％
存貨率,18,化學材料及肥料製造業,09310,49.61,％
存貨率,18,化學材料及肥料製造業,09311,67.34,％
存貨率,18,化學材料及肥料製造業,09312,79.04,％
存貨率,18,化學材料及肥料製造業,09401,63.29,％
存貨率,18,化學材料及肥料製造業,09402,73.80,％
存貨率,18,化學材料及肥料製造業,09403,59.89,％
存貨率,18,化學材料及肥料製造業,09404,72.86,％
存貨率,18,化學材料及肥料製造業,09405,77.42,％
存貨率,18,化學材料及肥料製造業,09406,56.97,％
存貨率,18,化學材料及肥料製造業,09407,58.16,％
存貨率,18,化學材料及肥料製造業,09408,54.51,％
存貨率,18,化學材料及肥料製造業,09409,54.72,％
存貨率,18,化學材料及肥料製造業,09410,64.52,％
存貨率,18,化學材料及肥料製造業,09411,68.90,％
存貨率,18,化學材料及肥料製造業,09412,56.65,％
存貨率,18,化學材料及肥料製造業,09501,60.98,％
存貨率,18,化學材料及肥料製造業,09502,68.52,％
存貨率,18,化學材料及肥料製造業,09503,59.77,％
存貨率,18,化學材料及肥料製造業,09504,52.77,％
存貨率,18,化學材料及肥料製造業,09505,50.34,％
存貨率,18,化學材料及肥料製造業,09506,49.68,％
存貨率,18,化學材料及肥料製造業,09507,51.77,％
存貨率,18,化學材料及肥料製造業,09508,46.72,％
存貨率,18,化學材料及肥料製造業,09509,66.73,％
存貨率,18,化學材料及肥料製造業,09510,66.78,％
存貨率,18,化學材料及肥料製造業,09511,55.56,％
存貨率,18,化學材料及肥料製造業,09512,54.29,％
存貨率,18,化學材料及肥料製造業,09601,55.86,％
存貨率,18,化學材料及肥料製造業,09602,71.44,％
存貨率,18,化學材料及肥料製造業,09603,51.03,％
存貨率,18,化學材料及肥料製造業,09604,50.61,％
存貨率,18,化學材料及肥料製造業,09605,44.54,％
存貨率,18,化學材料及肥料製造業,09606,53.59,％
存貨率,18,化學材料及肥料製造業,09607,50.73,％
存貨率,18,化學材料及肥料製造業,09608,51.37,％
存貨率,18,化學材料及肥料製造業,09609,54.04,％
存貨率,18,化學材料及肥料製造業,09610,50.73,％
存貨率,18,化學材料及肥料製造業,09611,49.79,％
存貨率,18,化學材料及肥料製造業,09612,53.23,％
存貨率,18,化學材料及肥料製造業,09701,53.99,％
存貨率,18,化學材料及肥料製造業,09702,61.48,％
存貨率,18,化學材料及肥料製造業,09703,52.52,％
存貨率,18,化學材料及肥料製造業,09704,53.70,％
存貨率,18,化學材料及肥料製造業,09705,51.33,％
存貨率,18,化學材料及肥料製造業,09706,51.87,％
存貨率,18,化學材料及肥料製造業,09707,65.41,％
存貨率,18,化學材料及肥料製造業,09708,87.24,％
存貨率,18,化學材料及肥料製造業,09709,103.47,％
存貨率,18,化學材料及肥料製造業,09710,111.16,％
存貨率,18,化學材料及肥料製造業,09711,116.23,％
存貨率,18,化學材料及肥料製造業,09712,88.94,％
存貨率,18,化學材料及肥料製造業,09801,89.26,％
存貨率,18,化學材料及肥料製造業,09802,60.42,％
存貨率,18,化學材料及肥料製造業,09803,52.10,％
存貨率,18,化學材料及肥料製造業,09804,45.39,％
存貨率,18,化學材料及肥料製造業,09805,51.96,％
存貨率,18,化學材料及肥料製造業,09806,45.95,％
存貨率,18,化學材料及肥料製造業,09807,42.64,％
存貨率,18,化學材料及肥料製造業,09808,44.91,％
存貨率,18,化學材料及肥料製造業,09809,53.20,％
存貨率,18,化學材料及肥料製造業,09810,47.72,％
存貨率,18,化學材料及肥料製造業,09811,45.28,％
存貨率,18,化學材料及肥料製造業,09812,43.23,％
存貨率,18,化學材料及肥料製造業,09901,43.92,％
存貨率,18,化學材料及肥料製造業,09902,57.11,％
存貨率,18,化學材料及肥料製造業,09903,43.61,％
存貨率,18,化學材料及肥料製造業,09904,41.68,％
存貨率,18,化學材料及肥料製造業,09905,47.08,％
存貨率,18,化學材料及肥料製造業,09906,55.58,％
存貨率,18,化學材料及肥料製造業,09907,51.37,％
存貨率,18,化學材料及肥料製造業,09908,49.03,％
存貨率,18,化學材料及肥料製造業,09909,52.19,％
存貨率,18,化學材料及肥料製造業,09910,49.36,％
存貨率,18,化學材料及肥料製造業,09911,45.59,％
存貨率,18,化學材料及肥料製造業,09912,47.06,％
存貨率,18,化學材料及肥料製造業,10001,48.65,％
存貨率,18,化學材料及肥料製造業,10002,59.12,％
存貨率,18,化學材料及肥料製造業,10003,47.47,％
存貨率,18,化學材料及肥料製造業,10004,52.52,％
存貨率,18,化學材料及肥料製造業,10005,62.73,％
存貨率,18,化學材料及肥料製造業,10006,69.62,％
存貨率,18,化學材料及肥料製造業,10007,60.93,％
存貨率,18,化學材料及肥料製造業,10008,60.95,％
存貨率,18,化學材料及肥料製造業,10009,64.20,％
存貨率,18,化學材料及肥料製造業,10010,73.75,％
存貨率,18,化學材料及肥料製造業,10011,68.09,％
存貨率,18,化學材料及肥料製造業,10012,62.88,％
存貨率,18,化學材料及肥料製造業,10101,67.33,％
存貨率,18,化學材料及肥料製造業,10102,57.30,％
存貨率,18,化學材料及肥料製造業,10103,53.81,％
存貨率,18,化學材料及肥料製造業,10104,63.07,％
存貨率,18,化學材料及肥料製造業,10105,66.76,％
存貨率,18,化學材料及肥料製造業,10106,69.47,％
存貨率,18,化學材料及肥料製造業,10107,58.54,％
存貨率,18,化學材料及肥料製造業,10108,57.55,％
存貨率,18,化學材料及肥料製造業,10109,63.20,％
存貨率,18,化學材料及肥料製造業,10110,62.07,％
存貨率,18,化學材料及肥料製造業,10111,63.85,％
存貨率,18,化學材料及肥料製造業,10112,60.35,％
存貨率,18,化學材料及肥料製造業,10201,56.19,％
存貨率,18,化學材料及肥料製造業,10202,66.78,％
存貨率,18,化學材料及肥料製造業,10203,66.71,％
存貨率,18,化學材料及肥料製造業,10204,66.76,％
存貨率,18,化學材料及肥料製造業,10205,57.84,％
存貨率,18,化學材料及肥料製造業,10206,59.56,％
存貨率,18,化學材料及肥料製造業,10207,59.78,％
存貨率,18,化學材料及肥料製造業,10208,55.82,％
存貨率,18,化學材料及肥料製造業,10209,62.08,％
存貨率,18,化學材料及肥料製造業,10210,59.03,％
存貨率,18,化學材料及肥料製造業,10211,58.33,％
存貨率,18,化學材料及肥料製造業,10212,55.96,％
存貨率,18,化學材料及肥料製造業,10301,59.03,％
存貨率,18,化學材料及肥料製造業,10302,71.49,％
存貨率,18,化學材料及肥料製造業,10303,66.62,％
存貨率,18,化學材料及肥料製造業,10304,60.30,％
存貨率,18,化學材料及肥料製造業,10305,58.46,％
存貨率,18,化學材料及肥料製造業,10306,57.83,％
存貨率,18,化學材料及肥料製造業,10307,59.25,％
存貨率,18,化學材料及肥料製造業,10308,64.18,％
存貨率,18,化學材料及肥料製造業,10309,67.50,％
存貨率,18,化學材料及肥料製造業,10310,68.34,％
存貨率,18,化學材料及肥料製造業,10311,71.27,％
存貨率,18,化學材料及肥料製造業,10312,66.21,％
存貨率,18,化學材料及肥料製造業,10401,66.04,％
存貨率,18,化學材料及肥料製造業,10402,74.06,％
存貨率,18,化學材料及肥料製造業,10403,55.42,％
存貨率,18,化學材料及肥料製造業,10404,56.17,％
存貨率,18,化學材料及肥料製造業,10405,61.34,％
存貨率,18,化學材料及肥料製造業,10406,66.39,％
存貨率,18,化學材料及肥料製造業,10407,68.29,％
存貨率,18,化學材料及肥料製造業,10408,76.90,％
存貨率,18,化學材料及肥料製造業,10409,71.92,％
存貨率,18,化學材料及肥料製造業,10410,64.63,％
存貨率,18,化學材料及肥料製造業,10411,68.23,％
存貨率,18,化學材料及肥料製造業,10412,64.50,％
存貨率,18,化學材料及肥料製造業,10501,71.89,％
存貨率,18,化學材料及肥料製造業,10502,84.61,％
存貨率,18,化學材料及肥料製造業,10503,58.11,％
存貨率,18,化學材料及肥料製造業,10504,62.73,％
存貨率,18,化學材料及肥料製造業,10505,62.89,％
存貨率,18,化學材料及肥料製造業,10506,62.76,％
存貨率,18,化學材料及肥料製造業,10507,64.12,％
存貨率,18,化學材料及肥料製造業,10508,61.79,％
存貨率,18,化學材料及肥料製造業,10509,65.19,％
存貨率,18,化學材料及肥料製造業,10510,61.39,％
存貨率,18,化學材料及肥料製造業,10511,57.15,％
存貨率,18,化學材料及肥料製造業,10512,55.58,％
存貨率,18,化學材料及肥料製造業,10601,64.48,％
存貨率,18,化學材料及肥料製造業,10602,66.81,％
存貨率,18,化學材料及肥料製造業,10603,63.20,％
存貨率,18,化學材料及肥料製造業,10604,71.05,％
存貨率,18,化學材料及肥料製造業,10605,66.64,％
存貨率,18,化學材料及肥料製造業,10606,60.92,％
存貨率,18,化學材料及肥料製造業,10607,62.38,％
存貨率,18,化學材料及肥料製造業,10608,58.49,％
存貨率,18,化學材料及肥料製造業,10609,56.36,％
存貨率,18,化學材料及肥料製造業,10610,58.47,％
存貨率,18,化學材料及肥料製造業,10611,56.12,％
存貨率,18,化學材料及肥料製造業,10612,55.94,％
存貨率,18,化學材料及肥料製造業,10701,53.89,％
存貨率,18,化學材料及肥料製造業,10702,66.08,％
存貨率,18,化學材料及肥料製造業,10703,54.94,％
存貨率,18,化學材料及肥料製造業,10704,58.34,％
存貨率,18,化學材料及肥料製造業,10705,56.17,％
存貨率,18,化學材料及肥料製造業,10706,56.80,％
存貨率,18,化學材料及肥料製造業,10707,59.73,％
存貨率,18,化學材料及肥料製造業,10708,59.99,％
存貨率,18,化學材料及肥料製造業,10709,65.39,％
存貨率,18,化學材料及肥料製造業,10710,63.29,％
存貨率,18,化學材料及肥料製造業,10711,68.09,％
存貨率,18,化學材料及肥料製造業,10712,69.01,％
存貨率,18,化學材料及肥料製造業,10801,62.58,％
存貨率,18,化學材料及肥料製造業,10802,75.16,％
存貨率,18,化學材料及肥料製造業,10803,67.85,％
存貨率,18,化學材料及肥料製造業,10804,66.56,％
存貨率,18,化學材料及肥料製造業,10805,68.24,％
存貨率,18,化學材料及肥料製造業,10806,74.33,％
存貨率,18,化學材料及肥料製造業,10807,67.30,％
存貨率,18,化學材料及肥料製造業,10808,69.96,％
存貨率,18,化學材料及肥料製造業,10809,73.56,％
存貨率,18,化學材料及肥料製造業,10810,66.94,％
存貨率,18,化學材料及肥料製造業,10811,70.83,％
存貨率,18,化學材料及肥料製造業,10812,66.23,％
存貨率,18,化學材料及肥料製造業,10901,72.27,％
存貨率,18,化學材料及肥料製造業,10902,76.43,％
存貨率,18,化學材料及肥料製造業,10903,73.28,％
存貨率,18,化學材料及肥料製造業,10904,82.38,％
存貨率,18,化學材料及肥料製造業,10905,82.35,％
存貨率,18,化學材料及肥料製造業,10906,70.80,％
存貨率,18,化學材料及肥料製造業,10907,66.56,％
存貨率,18,化學材料及肥料製造業,10908,70.02,％
存貨率,18,化學材料及肥料製造業,10909,59.83,％
存貨率,18,化學材料及肥料製造業,10910,57.54,％
存貨率,18,化學材料及肥料製造業,10911,54.60,％
存貨率,18,化學材料及肥料製造業,10912,49.31,％
存貨率,18,化學材料及肥料製造業,11001,54.11,％
存貨率,18,化學材料及肥料製造業,11002,62.07,％
存貨率,18,化學材料及肥料製造業,11003,48.29,％
存貨率,18,化學材料及肥料製造業,11004,52.72,％
存貨率,18,化學材料及肥料製造業,11005,57.21,％
存貨率,18,化學材料及肥料製造業,11006,60.99,％
存貨率,18,化學材料及肥料製造業,11007,60.81,％
存貨率,18,化學材料及肥料製造業,11008,61.78,％
存貨率,18,化學材料及肥料製造業,11009,64.90,％
存貨率,18,化學材料及肥料製造業,11010,61.59,％
存貨率,18,化學材料及肥料製造業,11011,64.81,％
存貨率,18,化學材料及肥料製造業,11012,66.69,％
存貨率,18,化學材料及肥料製造業,11101,62.77,％
存貨率,18,化學材料及肥料製造業,11102,73.68,％
存貨率,18,化學材料及肥料製造業,11103,55.76,％
存貨率,18,化學材料及肥料製造業,11104,63.71,％
存貨率,18,化學材料及肥料製造業,11105,70.58,％
存貨率,18,化學材料及肥料製造業,11106,72.68,％
存貨率,18,化學材料及肥料製造業,11107,85.65,％
存貨率,18,化學材料及肥料製造業,11108,89.29,％
存貨率,18,化學材料及肥料製造業,11109,84.47,％
存貨率,18,化學材料及肥料製造業,11110,87.24,％
存貨率,18,化學材料及肥料製造業,11111,87.51,％
存貨率,18,化學材料及肥料製造業,11112,81.83,％
存貨率,18,化學材料及肥料製造業,11201,92.85,％
存貨率,18,化學材料及肥料製造業,11202,78.49,％
存貨率,18,化學材料及肥料製造業,11203,68.63,％
存貨率,18,化學材料及肥料製造業,11204,87.47,％
存貨率,18,化學材料及肥料製造業,11205,86.85,％
存貨率,18,化學材料及肥料製造業,11206,90.55,％
存貨率,18,化學材料及肥料製造業,11207,87.09,％
存貨率,18,化學材料及肥料製造業,11208,72.99,％
存貨率,18,化學材料及肥料製造業,11209,76.07,％
存貨率,18,化學材料及肥料製造業,11210,78.59,％
存貨率,18,化學材料及肥料製造業,11211,80.70,％
存貨率,18,化學材料及肥料製造業,11212,79.92,％
存貨率,18,化學材料及肥料製造業,11301,75.63,％
存貨率,18,化學材料及肥料製造業,11302,87.58,％
存貨率,18,化學材料及肥料製造業,11303,73.54,％
存貨率,18,化學材料及肥料製造業,11304,73.07,％
存貨率,18,化學材料及肥料製造業,11305,70.74,％
存貨率,18,化學材料及肥料製造業,11306,76.17,％
存貨率,18,化學材料及肥料製造業,11307,84.23,％
存貨率,18,化學材料及肥料製造業,11308,82.49,％
存貨率,18,化學材料及肥料製造業,11309,86.49,％
存貨率,18,化學材料及肥料製造業,11310,87.20,％
存貨率,18,化學材料及肥料製造業,11311,79.54,％
存貨率,18,化學材料及肥料製造業,11312,78.68,％
存貨率,18,化學材料及肥料製造業,11401,93.49,％
存貨率,18,化學材料及肥料製造業,11402,81.03,％
存貨率,18,化學材料及肥料製造業,11403,79.10,％
存貨率,18,化學材料及肥料製造業,11404,82.91,％
存貨率,18,化學材料及肥料製造業,11405,80.98,％
存貨率,18,化學材料及肥料製造業,11406,81.67,％
存貨率,18,化學材料及肥料製造業,11407,81.25,％
存貨率,18,化學材料及肥料製造業,11408,85.40,％
存貨率,18,化學材料及肥料製造業,11409,85.08,％
存貨率,18,化學材料及肥料製造業,11410,90.18,％
存貨率,18,化學材料及肥料製造業,11411,93.00,％
存貨率,18,化學材料及肥料製造業,11412,84.20,％
存貨率,18,化學材料及肥料製造業,11501,78.98,％
存貨率,18,化學材料及肥料製造業,11502,94.34,％
存貨率,18,化學材料及肥料製造業,11503,71.17,％
存貨率,18,化學材料及肥料製造業,11504,80.71,％
存貨率,18,化學材料及肥料製造業,11505,100.93,％
存貨率,18,化學材料及肥料製造業,11506,100.61,％
存貨率,19,其他化學製品製造業,07101,84.61,％
存貨率,19,其他化學製品製造業,07102,89.24,％
存貨率,19,其他化學製品製造業,07103,85.73,％
存貨率,19,其他化學製品製造業,07104,76.79,％
存貨率,19,其他化學製品製造業,07105,79.01,％
存貨率,19,其他化學製品製造業,07106,71.15,％
存貨率,19,其他化學製品製造業,07107,81.18,％
存貨率,19,其他化學製品製造業,07108,77.38,％
存貨率,19,其他化學製品製造業,07109,79.67,％
存貨率,19,其他化學製品製造業,07110,71.46,％
存貨率,19,其他化學製品製造業,07111,79.09,％
存貨率,19,其他化學製品製造業,07112,76.99,％
存貨率,19,其他化學製品製造業,07201,79.39,％
存貨率,19,其他化學製品製造業,07202,99.63,％
存貨率,19,其他化學製品製造業,07203,79.69,％
存貨率,19,其他化學製品製造業,07204,76.39,％
存貨率,19,其他化學製品製造業,07205,72.36,％
存貨率,19,其他化學製品製造業,07206,70.31,％
存貨率,19,其他化學製品製造業,07207,74.56,％
存貨率,19,其他化學製品製造業,07208,71.29,％
存貨率,19,其他化學製品製造業,07209,68.61,％
存貨率,19,其他化學製品製造業,07210,68.70,％
存貨率,19,其他化學製品製造業,07211,69.74,％
存貨率,19,其他化學製品製造業,07212,70.37,％
存貨率,19,其他化學製品製造業,07301,84.76,％
存貨率,19,其他化學製品製造業,07302,115.58,％
存貨率,19,其他化學製品製造業,07303,96.63,％
存貨率,19,其他化學製品製造業,07304,86.60,％
存貨率,19,其他化學製品製造業,07305,95.58,％
存貨率,19,其他化學製品製造業,07306,88.96,％
存貨率,19,其他化學製品製造業,07307,95.33,％
存貨率,19,其他化學製品製造業,07308,93.02,％
存貨率,19,其他化學製品製造業,07309,93.01,％
存貨率,19,其他化學製品製造業,07310,95.49,％
存貨率,19,其他化學製品製造業,07311,93.19,％
存貨率,19,其他化學製品製造業,07312,89.15,％
存貨率,19,其他化學製品製造業,07401,99.71,％
存貨率,19,其他化學製品製造業,07402,125.07,％
存貨率,19,其他化學製品製造業,07403,109.19,％
存貨率,19,其他化學製品製造業,07404,105.82,％
存貨率,19,其他化學製品製造業,07405,112.70,％
存貨率,19,其他化學製品製造業,07406,108.58,％
存貨率,19,其他化學製品製造業,07407,111.27,％
存貨率,19,其他化學製品製造業,07408,113.07,％
存貨率,19,其他化學製品製造業,07409,106.38,％
存貨率,19,其他化學製品製造業,07410,104.84,％
存貨率,19,其他化學製品製造業,07411,100.05,％
存貨率,19,其他化學製品製造業,07412,80.75,％
存貨率,19,其他化學製品製造業,07501,83.50,％
存貨率,19,其他化學製品製造業,07502,120.04,％
存貨率,19,其他化學製品製造業,07503,49.14,％
存貨率,19,其他化學製品製造業,07504,87.30,％
存貨率,19,其他化學製品製造業,07505,84.59,％
存貨率,19,其他化學製品製造業,07506,88.12,％
存貨率,19,其他化學製品製造業,07507,89.48,％
存貨率,19,其他化學製品製造業,07508,92.07,％
存貨率,19,其他化學製品製造業,07509,87.98,％
存貨率,19,其他化學製品製造業,07510,82.90,％
存貨率,19,其他化學製品製造業,07511,81.21,％
存貨率,19,其他化學製品製造業,07512,77.08,％
存貨率,19,其他化學製品製造業,07601,91.01,％
存貨率,19,其他化學製品製造業,07602,91.63,％
存貨率,19,其他化學製品製造業,07603,87.39,％
存貨率,19,其他化學製品製造業,07604,78.16,％
存貨率,19,其他化學製品製造業,07605,81.80,％
存貨率,19,其他化學製品製造業,07606,79.54,％
存貨率,19,其他化學製品製造業,07607,88.49,％
存貨率,19,其他化學製品製造業,07608,93.05,％
存貨率,19,其他化學製品製造業,07609,87.67,％
存貨率,19,其他化學製品製造業,07610,91.23,％
存貨率,19,其他化學製品製造業,07611,90.83,％
存貨率,19,其他化學製品製造業,07612,86.19,％
存貨率,19,其他化學製品製造業,07701,89.44,％
存貨率,19,其他化學製品製造業,07702,110.09,％
存貨率,19,其他化學製品製造業,07703,92.83,％
存貨率,19,其他化學製品製造業,07704,90.41,％
存貨率,19,其他化學製品製造業,07705,89.49,％
存貨率,19,其他化學製品製造業,07706,92.16,％
存貨率,19,其他化學製品製造業,07707,93.82,％
存貨率,19,其他化學製品製造業,07708,99.62,％
存貨率,19,其他化學製品製造業,07709,107.11,％
存貨率,19,其他化學製品製造業,07710,101.91,％
存貨率,19,其他化學製品製造業,07711,97.46,％
存貨率,19,其他化學製品製造業,07712,94.40,％
存貨率,19,其他化學製品製造業,07801,96.33,％
存貨率,19,其他化學製品製造業,07802,116.14,％
存貨率,19,其他化學製品製造業,07803,85.84,％
存貨率,19,其他化學製品製造業,07804,87.88,％
存貨率,19,其他化學製品製造業,07805,91.23,％
存貨率,19,其他化學製品製造業,07806,91.18,％
存貨率,19,其他化學製品製造業,07807,98.95,％
存貨率,19,其他化學製品製造業,07808,95.05,％
存貨率,19,其他化學製品製造業,07809,92.06,％
存貨率,19,其他化學製品製造業,07810,96.81,％
存貨率,19,其他化學製品製造業,07811,90.93,％
存貨率,19,其他化學製品製造業,07812,93.42,％
存貨率,19,其他化學製品製造業,07901,119.94,％
存貨率,19,其他化學製品製造業,07902,102.04,％
存貨率,19,其他化學製品製造業,07903,97.75,％
存貨率,19,其他化學製品製造業,07904,93.35,％
存貨率,19,其他化學製品製造業,07905,93.16,％
存貨率,19,其他化學製品製造業,07906,92.64,％
存貨率,19,其他化學製品製造業,07907,97.82,％
存貨率,19,其他化學製品製造業,07908,93.60,％
存貨率,19,其他化學製品製造業,07909,89.82,％
存貨率,19,其他化學製品製造業,07910,84.37,％
存貨率,19,其他化學製品製造業,07911,80.88,％
存貨率,19,其他化學製品製造業,07912,84.85,％
存貨率,19,其他化學製品製造業,08001,94.17,％
存貨率,19,其他化學製品製造業,08002,131.91,％
存貨率,19,其他化學製品製造業,08003,103.93,％
存貨率,19,其他化學製品製造業,08004,105.74,％
存貨率,19,其他化學製品製造業,08005,98.14,％
存貨率,19,其他化學製品製造業,08006,97.77,％
存貨率,19,其他化學製品製造業,08007,92.92,％
存貨率,19,其他化學製品製造業,08008,95.80,％
存貨率,19,其他化學製品製造業,08009,100.76,％
存貨率,19,其他化學製品製造業,08010,95.30,％
存貨率,19,其他化學製品製造業,08011,99.96,％
存貨率,19,其他化學製品製造業,08012,90.06,％
存貨率,19,其他化學製品製造業,08101,87.34,％
存貨率,19,其他化學製品製造業,08102,121.14,％
存貨率,19,其他化學製品製造業,08103,93.24,％
存貨率,19,其他化學製品製造業,08104,93.75,％
存貨率,19,其他化學製品製造業,08105,90.72,％
存貨率,19,其他化學製品製造業,08106,87.61,％
存貨率,19,其他化學製品製造業,08107,85.28,％
存貨率,19,其他化學製品製造業,08108,84.11,％
存貨率,19,其他化學製品製造業,08109,86.48,％
存貨率,19,其他化學製品製造業,08110,83.63,％
存貨率,19,其他化學製品製造業,08111,83.54,％
存貨率,19,其他化學製品製造業,08112,84.03,％
存貨率,19,其他化學製品製造業,08201,131.60,％
存貨率,19,其他化學製品製造業,08202,114.90,％
存貨率,19,其他化學製品製造業,08203,107.13,％
存貨率,19,其他化學製品製造業,08204,113.67,％
存貨率,19,其他化學製品製造業,08205,110.95,％
存貨率,19,其他化學製品製造業,08206,105.10,％
存貨率,19,其他化學製品製造業,08207,106.39,％
存貨率,19,其他化學製品製造業,08208,111.19,％
存貨率,19,其他化學製品製造業,08209,108.97,％
存貨率,19,其他化學製品製造業,08210,110.41,％
存貨率,19,其他化學製品製造業,08211,108.36,％
存貨率,19,其他化學製品製造業,08212,100.01,％
存貨率,19,其他化學製品製造業,08301,97.92,％
存貨率,19,其他化學製品製造業,08302,127.61,％
存貨率,19,其他化學製品製造業,08303,89.75,％
存貨率,19,其他化學製品製造業,08304,89.58,％
存貨率,19,其他化學製品製造業,08305,92.08,％
存貨率,19,其他化學製品製造業,08306,90.08,％
存貨率,19,其他化學製品製造業,08307,98.20,％
存貨率,19,其他化學製品製造業,08308,97.66,％
存貨率,19,其他化學製品製造業,08309,96.55,％
存貨率,19,其他化學製品製造業,08310,99.51,％
存貨率,19,其他化學製品製造業,08311,95.09,％
存貨率,19,其他化學製品製造業,08312,91.58,％
存貨率,19,其他化學製品製造業,08401,110.74,％
存貨率,19,其他化學製品製造業,08402,134.30,％
存貨率,19,其他化學製品製造業,08403,100.79,％
存貨率,19,其他化學製品製造業,08404,110.33,％
存貨率,19,其他化學製品製造業,08405,105.79,％
存貨率,19,其他化學製品製造業,08406,112.02,％
存貨率,19,其他化學製品製造業,08407,124.50,％
存貨率,19,其他化學製品製造業,08408,120.31,％
存貨率,19,其他化學製品製造業,08409,125.09,％
存貨率,19,其他化學製品製造業,08410,121.40,％
存貨率,19,其他化學製品製造業,08411,115.76,％
存貨率,19,其他化學製品製造業,08412,116.15,％
存貨率,19,其他化學製品製造業,08501,117.66,％
存貨率,19,其他化學製品製造業,08502,147.48,％
存貨率,19,其他化學製品製造業,08503,115.91,％
存貨率,19,其他化學製品製造業,08504,99.65,％
存貨率,19,其他化學製品製造業,08505,102.02,％
存貨率,19,其他化學製品製造業,08506,109.67,％
存貨率,19,其他化學製品製造業,08507,111.02,％
存貨率,19,其他化學製品製造業,08508,109.55,％
存貨率,19,其他化學製品製造業,08509,114.92,％
存貨率,19,其他化學製品製造業,08510,107.12,％
存貨率,19,其他化學製品製造業,08511,105.15,％
存貨率,19,其他化學製品製造業,08512,109.87,％
存貨率,19,其他化學製品製造業,08601,112.78,％
存貨率,19,其他化學製品製造業,08602,152.84,％
存貨率,19,其他化學製品製造業,08603,108.40,％
存貨率,19,其他化學製品製造業,08604,106.31,％
存貨率,19,其他化學製品製造業,08605,104.41,％
存貨率,19,其他化學製品製造業,08606,110.44,％
存貨率,19,其他化學製品製造業,08607,112.36,％
存貨率,19,其他化學製品製造業,08608,115.04,％
存貨率,19,其他化學製品製造業,08609,116.84,％
存貨率,19,其他化學製品製造業,08610,112.71,％
存貨率,19,其他化學製品製造業,08611,117.09,％
存貨率,19,其他化學製品製造業,08612,105.88,％
存貨率,19,其他化學製品製造業,08701,141.01,％
存貨率,19,其他化學製品製造業,08702,122.11,％
存貨率,19,其他化學製品製造業,08703,114.11,％
存貨率,19,其他化學製品製造業,08704,112.90,％
存貨率,19,其他化學製品製造業,08705,125.37,％
存貨率,19,其他化學製品製造業,08706,115.35,％
存貨率,19,其他化學製品製造業,08707,114.77,％
存貨率,19,其他化學製品製造業,08708,117.69,％
存貨率,19,其他化學製品製造業,08709,121.51,％
存貨率,19,其他化學製品製造業,08710,112.80,％
存貨率,19,其他化學製品製造業,08711,119.99,％
存貨率,19,其他化學製品製造業,08712,110.77,％
存貨率,19,其他化學製品製造業,08801,122.08,％
存貨率,19,其他化學製品製造業,08802,146.90,％
存貨率,19,其他化學製品製造業,08803,100.21,％
存貨率,19,其他化學製品製造業,08804,108.10,％
存貨率,19,其他化學製品製造業,08805,110.47,％
存貨率,19,其他化學製品製造業,08806,106.99,％
存貨率,19,其他化學製品製造業,08807,113.75,％
存貨率,19,其他化學製品製造業,08808,123.70,％
存貨率,19,其他化學製品製造業,08809,119.82,％
存貨率,19,其他化學製品製造業,08810,106.17,％
存貨率,19,其他化學製品製造業,08811,109.78,％
存貨率,19,其他化學製品製造業,08812,114.62,％
存貨率,19,其他化學製品製造業,08901,113.74,％
存貨率,19,其他化學製品製造業,08902,151.46,％
存貨率,19,其他化學製品製造業,08903,106.20,％
存貨率,19,其他化學製品製造業,08904,117.55,％
存貨率,19,其他化學製品製造業,08905,101.52,％
存貨率,19,其他化學製品製造業,08906,104.77,％
存貨率,19,其他化學製品製造業,08907,117.71,％
存貨率,19,其他化學製品製造業,08908,123.07,％
存貨率,19,其他化學製品製造業,08909,120.12,％
存貨率,19,其他化學製品製造業,08910,119.43,％
存貨率,19,其他化學製品製造業,08911,119.85,％
存貨率,19,其他化學製品製造業,08912,121.65,％
存貨率,19,其他化學製品製造業,09001,158.03,％
存貨率,19,其他化學製品製造業,09002,140.07,％
存貨率,19,其他化學製品製造業,09003,121.47,％
存貨率,19,其他化學製品製造業,09004,138.16,％
存貨率,19,其他化學製品製造業,09005,124.47,％
存貨率,19,其他化學製品製造業,09006,127.80,％
存貨率,19,其他化學製品製造業,09007,131.29,％
存貨率,19,其他化學製品製造業,09008,115.63,％
存貨率,19,其他化學製品製造業,09009,135.85,％
存貨率,19,其他化學製品製造業,09010,115.42,％
存貨率,19,其他化學製品製造業,09011,122.12,％
存貨率,19,其他化學製品製造業,09012,128.53,％
存貨率,19,其他化學製品製造業,09101,115.23,％
存貨率,19,其他化學製品製造業,09102,157.23,％
存貨率,19,其他化學製品製造業,09103,107.48,％
存貨率,19,其他化學製品製造業,09104,113.71,％
存貨率,19,其他化學製品製造業,09105,109.25,％
存貨率,19,其他化學製品製造業,09106,126.63,％
存貨率,19,其他化學製品製造業,09107,123.57,％
存貨率,19,其他化學製品製造業,09108,120.75,％
存貨率,19,其他化學製品製造業,09109,129.00,％
存貨率,19,其他化學製品製造業,09110,122.55,％
存貨率,19,其他化學製品製造業,09111,128.64,％
存貨率,19,其他化學製品製造業,09112,125.26,％
存貨率,19,其他化學製品製造業,09201,111.90,％
存貨率,19,其他化學製品製造業,09202,140.52,％
存貨率,19,其他化學製品製造業,09203,113.16,％
存貨率,19,其他化學製品製造業,09204,120.52,％
存貨率,19,其他化學製品製造業,09205,121.17,％
存貨率,19,其他化學製品製造業,09206,125.92,％
存貨率,19,其他化學製品製造業,09207,125.87,％
存貨率,19,其他化學製品製造業,09208,122.62,％
存貨率,19,其他化學製品製造業,09209,116.23,％
存貨率,19,其他化學製品製造業,09210,108.19,％
存貨率,19,其他化學製品製造業,09211,121.88,％
存貨率,19,其他化學製品製造業,09212,109.69,％
存貨率,19,其他化學製品製造業,09301,134.59,％
存貨率,19,其他化學製品製造業,09302,115.66,％
存貨率,19,其他化學製品製造業,09303,111.13,％
存貨率,19,其他化學製品製造業,09304,115.57,％
存貨率,19,其他化學製品製造業,09305,117.90,％
存貨率,19,其他化學製品製造業,09306,117.82,％
存貨率,19,其他化學製品製造業,09307,114.33,％
存貨率,19,其他化學製品製造業,09308,119.55,％
存貨率,19,其他化學製品製造業,09309,110.48,％
存貨率,19,其他化學製品製造業,09310,115.05,％
存貨率,19,其他化學製品製造業,09311,119.21,％
存貨率,19,其他化學製品製造業,09312,123.59,％
存貨率,19,其他化學製品製造業,09401,127.53,％
存貨率,19,其他化學製品製造業,09402,163.51,％
存貨率,19,其他化學製品製造業,09403,120.86,％
存貨率,19,其他化學製品製造業,09404,121.07,％
存貨率,19,其他化學製品製造業,09405,125.84,％
存貨率,19,其他化學製品製造業,09406,123.74,％
存貨率,19,其他化學製品製造業,09407,127.60,％
存貨率,19,其他化學製品製造業,09408,120.80,％
存貨率,19,其他化學製品製造業,09409,118.70,％
存貨率,19,其他化學製品製造業,09410,124.98,％
存貨率,19,其他化學製品製造業,09411,123.84,％
存貨率,19,其他化學製品製造業,09412,118.29,％
存貨率,19,其他化學製品製造業,09501,122.68,％
存貨率,19,其他化學製品製造業,09502,137.69,％
存貨率,19,其他化學製品製造業,09503,110.71,％
存貨率,19,其他化學製品製造業,09504,127.12,％
存貨率,19,其他化學製品製造業,09505,106.59,％
存貨率,19,其他化學製品製造業,09506,105.82,％
存貨率,19,其他化學製品製造業,09507,114.93,％
存貨率,19,其他化學製品製造業,09508,108.97,％
存貨率,19,其他化學製品製造業,09509,111.15,％
存貨率,19,其他化學製品製造業,09510,107.38,％
存貨率,19,其他化學製品製造業,09511,112.14,％
存貨率,19,其他化學製品製造業,09512,110.85,％
存貨率,19,其他化學製品製造業,09601,103.22,％
存貨率,19,其他化學製品製造業,09602,138.21,％
存貨率,19,其他化學製品製造業,09603,94.71,％
存貨率,19,其他化學製品製造業,09604,104.56,％
存貨率,19,其他化學製品製造業,09605,92.61,％
存貨率,19,其他化學製品製造業,09606,100.45,％
存貨率,19,其他化學製品製造業,09607,96.65,％
存貨率,19,其他化學製品製造業,09608,90.08,％
存貨率,19,其他化學製品製造業,09609,100.18,％
存貨率,19,其他化學製品製造業,09610,93.19,％
存貨率,19,其他化學製品製造業,09611,92.60,％
存貨率,19,其他化學製品製造業,09612,104.10,％
存貨率,19,其他化學製品製造業,09701,111.57,％
存貨率,19,其他化學製品製造業,09702,134.27,％
存貨率,19,其他化學製品製造業,09703,101.36,％
存貨率,19,其他化學製品製造業,09704,105.66,％
存貨率,19,其他化學製品製造業,09705,98.22,％
存貨率,19,其他化學製品製造業,09706,97.00,％
存貨率,19,其他化學製品製造業,09707,99.34,％
存貨率,19,其他化學製品製造業,09708,112.86,％
存貨率,19,其他化學製品製造業,09709,120.79,％
存貨率,19,其他化學製品製造業,09710,115.55,％
存貨率,19,其他化學製品製造業,09711,157.12,％
存貨率,19,其他化學製品製造業,09712,148.91,％
存貨率,19,其他化學製品製造業,09801,171.59,％
存貨率,19,其他化學製品製造業,09802,132.31,％
存貨率,19,其他化學製品製造業,09803,112.86,％
存貨率,19,其他化學製品製造業,09804,100.62,％
存貨率,19,其他化學製品製造業,09805,107.02,％
存貨率,19,其他化學製品製造業,09806,95.00,％
存貨率,19,其他化學製品製造業,09807,93.87,％
存貨率,19,其他化學製品製造業,09808,97.08,％
存貨率,19,其他化學製品製造業,09809,92.28,％
存貨率,19,其他化學製品製造業,09810,91.40,％
存貨率,19,其他化學製品製造業,09811,95.94,％
存貨率,19,其他化學製品製造業,09812,87.57,％
存貨率,19,其他化學製品製造業,09901,85.22,％
存貨率,19,其他化學製品製造業,09902,108.63,％
存貨率,19,其他化學製品製造業,09903,79.79,％
存貨率,19,其他化學製品製造業,09904,79.92,％
存貨率,19,其他化學製品製造業,09905,87.06,％
存貨率,19,其他化學製品製造業,09906,90.24,％
存貨率,19,其他化學製品製造業,09907,88.81,％
存貨率,19,其他化學製品製造業,09908,90.24,％
存貨率,19,其他化學製品製造業,09909,91.25,％
存貨率,19,其他化學製品製造業,09910,81.18,％
存貨率,19,其他化學製品製造業,09911,89.10,％
存貨率,19,其他化學製品製造業,09912,85.26,％
存貨率,19,其他化學製品製造業,10001,85.70,％
存貨率,19,其他化學製品製造業,10002,113.30,％
存貨率,19,其他化學製品製造業,10003,83.65,％
存貨率,19,其他化學製品製造業,10004,88.52,％
存貨率,19,其他化學製品製造業,10005,95.61,％
存貨率,19,其他化學製品製造業,10006,97.89,％
存貨率,19,其他化學製品製造業,10007,99.73,％
存貨率,19,其他化學製品製造業,10008,94.36,％
存貨率,19,其他化學製品製造業,10009,98.43,％
存貨率,19,其他化學製品製造業,10010,97.09,％
存貨率,19,其他化學製品製造業,10011,98.80,％
存貨率,19,其他化學製品製造業,10012,95.49,％
存貨率,19,其他化學製品製造業,10101,113.39,％
存貨率,19,其他化學製品製造業,10102,99.34,％
存貨率,19,其他化學製品製造業,10103,89.05,％
存貨率,19,其他化學製品製造業,10104,90.45,％
存貨率,19,其他化學製品製造業,10105,91.33,％
存貨率,19,其他化學製品製造業,10106,95.16,％
存貨率,19,其他化學製品製造業,10107,97.00,％
存貨率,19,其他化學製品製造業,10108,92.10,％
存貨率,19,其他化學製品製造業,10109,96.85,％
存貨率,19,其他化學製品製造業,10110,91.21,％
存貨率,19,其他化學製品製造業,10111,95.89,％
存貨率,19,其他化學製品製造業,10112,99.10,％
存貨率,19,其他化學製品製造業,10201,87.30,％
存貨率,19,其他化學製品製造業,10202,115.97,％
存貨率,19,其他化學製品製造業,10203,89.52,％
存貨率,19,其他化學製品製造業,10204,87.61,％
存貨率,19,其他化學製品製造業,10205,85.51,％
存貨率,19,其他化學製品製造業,10206,93.33,％
存貨率,19,其他化學製品製造業,10207,87.62,％
存貨率,19,其他化學製品製造業,10208,87.40,％
存貨率,19,其他化學製品製造業,10209,94.33,％
存貨率,19,其他化學製品製造業,10210,85.27,％
存貨率,19,其他化學製品製造業,10211,91.57,％
存貨率,19,其他化學製品製造業,10212,87.13,％
存貨率,19,其他化學製品製造業,10301,91.16,％
存貨率,19,其他化學製品製造業,10302,102.90,％
存貨率,19,其他化學製品製造業,10303,90.54,％
存貨率,19,其他化學製品製造業,10304,86.48,％
存貨率,19,其他化學製品製造業,10305,87.71,％
存貨率,19,其他化學製品製造業,10306,93.60,％
存貨率,19,其他化學製品製造業,10307,87.63,％
存貨率,19,其他化學製品製造業,10308,94.24,％
存貨率,19,其他化學製品製造業,10309,98.08,％
存貨率,19,其他化學製品製造業,10310,93.22,％
存貨率,19,其他化學製品製造業,10311,103.39,％
存貨率,19,其他化學製品製造業,10312,95.00,％
存貨率,19,其他化學製品製造業,10401,91.64,％
存貨率,19,其他化學製品製造業,10402,114.97,％
存貨率,19,其他化學製品製造業,10403,87.37,％
存貨率,19,其他化學製品製造業,10404,89.41,％
存貨率,19,其他化學製品製造業,10405,97.63,％
存貨率,19,其他化學製品製造業,10406,95.32,％
存貨率,19,其他化學製品製造業,10407,93.06,％
存貨率,19,其他化學製品製造業,10408,96.88,％
存貨率,19,其他化學製品製造業,10409,95.57,％
存貨率,19,其他化學製品製造業,10410,89.04,％
存貨率,19,其他化學製品製造業,10411,94.22,％
存貨率,19,其他化學製品製造業,10412,88.36,％
存貨率,19,其他化學製品製造業,10501,98.65,％
存貨率,19,其他化學製品製造業,10502,122.34,％
存貨率,19,其他化學製品製造業,10503,86.26,％
存貨率,19,其他化學製品製造業,10504,91.94,％
存貨率,19,其他化學製品製造業,10505,91.29,％
存貨率,19,其他化學製品製造業,10506,93.06,％
存貨率,19,其他化學製品製造業,10507,93.25,％
存貨率,19,其他化學製品製造業,10508,92.10,％
存貨率,19,其他化學製品製造業,10509,94.76,％
存貨率,19,其他化學製品製造業,10510,92.05,％
存貨率,19,其他化學製品製造業,10511,91.98,％
存貨率,19,其他化學製品製造業,10512,89.23,％
存貨率,19,其他化學製品製造業,10601,100.69,％
存貨率,19,其他化學製品製造業,10602,111.77,％
存貨率,19,其他化學製品製造業,10603,86.14,％
存貨率,19,其他化學製品製造業,10604,104.38,％
存貨率,19,其他化學製品製造業,10605,98.09,％
存貨率,19,其他化學製品製造業,10606,96.84,％
存貨率,19,其他化學製品製造業,10607,102.37,％
存貨率,19,其他化學製品製造業,10608,94.83,％
存貨率,19,其他化學製品製造業,10609,97.89,％
存貨率,19,其他化學製品製造業,10610,97.54,％
存貨率,19,其他化學製品製造業,10611,98.49,％
存貨率,19,其他化學製品製造業,10612,98.40,％
存貨率,19,其他化學製品製造業,10701,99.50,％
存貨率,19,其他化學製品製造業,10702,131.45,％
存貨率,19,其他化學製品製造業,10703,92.25,％
存貨率,19,其他化學製品製造業,10704,105.48,％
存貨率,19,其他化學製品製造業,10705,101.85,％
存貨率,19,其他化學製品製造業,10706,105.75,％
存貨率,19,其他化學製品製造業,10707,109.63,％
存貨率,19,其他化學製品製造業,10708,101.36,％
存貨率,19,其他化學製品製造業,10709,107.65,％
存貨率,19,其他化學製品製造業,10710,105.17,％
存貨率,19,其他化學製品製造業,10711,109.40,％
存貨率,19,其他化學製品製造業,10712,112.66,％
存貨率,19,其他化學製品製造業,10801,105.29,％
存貨率,19,其他化學製品製造業,10802,142.47,％
存貨率,19,其他化學製品製造業,10803,106.43,％
存貨率,19,其他化學製品製造業,10804,110.26,％
存貨率,19,其他化學製品製造業,10805,107.16,％
存貨率,19,其他化學製品製造業,10806,116.63,％
存貨率,19,其他化學製品製造業,10807,109.85,％
存貨率,19,其他化學製品製造業,10808,106.82,％
存貨率,19,其他化學製品製造業,10809,110.53,％
存貨率,19,其他化學製品製造業,10810,104.18,％
存貨率,19,其他化學製品製造業,10811,113.61,％
存貨率,19,其他化學製品製造業,10812,105.92,％
存貨率,19,其他化學製品製造業,10901,126.28,％
存貨率,19,其他化學製品製造業,10902,115.05,％
存貨率,19,其他化學製品製造業,10903,109.10,％
存貨率,19,其他化學製品製造業,10904,121.11,％
存貨率,19,其他化學製品製造業,10905,138.32,％
存貨率,19,其他化學製品製造業,10906,126.98,％
存貨率,19,其他化學製品製造業,10907,120.03,％
存貨率,19,其他化學製品製造業,10908,118.53,％
存貨率,19,其他化學製品製造業,10909,109.58,％
存貨率,19,其他化學製品製造業,10910,115.73,％
存貨率,19,其他化學製品製造業,10911,122.24,％
存貨率,19,其他化學製品製造業,10912,116.25,％
存貨率,19,其他化學製品製造業,11001,117.59,％
存貨率,19,其他化學製品製造業,11002,135.96,％
存貨率,19,其他化學製品製造業,11003,105.52,％
存貨率,19,其他化學製品製造業,11004,117.02,％
存貨率,19,其他化學製品製造業,11005,118.17,％
存貨率,19,其他化學製品製造業,11006,117.06,％
存貨率,19,其他化學製品製造業,11007,120.13,％
存貨率,19,其他化學製品製造業,11008,123.53,％
存貨率,19,其他化學製品製造業,11009,127.94,％
存貨率,19,其他化學製品製造業,11010,122.11,％
存貨率,19,其他化學製品製造業,11011,121.04,％
存貨率,19,其他化學製品製造業,11012,118.30,％
存貨率,19,其他化學製品製造業,11101,115.82,％
存貨率,19,其他化學製品製造業,11102,145.94,％
存貨率,19,其他化學製品製造業,11103,110.26,％
存貨率,19,其他化學製品製造業,11104,121.89,％
存貨率,19,其他化學製品製造業,11105,131.91,％
存貨率,19,其他化學製品製造業,11106,134.39,％
存貨率,19,其他化學製品製造業,11107,139.73,％
存貨率,19,其他化學製品製造業,11108,144.73,％
存貨率,19,其他化學製品製造業,11109,150.77,％
存貨率,19,其他化學製品製造業,11110,155.18,％
存貨率,19,其他化學製品製造業,11111,147.22,％
存貨率,19,其他化學製品製造業,11112,141.42,％
存貨率,19,其他化學製品製造業,11201,179.22,％
存貨率,19,其他化學製品製造業,11202,156.40,％
存貨率,19,其他化學製品製造業,11203,144.17,％
存貨率,19,其他化學製品製造業,11204,166.43,％
存貨率,19,其他化學製品製造業,11205,156.98,％
存貨率,19,其他化學製品製造業,11206,162.84,％
存貨率,19,其他化學製品製造業,11207,162.07,％
存貨率,19,其他化學製品製造業,11208,151.64,％
存貨率,19,其他化學製品製造業,11209,159.32,％
存貨率,19,其他化學製品製造業,11210,160.29,％
存貨率,19,其他化學製品製造業,11211,167.64,％
存貨率,19,其他化學製品製造業,11212,155.57,％
存貨率,19,其他化學製品製造業,11301,144.54,％
存貨率,19,其他化學製品製造業,11302,184.79,％
存貨率,19,其他化學製品製造業,11303,144.57,％
存貨率,19,其他化學製品製造業,11304,155.08,％
存貨率,19,其他化學製品製造業,11305,143.07,％
存貨率,19,其他化學製品製造業,11306,153.80,％
存貨率,19,其他化學製品製造業,11307,149.50,％
存貨率,19,其他化學製品製造業,11308,143.04,％
存貨率,19,其他化學製品製造業,11309,156.22,％
存貨率,19,其他化學製品製造業,11310,149.16,％
存貨率,19,其他化學製品製造業,11311,157.63,％
存貨率,19,其他化學製品製造業,11312,152.94,％
存貨率,19,其他化學製品製造業,11401,163.20,％
存貨率,19,其他化學製品製造業,11402,156.50,％
存貨率,19,其他化學製品製造業,11403,150.25,％
存貨率,19,其他化學製品製造業,11404,156.18,％
存貨率,19,其他化學製品製造業,11405,156.33,％
存貨率,19,其他化學製品製造業,11406,156.51,％
存貨率,19,其他化學製品製造業,11407,150.22,％
存貨率,19,其他化學製品製造業,11408,149.00,％
存貨率,19,其他化學製品製造業,11409,141.29,％
存貨率,19,其他化學製品製造業,11410,143.99,％
存貨率,19,其他化學製品製造業,11411,144.99,％
存貨率,19,其他化學製品製造業,11412,132.79,％
存貨率,19,其他化學製品製造業,11501,134.53,％
存貨率,19,其他化學製品製造業,11502,179.88,％
存貨率,19,其他化學製品製造業,11503,123.15,％
存貨率,19,其他化學製品製造業,11504,126.97,％
存貨率,19,其他化學製品製造業,11505,138.46,％
存貨率,19,其他化學製品製造業,11506,141.69,％
存貨率,20,藥品及醫用化學製品製造業,07101,127.77,％
存貨率,20,藥品及醫用化學製品製造業,07102,126.62,％
存貨率,20,藥品及醫用化學製品製造業,07103,89.25,％
存貨率,20,藥品及醫用化學製品製造業,07104,88.15,％
存貨率,20,藥品及醫用化學製品製造業,07105,89.89,％
存貨率,20,藥品及醫用化學製品製造業,07106,88.80,％
存貨率,20,藥品及醫用化學製品製造業,07107,88.85,％
存貨率,20,藥品及醫用化學製品製造業,07108,89.73,％
存貨率,20,藥品及醫用化學製品製造業,07109,88.65,％
存貨率,20,藥品及醫用化學製品製造業,07110,89.45,％
存貨率,20,藥品及醫用化學製品製造業,07111,89.57,％
存貨率,20,藥品及醫用化學製品製造業,07112,79.56,％
存貨率,20,藥品及醫用化學製品製造業,07201,117.67,％
存貨率,20,藥品及醫用化學製品製造業,07202,116.32,％
存貨率,20,藥品及醫用化學製品製造業,07203,81.20,％
存貨率,20,藥品及醫用化學製品製造業,07204,80.55,％
存貨率,20,藥品及醫用化學製品製造業,07205,81.32,％
存貨率,20,藥品及醫用化學製品製造業,07206,81.61,％
存貨率,20,藥品及醫用化學製品製造業,07207,81.85,％
存貨率,20,藥品及醫用化學製品製造業,07208,83.80,％
存貨率,20,藥品及醫用化學製品製造業,07209,81.61,％
存貨率,20,藥品及醫用化學製品製造業,07210,82.87,％
存貨率,20,藥品及醫用化學製品製造業,07211,83.19,％
存貨率,20,藥品及醫用化學製品製造業,07212,72.98,％
存貨率,20,藥品及醫用化學製品製造業,07301,211.15,％
存貨率,20,藥品及醫用化學製品製造業,07302,221.72,％
存貨率,20,藥品及醫用化學製品製造業,07303,153.18,％
存貨率,20,藥品及醫用化學製品製造業,07304,151.58,％
存貨率,20,藥品及醫用化學製品製造業,07305,154.34,％
存貨率,20,藥品及醫用化學製品製造業,07306,153.33,％
存貨率,20,藥品及醫用化學製品製造業,07307,152.18,％
存貨率,20,藥品及醫用化學製品製造業,07308,155.23,％
存貨率,20,藥品及醫用化學製品製造業,07309,151.15,％
存貨率,20,藥品及醫用化學製品製造業,07310,153.16,％
存貨率,20,藥品及醫用化學製品製造業,07311,154.38,％
存貨率,20,藥品及醫用化學製品製造業,07312,136.29,％
存貨率,20,藥品及醫用化學製品製造業,07401,206.75,％
存貨率,20,藥品及醫用化學製品製造業,07402,213.04,％
存貨率,20,藥品及醫用化學製品製造業,07403,147.64,％
存貨率,20,藥品及醫用化學製品製造業,07404,146.43,％
存貨率,20,藥品及醫用化學製品製造業,07405,147.41,％
存貨率,20,藥品及醫用化學製品製造業,07406,147.48,％
存貨率,20,藥品及醫用化學製品製造業,07407,147.28,％
存貨率,20,藥品及醫用化學製品製造業,07408,148.87,％
存貨率,20,藥品及醫用化學製品製造業,07409,145.18,％
存貨率,20,藥品及醫用化學製品製造業,07410,148.76,％
存貨率,20,藥品及醫用化學製品製造業,07411,148.75,％
存貨率,20,藥品及醫用化學製品製造業,07412,130.17,％
存貨率,20,藥品及醫用化學製品製造業,07501,187.18,％
存貨率,20,藥品及醫用化學製品製造業,07502,210.04,％
存貨率,20,藥品及醫用化學製品製造業,07503,87.32,％
存貨率,20,藥品及醫用化學製品製造業,07504,199.79,％
存貨率,20,藥品及醫用化學製品製造業,07505,181.43,％
存貨率,20,藥品及醫用化學製品製造業,07506,156.42,％
存貨率,20,藥品及醫用化學製品製造業,07507,191.64,％
存貨率,20,藥品及醫用化學製品製造業,07508,190.42,％
存貨率,20,藥品及醫用化學製品製造業,07509,188.01,％
存貨率,20,藥品及醫用化學製品製造業,07510,201.90,％
存貨率,20,藥品及醫用化學製品製造業,07511,201.13,％
存貨率,20,藥品及醫用化學製品製造業,07512,169.60,％
存貨率,20,藥品及醫用化學製品製造業,07601,248.26,％
存貨率,20,藥品及醫用化學製品製造業,07602,262.15,％
存貨率,20,藥品及醫用化學製品製造業,07603,207.97,％
存貨率,20,藥品及醫用化學製品製造業,07604,205.07,％
存貨率,20,藥品及醫用化學製品製造業,07605,191.73,％
存貨率,20,藥品及醫用化學製品製造業,07606,239.15,％
存貨率,20,藥品及醫用化學製品製造業,07607,219.37,％
存貨率,20,藥品及醫用化學製品製造業,07608,209.48,％
存貨率,20,藥品及醫用化學製品製造業,07609,194.29,％
存貨率,20,藥品及醫用化學製品製造業,07610,196.11,％
存貨率,20,藥品及醫用化學製品製造業,07611,184.39,％
存貨率,20,藥品及醫用化學製品製造業,07612,175.10,％
存貨率,20,藥品及醫用化學製品製造業,07701,160.01,％
存貨率,20,藥品及醫用化學製品製造業,07702,168.29,％
存貨率,20,藥品及醫用化學製品製造業,07703,148.14,％
存貨率,20,藥品及醫用化學製品製造業,07704,154.44,％
存貨率,20,藥品及醫用化學製品製造業,07705,145.03,％
存貨率,20,藥品及醫用化學製品製造業,07706,145.32,％
存貨率,20,藥品及醫用化學製品製造業,07707,167.66,％
存貨率,20,藥品及醫用化學製品製造業,07708,168.10,％
存貨率,20,藥品及醫用化學製品製造業,07709,163.73,％
存貨率,20,藥品及醫用化學製品製造業,07710,179.44,％
存貨率,20,藥品及醫用化學製品製造業,07711,215.98,％
存貨率,20,藥品及醫用化學製品製造業,07712,186.29,％
存貨率,20,藥品及醫用化學製品製造業,07801,121.24,％
存貨率,20,藥品及醫用化學製品製造業,07802,159.17,％
存貨率,20,藥品及醫用化學製品製造業,07803,122.94,％
存貨率,20,藥品及醫用化學製品製造業,07804,118.28,％
存貨率,20,藥品及醫用化學製品製造業,07805,126.07,％
存貨率,20,藥品及醫用化學製品製造業,07806,112.00,％
存貨率,20,藥品及醫用化學製品製造業,07807,112.81,％
存貨率,20,藥品及醫用化學製品製造業,07808,112.61,％
存貨率,20,藥品及醫用化學製品製造業,07809,90.62,％
存貨率,20,藥品及醫用化學製品製造業,07810,95.15,％
存貨率,20,藥品及醫用化學製品製造業,07811,107.13,％
存貨率,20,藥品及醫用化學製品製造業,07812,97.10,％
存貨率,20,藥品及醫用化學製品製造業,07901,122.98,％
存貨率,20,藥品及醫用化學製品製造業,07902,148.59,％
存貨率,20,藥品及醫用化學製品製造業,07903,130.28,％
存貨率,20,藥品及醫用化學製品製造業,07904,137.63,％
存貨率,20,藥品及醫用化學製品製造業,07905,148.92,％
存貨率,20,藥品及醫用化學製品製造業,07906,158.18,％
存貨率,20,藥品及醫用化學製品製造業,07907,187.67,％
存貨率,20,藥品及醫用化學製品製造業,07908,181.74,％
存貨率,20,藥品及醫用化學製品製造業,07909,177.67,％
存貨率,20,藥品及醫用化學製品製造業,07910,167.64,％
存貨率,20,藥品及醫用化學製品製造業,07911,158.67,％
存貨率,20,藥品及醫用化學製品製造業,07912,144.47,％
存貨率,20,藥品及醫用化學製品製造業,08001,165.60,％
存貨率,20,藥品及醫用化學製品製造業,08002,192.48,％
存貨率,20,藥品及醫用化學製品製造業,08003,163.04,％
存貨率,20,藥品及醫用化學製品製造業,08004,167.55,％
存貨率,20,藥品及醫用化學製品製造業,08005,158.74,％
存貨率,20,藥品及醫用化學製品製造業,08006,196.71,％
存貨率,20,藥品及醫用化學製品製造業,08007,190.26,％
存貨率,20,藥品及醫用化學製品製造業,08008,182.83,％
存貨率,20,藥品及醫用化學製品製造業,08009,153.68,％
存貨率,20,藥品及醫用化學製品製造業,08010,162.93,％
存貨率,20,藥品及醫用化學製品製造業,08011,175.33,％
存貨率,20,藥品及醫用化學製品製造業,08012,155.68,％
存貨率,20,藥品及醫用化學製品製造業,08101,159.87,％
存貨率,20,藥品及醫用化學製品製造業,08102,212.89,％
存貨率,20,藥品及醫用化學製品製造業,08103,151.38,％
存貨率,20,藥品及醫用化學製品製造業,08104,142.58,％
存貨率,20,藥品及醫用化學製品製造業,08105,124.05,％
存貨率,20,藥品及醫用化學製品製造業,08106,126.78,％
存貨率,20,藥品及醫用化學製品製造業,08107,146.67,％
存貨率,20,藥品及醫用化學製品製造業,08108,148.87,％
存貨率,20,藥品及醫用化學製品製造業,08109,139.10,％
存貨率,20,藥品及醫用化學製品製造業,08110,137.44,％
存貨率,20,藥品及醫用化學製品製造業,08111,129.49,％
存貨率,20,藥品及醫用化學製品製造業,08112,119.38,％
存貨率,20,藥品及醫用化學製品製造業,08201,113.22,％
存貨率,20,藥品及醫用化學製品製造業,08202,110.60,％
存貨率,20,藥品及醫用化學製品製造業,08203,103.68,％
存貨率,20,藥品及醫用化學製品製造業,08204,109.75,％
存貨率,20,藥品及醫用化學製品製造業,08205,108.98,％
存貨率,20,藥品及醫用化學製品製造業,08206,112.57,％
存貨率,20,藥品及醫用化學製品製造業,08207,116.16,％
存貨率,20,藥品及醫用化學製品製造業,08208,126.55,％
存貨率,20,藥品及醫用化學製品製造業,08209,126.81,％
存貨率,20,藥品及醫用化學製品製造業,08210,130.78,％
存貨率,20,藥品及醫用化學製品製造業,08211,119.11,％
存貨率,20,藥品及醫用化學製品製造業,08212,100.09,％
存貨率,20,藥品及醫用化學製品製造業,08301,125.73,％
存貨率,20,藥品及醫用化學製品製造業,08302,136.43,％
存貨率,20,藥品及醫用化學製品製造業,08303,113.06,％
存貨率,20,藥品及醫用化學製品製造業,08304,124.66,％
存貨率,20,藥品及醫用化學製品製造業,08305,122.85,％
存貨率,20,藥品及醫用化學製品製造業,08306,118.96,％
存貨率,20,藥品及醫用化學製品製造業,08307,143.13,％
存貨率,20,藥品及醫用化學製品製造業,08308,143.17,％
存貨率,20,藥品及醫用化學製品製造業,08309,124.00,％
存貨率,20,藥品及醫用化學製品製造業,08310,126.01,％
存貨率,20,藥品及醫用化學製品製造業,08311,120.82,％
存貨率,20,藥品及醫用化學製品製造業,08312,96.63,％
存貨率,20,藥品及醫用化學製品製造業,08401,105.35,％
存貨率,20,藥品及醫用化學製品製造業,08402,131.69,％
存貨率,20,藥品及醫用化學製品製造業,08403,114.82,％
存貨率,20,藥品及醫用化學製品製造業,08404,124.85,％
存貨率,20,藥品及醫用化學製品製造業,08405,112.38,％
存貨率,20,藥品及醫用化學製品製造業,08406,114.28,％
存貨率,20,藥品及醫用化學製品製造業,08407,131.79,％
存貨率,20,藥品及醫用化學製品製造業,08408,127.46,％
存貨率,20,藥品及醫用化學製品製造業,08409,123.94,％
存貨率,20,藥品及醫用化學製品製造業,08410,130.34,％
存貨率,20,藥品及醫用化學製品製造業,08411,120.77,％
存貨率,20,藥品及醫用化學製品製造業,08412,113.47,％
存貨率,20,藥品及醫用化學製品製造業,08501,118.17,％
存貨率,20,藥品及醫用化學製品製造業,08502,134.21,％
存貨率,20,藥品及醫用化學製品製造業,08503,118.46,％
存貨率,20,藥品及醫用化學製品製造業,08504,133.33,％
存貨率,20,藥品及醫用化學製品製造業,08505,120.78,％
存貨率,20,藥品及醫用化學製品製造業,08506,133.80,％
存貨率,20,藥品及醫用化學製品製造業,08507,136.58,％
存貨率,20,藥品及醫用化學製品製造業,08508,143.21,％
存貨率,20,藥品及醫用化學製品製造業,08509,143.78,％
存貨率,20,藥品及醫用化學製品製造業,08510,138.50,％
存貨率,20,藥品及醫用化學製品製造業,08511,119.88,％
存貨率,20,藥品及醫用化學製品製造業,08512,120.64,％
存貨率,20,藥品及醫用化學製品製造業,08601,115.53,％
存貨率,20,藥品及醫用化學製品製造業,08602,135.59,％
存貨率,20,藥品及醫用化學製品製造業,08603,113.43,％
存貨率,20,藥品及醫用化學製品製造業,08604,113.67,％
存貨率,20,藥品及醫用化學製品製造業,08605,110.48,％
存貨率,20,藥品及醫用化學製品製造業,08606,116.56,％
存貨率,20,藥品及醫用化學製品製造業,08607,120.22,％
存貨率,20,藥品及醫用化學製品製造業,08608,120.39,％
存貨率,20,藥品及醫用化學製品製造業,08609,118.97,％
存貨率,20,藥品及醫用化學製品製造業,08610,115.41,％
存貨率,20,藥品及醫用化學製品製造業,08611,116.08,％
存貨率,20,藥品及醫用化學製品製造業,08612,106.64,％
存貨率,20,藥品及醫用化學製品製造業,08701,101.24,％
存貨率,20,藥品及醫用化學製品製造業,08702,99.26,％
存貨率,20,藥品及醫用化學製品製造業,08703,92.21,％
存貨率,20,藥品及醫用化學製品製造業,08704,96.59,％
存貨率,20,藥品及醫用化學製品製造業,08705,107.84,％
存貨率,20,藥品及醫用化學製品製造業,08706,107.04,％
存貨率,20,藥品及醫用化學製品製造業,08707,113.18,％
存貨率,20,藥品及醫用化學製品製造業,08708,118.27,％
存貨率,20,藥品及醫用化學製品製造業,08709,109.23,％
存貨率,20,藥品及醫用化學製品製造業,08710,116.36,％
存貨率,20,藥品及醫用化學製品製造業,08711,113.54,％
存貨率,20,藥品及醫用化學製品製造業,08712,109.37,％
存貨率,20,藥品及醫用化學製品製造業,08801,115.12,％
存貨率,20,藥品及醫用化學製品製造業,08802,118.48,％
存貨率,20,藥品及醫用化學製品製造業,08803,99.47,％
存貨率,20,藥品及醫用化學製品製造業,08804,98.05,％
存貨率,20,藥品及醫用化學製品製造業,08805,109.20,％
存貨率,20,藥品及醫用化學製品製造業,08806,116.27,％
存貨率,20,藥品及醫用化學製品製造業,08807,122.24,％
存貨率,20,藥品及醫用化學製品製造業,08808,119.76,％
存貨率,20,藥品及醫用化學製品製造業,08809,121.70,％
存貨率,20,藥品及醫用化學製品製造業,08810,115.86,％
存貨率,20,藥品及醫用化學製品製造業,08811,109.98,％
存貨率,20,藥品及醫用化學製品製造業,08812,105.05,％
存貨率,20,藥品及醫用化學製品製造業,08901,92.72,％
存貨率,20,藥品及醫用化學製品製造業,08902,125.17,％
存貨率,20,藥品及醫用化學製品製造業,08903,106.18,％
存貨率,20,藥品及醫用化學製品製造業,08904,113.84,％
存貨率,20,藥品及醫用化學製品製造業,08905,117.01,％
存貨率,20,藥品及醫用化學製品製造業,08906,123.04,％
存貨率,20,藥品及醫用化學製品製造業,08907,134.61,％
存貨率,20,藥品及醫用化學製品製造業,08908,124.21,％
存貨率,20,藥品及醫用化學製品製造業,08909,131.13,％
存貨率,20,藥品及醫用化學製品製造業,08910,131.60,％
存貨率,20,藥品及醫用化學製品製造業,08911,118.17,％
存貨率,20,藥品及醫用化學製品製造業,08912,118.56,％
存貨率,20,藥品及醫用化學製品製造業,09001,121.03,％
存貨率,20,藥品及醫用化學製品製造業,09002,128.33,％
存貨率,20,藥品及醫用化學製品製造業,09003,119.51,％
存貨率,20,藥品及醫用化學製品製造業,09004,126.06,％
存貨率,20,藥品及醫用化學製品製造業,09005,117.22,％
存貨率,20,藥品及醫用化學製品製造業,09006,135.63,％
存貨率,20,藥品及醫用化學製品製造業,09007,142.90,％
存貨率,20,藥品及醫用化學製品製造業,09008,137.57,％
存貨率,20,藥品及醫用化學製品製造業,09009,151.84,％
存貨率,20,藥品及醫用化學製品製造業,09010,138.31,％
存貨率,20,藥品及醫用化學製品製造業,09011,128.85,％
存貨率,20,藥品及醫用化學製品製造業,09012,133.49,％
存貨率,20,藥品及醫用化學製品製造業,09101,128.17,％
存貨率,20,藥品及醫用化學製品製造業,09102,157.28,％
存貨率,20,藥品及醫用化學製品製造業,09103,130.37,％
存貨率,20,藥品及醫用化學製品製造業,09104,107.88,％
存貨率,20,藥品及醫用化學製品製造業,09105,106.23,％
存貨率,20,藥品及醫用化學製品製造業,09106,119.70,％
存貨率,20,藥品及醫用化學製品製造業,09107,114.28,％
存貨率,20,藥品及醫用化學製品製造業,09108,108.50,％
存貨率,20,藥品及醫用化學製品製造業,09109,102.44,％
存貨率,20,藥品及醫用化學製品製造業,09110,102.13,％
存貨率,20,藥品及醫用化學製品製造業,09111,100.56,％
存貨率,20,藥品及醫用化學製品製造業,09112,89.59,％
存貨率,20,藥品及醫用化學製品製造業,09201,86.14,％
存貨率,20,藥品及醫用化學製品製造業,09202,124.23,％
存貨率,20,藥品及醫用化學製品製造業,09203,104.98,％
存貨率,20,藥品及醫用化學製品製造業,09204,100.95,％
存貨率,20,藥品及醫用化學製品製造業,09205,105.02,％
存貨率,20,藥品及醫用化學製品製造業,09206,138.57,％
存貨率,20,藥品及醫用化學製品製造業,09207,141.75,％
存貨率,20,藥品及醫用化學製品製造業,09208,148.46,％
存貨率,20,藥品及醫用化學製品製造業,09209,141.07,％
存貨率,20,藥品及醫用化學製品製造業,09210,124.95,％
存貨率,20,藥品及醫用化學製品製造業,09211,120.11,％
存貨率,20,藥品及醫用化學製品製造業,09212,106.80,％
存貨率,20,藥品及醫用化學製品製造業,09301,122.06,％
存貨率,20,藥品及醫用化學製品製造業,09302,125.53,％
存貨率,20,藥品及醫用化學製品製造業,09303,107.94,％
存貨率,20,藥品及醫用化學製品製造業,09304,107.83,％
存貨率,20,藥品及醫用化學製品製造業,09305,117.45,％
存貨率,20,藥品及醫用化學製品製造業,09306,129.12,％
存貨率,20,藥品及醫用化學製品製造業,09307,138.22,％
存貨率,20,藥品及醫用化學製品製造業,09308,146.02,％
存貨率,20,藥品及醫用化學製品製造業,09309,134.48,％
存貨率,20,藥品及醫用化學製品製造業,09310,123.09,％
存貨率,20,藥品及醫用化學製品製造業,09311,121.24,％
存貨率,20,藥品及醫用化學製品製造業,09312,123.17,％
存貨率,20,藥品及醫用化學製品製造業,09401,110.87,％
存貨率,20,藥品及醫用化學製品製造業,09402,147.40,％
存貨率,20,藥品及醫用化學製品製造業,09403,117.27,％
存貨率,20,藥品及醫用化學製品製造業,09404,126.65,％
存貨率,20,藥品及醫用化學製品製造業,09405,132.41,％
存貨率,20,藥品及醫用化學製品製造業,09406,131.88,％
存貨率,20,藥品及醫用化學製品製造業,09407,140.60,％
存貨率,20,藥品及醫用化學製品製造業,09408,138.17,％
存貨率,20,藥品及醫用化學製品製造業,09409,148.69,％
存貨率,20,藥品及醫用化學製品製造業,09410,139.93,％
存貨率,20,藥品及醫用化學製品製造業,09411,125.77,％
存貨率,20,藥品及醫用化學製品製造業,09412,128.65,％
存貨率,20,藥品及醫用化學製品製造業,09501,122.38,％
存貨率,20,藥品及醫用化學製品製造業,09502,183.73,％
存貨率,20,藥品及醫用化學製品製造業,09503,128.52,％
存貨率,20,藥品及醫用化學製品製造業,09504,143.71,％
存貨率,20,藥品及醫用化學製品製造業,09505,130.84,％
存貨率,20,藥品及醫用化學製品製造業,09506,132.02,％
存貨率,20,藥品及醫用化學製品製造業,09507,163.88,％
存貨率,20,藥品及醫用化學製品製造業,09508,149.29,％
存貨率,20,藥品及醫用化學製品製造業,09509,161.52,％
存貨率,20,藥品及醫用化學製品製造業,09510,130.77,％
存貨率,20,藥品及醫用化學製品製造業,09511,143.80,％
存貨率,20,藥品及醫用化學製品製造業,09512,142.77,％
存貨率,20,藥品及醫用化學製品製造業,09601,132.21,％
存貨率,20,藥品及醫用化學製品製造業,09602,156.31,％
存貨率,20,藥品及醫用化學製品製造業,09603,147.70,％
存貨率,20,藥品及醫用化學製品製造業,09604,147.12,％
存貨率,20,藥品及醫用化學製品製造業,09605,143.08,％
存貨率,20,藥品及醫用化學製品製造業,09606,159.62,％
存貨率,20,藥品及醫用化學製品製造業,09607,166.63,％
存貨率,20,藥品及醫用化學製品製造業,09608,165.16,％
存貨率,20,藥品及醫用化學製品製造業,09609,183.89,％
存貨率,20,藥品及醫用化學製品製造業,09610,150.61,％
存貨率,20,藥品及醫用化學製品製造業,09611,155.78,％
存貨率,20,藥品及醫用化學製品製造業,09612,152.93,％
存貨率,20,藥品及醫用化學製品製造業,09701,129.65,％
存貨率,20,藥品及醫用化學製品製造業,09702,175.67,％
存貨率,20,藥品及醫用化學製品製造業,09703,143.65,％
存貨率,20,藥品及醫用化學製品製造業,09704,142.64,％
存貨率,20,藥品及醫用化學製品製造業,09705,144.73,％
存貨率,20,藥品及醫用化學製品製造業,09706,149.09,％
存貨率,20,藥品及醫用化學製品製造業,09707,155.83,％
存貨率,20,藥品及醫用化學製品製造業,09708,171.23,％
存貨率,20,藥品及醫用化學製品製造業,09709,171.82,％
存貨率,20,藥品及醫用化學製品製造業,09710,155.16,％
存貨率,20,藥品及醫用化學製品製造業,09711,167.70,％
存貨率,20,藥品及醫用化學製品製造業,09712,148.69,％
存貨率,20,藥品及醫用化學製品製造業,09801,160.03,％
存貨率,20,藥品及醫用化學製品製造業,09802,169.42,％
存貨率,20,藥品及醫用化學製品製造業,09803,161.82,％
存貨率,20,藥品及醫用化學製品製造業,09804,159.47,％
存貨率,20,藥品及醫用化學製品製造業,09805,158.63,％
存貨率,20,藥品及醫用化學製品製造業,09806,170.85,％
存貨率,20,藥品及醫用化學製品製造業,09807,170.46,％
存貨率,20,藥品及醫用化學製品製造業,09808,189.98,％
存貨率,20,藥品及醫用化學製品製造業,09809,164.19,％
存貨率,20,藥品及醫用化學製品製造業,09810,170.14,％
存貨率,20,藥品及醫用化學製品製造業,09811,139.50,％
存貨率,20,藥品及醫用化學製品製造業,09812,146.48,％
存貨率,20,藥品及醫用化學製品製造業,09901,161.75,％
存貨率,20,藥品及醫用化學製品製造業,09902,156.13,％
存貨率,20,藥品及醫用化學製品製造業,09903,155.23,％
存貨率,20,藥品及醫用化學製品製造業,09904,151.43,％
存貨率,20,藥品及醫用化學製品製造業,09905,158.11,％
存貨率,20,藥品及醫用化學製品製造業,09906,161.38,％
存貨率,20,藥品及醫用化學製品製造業,09907,168.84,％
存貨率,20,藥品及醫用化學製品製造業,09908,162.66,％
存貨率,20,藥品及醫用化學製品製造業,09909,160.08,％
存貨率,20,藥品及醫用化學製品製造業,09910,156.76,％
存貨率,20,藥品及醫用化學製品製造業,09911,143.97,％
存貨率,20,藥品及醫用化學製品製造業,09912,151.76,％
存貨率,20,藥品及醫用化學製品製造業,10001,139.73,％
存貨率,20,藥品及醫用化學製品製造業,10002,208.73,％
存貨率,20,藥品及醫用化學製品製造業,10003,144.72,％
存貨率,20,藥品及醫用化學製品製造業,10004,162.17,％
存貨率,20,藥品及醫用化學製品製造業,10005,161.77,％
存貨率,20,藥品及醫用化學製品製造業,10006,163.34,％
存貨率,20,藥品及醫用化學製品製造業,10007,167.71,％
存貨率,20,藥品及醫用化學製品製造業,10008,154.37,％
存貨率,20,藥品及醫用化學製品製造業,10009,152.70,％
存貨率,20,藥品及醫用化學製品製造業,10010,148.96,％
存貨率,20,藥品及醫用化學製品製造業,10011,150.74,％
存貨率,20,藥品及醫用化學製品製造業,10012,138.31,％
存貨率,20,藥品及醫用化學製品製造業,10101,153.12,％
存貨率,20,藥品及醫用化學製品製造業,10102,169.56,％
存貨率,20,藥品及醫用化學製品製造業,10103,149.40,％
存貨率,20,藥品及醫用化學製品製造業,10104,156.71,％
存貨率,20,藥品及醫用化學製品製造業,10105,148.89,％
存貨率,20,藥品及醫用化學製品製造業,10106,166.22,％
存貨率,20,藥品及醫用化學製品製造業,10107,173.18,％
存貨率,20,藥品及醫用化學製品製造業,10108,164.69,％
存貨率,20,藥品及醫用化學製品製造業,10109,177.90,％
存貨率,20,藥品及醫用化學製品製造業,10110,160.19,％
存貨率,20,藥品及醫用化學製品製造業,10111,162.33,％
存貨率,20,藥品及醫用化學製品製造業,10112,180.59,％
存貨率,20,藥品及醫用化學製品製造業,10201,159.40,％
存貨率,20,藥品及醫用化學製品製造業,10202,224.25,％
存貨率,20,藥品及醫用化學製品製造業,10203,178.01,％
存貨率,20,藥品及醫用化學製品製造業,10204,190.87,％
存貨率,20,藥品及醫用化學製品製造業,10205,177.95,％
存貨率,20,藥品及醫用化學製品製造業,10206,182.44,％
存貨率,20,藥品及醫用化學製品製造業,10207,188.56,％
存貨率,20,藥品及醫用化學製品製造業,10208,169.37,％
存貨率,20,藥品及醫用化學製品製造業,10209,180.39,％
存貨率,20,藥品及醫用化學製品製造業,10210,161.08,％
存貨率,20,藥品及醫用化學製品製造業,10211,162.80,％
存貨率,20,藥品及醫用化學製品製造業,10212,151.04,％
存貨率,20,藥品及醫用化學製品製造業,10301,157.05,％
存貨率,20,藥品及醫用化學製品製造業,10302,210.23,％
存貨率,20,藥品及醫用化學製品製造業,10303,175.44,％
存貨率,20,藥品及醫用化學製品製造業,10304,158.18,％
存貨率,20,藥品及醫用化學製品製造業,10305,158.15,％
存貨率,20,藥品及醫用化學製品製造業,10306,173.01,％
存貨率,20,藥品及醫用化學製品製造業,10307,162.34,％
存貨率,20,藥品及醫用化學製品製造業,10308,178.48,％
存貨率,20,藥品及醫用化學製品製造業,10309,168.30,％
存貨率,20,藥品及醫用化學製品製造業,10310,163.41,％
存貨率,20,藥品及醫用化學製品製造業,10311,168.60,％
存貨率,20,藥品及醫用化學製品製造業,10312,152.16,％
存貨率,20,藥品及醫用化學製品製造業,10401,163.70,％
存貨率,20,藥品及醫用化學製品製造業,10402,206.84,％
存貨率,20,藥品及醫用化學製品製造業,10403,169.41,％
存貨率,20,藥品及醫用化學製品製造業,10404,167.24,％
存貨率,20,藥品及醫用化學製品製造業,10405,168.54,％
存貨率,20,藥品及醫用化學製品製造業,10406,173.73,％
存貨率,20,藥品及醫用化學製品製造業,10407,167.71,％
存貨率,20,藥品及醫用化學製品製造業,10408,177.03,％
存貨率,20,藥品及醫用化學製品製造業,10409,177.18,％
存貨率,20,藥品及醫用化學製品製造業,10410,174.79,％
存貨率,20,藥品及醫用化學製品製造業,10411,166.81,％
存貨率,20,藥品及醫用化學製品製造業,10412,163.90,％
存貨率,20,藥品及醫用化學製品製造業,10501,155.44,％
存貨率,20,藥品及醫用化學製品製造業,10502,225.57,％
存貨率,20,藥品及醫用化學製品製造業,10503,152.05,％
存貨率,20,藥品及醫用化學製品製造業,10504,169.47,％
存貨率,20,藥品及醫用化學製品製造業,10505,168.85,％
存貨率,20,藥品及醫用化學製品製造業,10506,159.06,％
存貨率,20,藥品及醫用化學製品製造業,10507,178.13,％
存貨率,20,藥品及醫用化學製品製造業,10508,160.40,％
存貨率,20,藥品及醫用化學製品製造業,10509,169.70,％
存貨率,20,藥品及醫用化學製品製造業,10510,166.11,％
存貨率,20,藥品及醫用化學製品製造業,10511,149.37,％
存貨率,20,藥品及醫用化學製品製造業,10512,146.96,％
存貨率,20,藥品及醫用化學製品製造業,10601,139.95,％
存貨率,20,藥品及醫用化學製品製造業,10602,183.64,％
存貨率,20,藥品及醫用化學製品製造業,10603,144.24,％
存貨率,20,藥品及醫用化學製品製造業,10604,164.69,％
存貨率,20,藥品及醫用化學製品製造業,10605,148.53,％
存貨率,20,藥品及醫用化學製品製造業,10606,156.90,％
存貨率,20,藥品及醫用化學製品製造業,10607,163.77,％
存貨率,20,藥品及醫用化學製品製造業,10608,174.69,％
存貨率,20,藥品及醫用化學製品製造業,10609,166.35,％
存貨率,20,藥品及醫用化學製品製造業,10610,162.05,％
存貨率,20,藥品及醫用化學製品製造業,10611,168.94,％
存貨率,20,藥品及醫用化學製品製造業,10612,156.41,％
存貨率,20,藥品及醫用化學製品製造業,10701,136.47,％
存貨率,20,藥品及醫用化學製品製造業,10702,188.28,％
存貨率,20,藥品及醫用化學製品製造業,10703,150.00,％
存貨率,20,藥品及醫用化學製品製造業,10704,165.89,％
存貨率,20,藥品及醫用化學製品製造業,10705,155.24,％
存貨率,20,藥品及醫用化學製品製造業,10706,176.11,％
存貨率,20,藥品及醫用化學製品製造業,10707,170.94,％
存貨率,20,藥品及醫用化學製品製造業,10708,175.76,％
存貨率,20,藥品及醫用化學製品製造業,10709,170.56,％
存貨率,20,藥品及醫用化學製品製造業,10710,152.59,％
存貨率,20,藥品及醫用化學製品製造業,10711,159.37,％
存貨率,20,藥品及醫用化學製品製造業,10712,168.12,％
存貨率,20,藥品及醫用化學製品製造業,10801,135.77,％
存貨率,20,藥品及醫用化學製品製造業,10802,227.35,％
存貨率,20,藥品及醫用化學製品製造業,10803,170.19,％
存貨率,20,藥品及醫用化學製品製造業,10804,162.34,％
存貨率,20,藥品及醫用化學製品製造業,10805,161.48,％
存貨率,20,藥品及醫用化學製品製造業,10806,172.47,％
存貨率,20,藥品及醫用化學製品製造業,10807,177.38,％
存貨率,20,藥品及醫用化學製品製造業,10808,164.97,％
存貨率,20,藥品及醫用化學製品製造業,10809,169.89,％
存貨率,20,藥品及醫用化學製品製造業,10810,154.68,％
存貨率,20,藥品及醫用化學製品製造業,10811,170.15,％
存貨率,20,藥品及醫用化學製品製造業,10812,150.15,％
存貨率,20,藥品及醫用化學製品製造業,10901,161.59,％
存貨率,20,藥品及醫用化學製品製造業,10902,163.93,％
存貨率,20,藥品及醫用化學製品製造業,10903,148.24,％
存貨率,20,藥品及醫用化學製品製造業,10904,170.67,％
存貨率,20,藥品及醫用化學製品製造業,10905,182.87,％
存貨率,20,藥品及醫用化學製品製造業,10906,185.73,％
存貨率,20,藥品及醫用化學製品製造業,10907,194.58,％
存貨率,20,藥品及醫用化學製品製造業,10908,199.35,％
存貨率,20,藥品及醫用化學製品製造業,10909,182.74,％
存貨率,20,藥品及醫用化學製品製造業,10910,198.61,％
存貨率,20,藥品及醫用化學製品製造業,10911,207.20,％
存貨率,20,藥品及醫用化學製品製造業,10912,166.57,％
存貨率,20,藥品及醫用化學製品製造業,11001,177.24,％
存貨率,20,藥品及醫用化學製品製造業,11002,260.20,％
存貨率,20,藥品及醫用化學製品製造業,11003,201.88,％
存貨率,20,藥品及醫用化學製品製造業,11004,221.01,％
存貨率,20,藥品及醫用化學製品製造業,11005,209.38,％
存貨率,20,藥品及醫用化學製品製造業,11006,259.94,％
存貨率,20,藥品及醫用化學製品製造業,11007,284.15,％
存貨率,20,藥品及醫用化學製品製造業,11008,244.34,％
存貨率,20,藥品及醫用化學製品製造業,11009,255.14,％
存貨率,20,藥品及醫用化學製品製造業,11010,261.81,％
存貨率,20,藥品及醫用化學製品製造業,11011,216.82,％
存貨率,20,藥品及醫用化學製品製造業,11012,247.25,％
存貨率,20,藥品及醫用化學製品製造業,11101,224.35,％
存貨率,20,藥品及醫用化學製品製造業,11102,322.76,％
存貨率,20,藥品及醫用化學製品製造業,11103,245.55,％
存貨率,20,藥品及醫用化學製品製造業,11104,235.39,％
存貨率,20,藥品及醫用化學製品製造業,11105,244.88,％
存貨率,20,藥品及醫用化學製品製造業,11106,194.86,％
存貨率,20,藥品及醫用化學製品製造業,11107,200.61,％
存貨率,20,藥品及醫用化學製品製造業,11108,221.69,％
存貨率,20,藥品及醫用化學製品製造業,11109,200.30,％
存貨率,20,藥品及醫用化學製品製造業,11110,183.33,％
存貨率,20,藥品及醫用化學製品製造業,11111,197.76,％
存貨率,20,藥品及醫用化學製品製造業,11112,184.73,％
存貨率,20,藥品及醫用化學製品製造業,11201,159.57,％
存貨率,20,藥品及醫用化學製品製造業,11202,221.43,％
存貨率,20,藥品及醫用化學製品製造業,11203,169.01,％
存貨率,20,藥品及醫用化學製品製造業,11204,190.62,％
存貨率,20,藥品及醫用化學製品製造業,11205,179.70,％
存貨率,20,藥品及醫用化學製品製造業,11206,175.28,％
存貨率,20,藥品及醫用化學製品製造業,11207,164.37,％
存貨率,20,藥品及醫用化學製品製造業,11208,174.94,％
存貨率,20,藥品及醫用化學製品製造業,11209,197.71,％
存貨率,20,藥品及醫用化學製品製造業,11210,196.89,％
存貨率,20,藥品及醫用化學製品製造業,11211,197.85,％
存貨率,20,藥品及醫用化學製品製造業,11212,191.75,％
存貨率,20,藥品及醫用化學製品製造業,11301,152.52,％
存貨率,20,藥品及醫用化學製品製造業,11302,255.47,％
存貨率,20,藥品及醫用化學製品製造業,11303,198.43,％
存貨率,20,藥品及醫用化學製品製造業,11304,213.04,％
存貨率,20,藥品及醫用化學製品製造業,11305,194.98,％
存貨率,20,藥品及醫用化學製品製造業,11306,223.73,％
存貨率,20,藥品及醫用化學製品製造業,11307,214.58,％
存貨率,20,藥品及醫用化學製品製造業,11308,226.62,％
存貨率,20,藥品及醫用化學製品製造業,11309,219.92,％
存貨率,20,藥品及醫用化學製品製造業,11310,206.37,％
存貨率,20,藥品及醫用化學製品製造業,11311,207.46,％
存貨率,20,藥品及醫用化學製品製造業,11312,203.87,％
存貨率,20,藥品及醫用化學製品製造業,11401,208.62,％
存貨率,20,藥品及醫用化學製品製造業,11402,237.37,％
存貨率,20,藥品及醫用化學製品製造業,11403,203.86,％
存貨率,20,藥品及醫用化學製品製造業,11404,212.47,％
存貨率,20,藥品及醫用化學製品製造業,11405,207.40,％
存貨率,20,藥品及醫用化學製品製造業,11406,196.99,％
存貨率,20,藥品及醫用化學製品製造業,11407,203.01,％
存貨率,20,藥品及醫用化學製品製造業,11408,221.51,％
存貨率,20,藥品及醫用化學製品製造業,11409,209.76,％
存貨率,20,藥品及醫用化學製品製造業,11410,188.15,％
存貨率,20,藥品及醫用化學製品製造業,11411,218.94,％
存貨率,20,藥品及醫用化學製品製造業,11412,192.48,％
存貨率,20,藥品及醫用化學製品製造業,11501,188.26,％
存貨率,20,藥品及醫用化學製品製造業,11502,265.89,％
存貨率,20,藥品及醫用化學製品製造業,11503,188.48,％
存貨率,20,藥品及醫用化學製品製造業,11504,203.65,％
存貨率,20,藥品及醫用化學製品製造業,11505,225.26,％
存貨率,20,藥品及醫用化學製品製造業,11506,228.91,％
存貨率,21,橡膠製品製造業,07101,77.67,％
存貨率,21,橡膠製品製造業,07102,65.63,％
存貨率,21,橡膠製品製造業,07103,63.34,％
存貨率,21,橡膠製品製造業,07104,65.71,％
存貨率,21,橡膠製品製造業,07105,71.31,％
存貨率,21,橡膠製品製造業,07106,69.56,％
存貨率,21,橡膠製品製造業,07107,68.64,％
存貨率,21,橡膠製品製造業,07108,65.66,％
存貨率,21,橡膠製品製造業,07109,61.52,％
存貨率,21,橡膠製品製造業,07110,68.85,％
存貨率,21,橡膠製品製造業,07111,68.06,％
存貨率,21,橡膠製品製造業,07112,60.80,％
存貨率,21,橡膠製品製造業,07201,48.15,％
存貨率,21,橡膠製品製造業,07202,48.54,％
存貨率,21,橡膠製品製造業,07203,45.48,％
存貨率,21,橡膠製品製造業,07204,30.79,％
存貨率,21,橡膠製品製造業,07205,31.42,％
存貨率,21,橡膠製品製造業,07206,32.63,％
存貨率,21,橡膠製品製造業,07207,40.15,％
存貨率,21,橡膠製品製造業,07208,38.83,％
存貨率,21,橡膠製品製造業,07209,39.36,％
存貨率,21,橡膠製品製造業,07210,42.97,％
存貨率,21,橡膠製品製造業,07211,47.05,％
存貨率,21,橡膠製品製造業,07212,44.59,％
存貨率,21,橡膠製品製造業,07301,47.50,％
存貨率,21,橡膠製品製造業,07302,59.43,％
存貨率,21,橡膠製品製造業,07303,41.64,％
存貨率,21,橡膠製品製造業,07304,42.02,％
存貨率,21,橡膠製品製造業,07305,42.91,％
存貨率,21,橡膠製品製造業,07306,47.27,％
存貨率,21,橡膠製品製造業,07307,42.62,％
存貨率,21,橡膠製品製造業,07308,48.92,％
存貨率,21,橡膠製品製造業,07309,44.67,％
存貨率,21,橡膠製品製造業,07310,46.88,％
存貨率,21,橡膠製品製造業,07311,51.06,％
存貨率,21,橡膠製品製造業,07312,46.46,％
存貨率,21,橡膠製品製造業,07401,48.02,％
存貨率,21,橡膠製品製造業,07402,51.63,％
存貨率,21,橡膠製品製造業,07403,46.05,％
存貨率,21,橡膠製品製造業,07404,48.90,％
存貨率,21,橡膠製品製造業,07405,46.17,％
存貨率,21,橡膠製品製造業,07406,51.96,％
存貨率,21,橡膠製品製造業,07407,56.52,％
存貨率,21,橡膠製品製造業,07408,53.13,％
存貨率,21,橡膠製品製造業,07409,56.49,％
存貨率,21,橡膠製品製造業,07410,48.79,％
存貨率,21,橡膠製品製造業,07411,46.56,％
存貨率,21,橡膠製品製造業,07412,44.18,％
存貨率,21,橡膠製品製造業,07501,49.34,％
存貨率,21,橡膠製品製造業,07502,67.42,％
存貨率,21,橡膠製品製造業,07503,37.21,％
存貨率,21,橡膠製品製造業,07504,49.14,％
存貨率,21,橡膠製品製造業,07505,49.29,％
存貨率,21,橡膠製品製造業,07506,49.56,％
存貨率,21,橡膠製品製造業,07507,49.35,％
存貨率,21,橡膠製品製造業,07508,48.97,％
存貨率,21,橡膠製品製造業,07509,47.12,％
存貨率,21,橡膠製品製造業,07510,42.22,％
存貨率,21,橡膠製品製造業,07511,45.60,％
存貨率,21,橡膠製品製造業,07512,42.49,％
存貨率,21,橡膠製品製造業,07601,51.62,％
存貨率,21,橡膠製品製造業,07602,60.03,％
存貨率,21,橡膠製品製造業,07603,49.99,％
存貨率,21,橡膠製品製造業,07604,47.60,％
存貨率,21,橡膠製品製造業,07605,48.39,％
存貨率,21,橡膠製品製造業,07606,43.98,％
存貨率,21,橡膠製品製造業,07607,49.13,％
存貨率,21,橡膠製品製造業,07608,48.55,％
存貨率,21,橡膠製品製造業,07609,49.04,％
存貨率,21,橡膠製品製造業,07610,49.80,％
存貨率,21,橡膠製品製造業,07611,48.65,％
存貨率,21,橡膠製品製造業,07612,49.81,％
存貨率,21,橡膠製品製造業,07701,55.70,％
存貨率,21,橡膠製品製造業,07702,65.00,％
存貨率,21,橡膠製品製造業,07703,43.82,％
存貨率,21,橡膠製品製造業,07704,47.23,％
存貨率,21,橡膠製品製造業,07705,52.60,％
存貨率,21,橡膠製品製造業,07706,59.36,％
存貨率,21,橡膠製品製造業,07707,54.83,％
存貨率,21,橡膠製品製造業,07708,46.82,％
存貨率,21,橡膠製品製造業,07709,46.72,％
存貨率,21,橡膠製品製造業,07710,53.37,％
存貨率,21,橡膠製品製造業,07711,54.95,％
存貨率,21,橡膠製品製造業,07712,49.66,％
存貨率,21,橡膠製品製造業,07801,51.20,％
存貨率,21,橡膠製品製造業,07802,75.00,％
存貨率,21,橡膠製品製造業,07803,42.30,％
存貨率,21,橡膠製品製造業,07804,47.58,％
存貨率,21,橡膠製品製造業,07805,47.29,％
存貨率,21,橡膠製品製造業,07806,39.67,％
存貨率,21,橡膠製品製造業,07807,54.20,％
存貨率,21,橡膠製品製造業,07808,47.48,％
存貨率,21,橡膠製品製造業,07809,46.04,％
存貨率,21,橡膠製品製造業,07810,46.75,％
存貨率,21,橡膠製品製造業,07811,47.70,％
存貨率,21,橡膠製品製造業,07812,50.01,％
存貨率,21,橡膠製品製造業,07901,55.86,％
存貨率,21,橡膠製品製造業,07902,50.23,％
存貨率,21,橡膠製品製造業,07903,41.95,％
存貨率,21,橡膠製品製造業,07904,42.75,％
存貨率,21,橡膠製品製造業,07905,45.05,％
存貨率,21,橡膠製品製造業,07906,45.43,％
存貨率,21,橡膠製品製造業,07907,46.13,％
存貨率,21,橡膠製品製造業,07908,44.74,％
存貨率,21,橡膠製品製造業,07909,46.56,％
存貨率,21,橡膠製品製造業,07910,51.04,％
存貨率,21,橡膠製品製造業,07911,46.71,％
存貨率,21,橡膠製品製造業,07912,44.57,％
存貨率,21,橡膠製品製造業,08001,59.34,％
存貨率,21,橡膠製品製造業,08002,68.39,％
存貨率,21,橡膠製品製造業,08003,48.05,％
存貨率,21,橡膠製品製造業,08004,47.96,％
存貨率,21,橡膠製品製造業,08005,51.20,％
存貨率,21,橡膠製品製造業,08006,50.21,％
存貨率,21,橡膠製品製造業,08007,46.06,％
存貨率,21,橡膠製品製造業,08008,44.54,％
存貨率,21,橡膠製品製造業,08009,37.81,％
存貨率,21,橡膠製品製造業,08010,30.97,％
存貨率,21,橡膠製品製造業,08011,31.98,％
存貨率,21,橡膠製品製造業,08012,29.99,％
存貨率,21,橡膠製品製造業,08101,39.27,％
存貨率,21,橡膠製品製造業,08102,59.71,％
存貨率,21,橡膠製品製造業,08103,42.10,％
存貨率,21,橡膠製品製造業,08104,40.92,％
存貨率,21,橡膠製品製造業,08105,41.71,％
存貨率,21,橡膠製品製造業,08106,43.53,％
存貨率,21,橡膠製品製造業,08107,43.35,％
存貨率,21,橡膠製品製造業,08108,44.92,％
存貨率,21,橡膠製品製造業,08109,46.19,％
存貨率,21,橡膠製品製造業,08110,41.29,％
存貨率,21,橡膠製品製造業,08111,40.62,％
存貨率,21,橡膠製品製造業,08112,35.52,％
存貨率,21,橡膠製品製造業,08201,54.67,％
存貨率,21,橡膠製品製造業,08202,42.55,％
存貨率,21,橡膠製品製造業,08203,43.92,％
存貨率,21,橡膠製品製造業,08204,43.11,％
存貨率,21,橡膠製品製造業,08205,51.28,％
存貨率,21,橡膠製品製造業,08206,50.42,％
存貨率,21,橡膠製品製造業,08207,51.67,％
存貨率,21,橡膠製品製造業,08208,54.40,％
存貨率,21,橡膠製品製造業,08209,56.82,％
存貨率,21,橡膠製品製造業,08210,53.87,％
存貨率,21,橡膠製品製造業,08211,55.05,％
存貨率,21,橡膠製品製造業,08212,47.96,％
存貨率,21,橡膠製品製造業,08301,49.31,％
存貨率,21,橡膠製品製造業,08302,56.85,％
存貨率,21,橡膠製品製造業,08303,42.81,％
存貨率,21,橡膠製品製造業,08304,42.66,％
存貨率,21,橡膠製品製造業,08305,43.46,％
存貨率,21,橡膠製品製造業,08306,43.43,％
存貨率,21,橡膠製品製造業,08307,43.76,％
存貨率,21,橡膠製品製造業,08308,43.10,％
存貨率,21,橡膠製品製造業,08309,43.82,％
存貨率,21,橡膠製品製造業,08310,49.50,％
存貨率,21,橡膠製品製造業,08311,45.07,％
存貨率,21,橡膠製品製造業,08312,43.84,％
存貨率,21,橡膠製品製造業,08401,49.40,％
存貨率,21,橡膠製品製造業,08402,59.52,％
存貨率,21,橡膠製品製造業,08403,40.05,％
存貨率,21,橡膠製品製造業,08404,42.40,％
存貨率,21,橡膠製品製造業,08405,38.26,％
存貨率,21,橡膠製品製造業,08406,42.37,％
存貨率,21,橡膠製品製造業,08407,46.96,％
存貨率,21,橡膠製品製造業,08408,52.33,％
存貨率,21,橡膠製品製造業,08409,52.16,％
存貨率,21,橡膠製品製造業,08410,52.80,％
存貨率,21,橡膠製品製造業,08411,50.10,％
存貨率,21,橡膠製品製造業,08412,45.28,％
存貨率,21,橡膠製品製造業,08501,45.57,％
存貨率,21,橡膠製品製造業,08502,55.80,％
存貨率,21,橡膠製品製造業,08503,41.87,％
存貨率,21,橡膠製品製造業,08504,44.66,％
存貨率,21,橡膠製品製造業,08505,40.08,％
存貨率,21,橡膠製品製造業,08506,46.04,％
存貨率,21,橡膠製品製造業,08507,47.51,％
存貨率,21,橡膠製品製造業,08508,42.48,％
存貨率,21,橡膠製品製造業,08509,49.43,％
存貨率,21,橡膠製品製造業,08510,47.32,％
存貨率,21,橡膠製品製造業,08511,44.31,％
存貨率,21,橡膠製品製造業,08512,41.38,％
存貨率,21,橡膠製品製造業,08601,44.95,％
存貨率,21,橡膠製品製造業,08602,62.58,％
存貨率,21,橡膠製品製造業,08603,43.65,％
存貨率,21,橡膠製品製造業,08604,42.54,％
存貨率,21,橡膠製品製造業,08605,38.44,％
存貨率,21,橡膠製品製造業,08606,41.73,％
存貨率,21,橡膠製品製造業,08607,44.20,％
存貨率,21,橡膠製品製造業,08608,44.82,％
存貨率,21,橡膠製品製造業,08609,44.34,％
存貨率,21,橡膠製品製造業,08610,39.62,％
存貨率,21,橡膠製品製造業,08611,44.54,％
存貨率,21,橡膠製品製造業,08612,38.47,％
存貨率,21,橡膠製品製造業,08701,49.75,％
存貨率,21,橡膠製品製造業,08702,45.12,％
存貨率,21,橡膠製品製造業,08703,42.11,％
存貨率,21,橡膠製品製造業,08704,44.22,％
存貨率,21,橡膠製品製造業,08705,42.50,％
存貨率,21,橡膠製品製造業,08706,43.02,％
存貨率,21,橡膠製品製造業,08707,49.31,％
存貨率,21,橡膠製品製造業,08708,46.88,％
存貨率,21,橡膠製品製造業,08709,44.84,％
存貨率,21,橡膠製品製造業,08710,42.90,％
存貨率,21,橡膠製品製造業,08711,44.98,％
存貨率,21,橡膠製品製造業,08712,36.41,％
存貨率,21,橡膠製品製造業,08801,43.23,％
存貨率,21,橡膠製品製造業,08802,49.15,％
存貨率,21,橡膠製品製造業,08803,38.10,％
存貨率,21,橡膠製品製造業,08804,37.28,％
存貨率,21,橡膠製品製造業,08805,40.16,％
存貨率,21,橡膠製品製造業,08806,40.47,％
存貨率,21,橡膠製品製造業,08807,41.90,％
存貨率,21,橡膠製品製造業,08808,41.81,％
存貨率,21,橡膠製品製造業,08809,44.11,％
存貨率,21,橡膠製品製造業,08810,39.05,％
存貨率,21,橡膠製品製造業,08811,38.89,％
存貨率,21,橡膠製品製造業,08812,39.26,％
存貨率,21,橡膠製品製造業,08901,35.72,％
存貨率,21,橡膠製品製造業,08902,51.90,％
存貨率,21,橡膠製品製造業,08903,35.39,％
存貨率,21,橡膠製品製造業,08904,37.58,％
存貨率,21,橡膠製品製造業,08905,39.54,％
存貨率,21,橡膠製品製造業,08906,39.44,％
存貨率,21,橡膠製品製造業,08907,42.63,％
存貨率,21,橡膠製品製造業,08908,44.36,％
存貨率,21,橡膠製品製造業,08909,39.40,％
存貨率,21,橡膠製品製造業,08910,41.21,％
存貨率,21,橡膠製品製造業,08911,43.58,％
存貨率,21,橡膠製品製造業,08912,39.83,％
存貨率,21,橡膠製品製造業,09001,56.15,％
存貨率,21,橡膠製品製造業,09002,45.56,％
存貨率,21,橡膠製品製造業,09003,39.68,％
存貨率,21,橡膠製品製造業,09004,42.62,％
存貨率,21,橡膠製品製造業,09005,39.86,％
存貨率,21,橡膠製品製造業,09006,42.87,％
存貨率,21,橡膠製品製造業,09007,42.20,％
存貨率,21,橡膠製品製造業,09008,38.44,％
存貨率,21,橡膠製品製造業,09009,44.32,％
存貨率,21,橡膠製品製造業,09010,38.35,％
存貨率,21,橡膠製品製造業,09011,38.33,％
存貨率,21,橡膠製品製造業,09012,39.83,％
存貨率,21,橡膠製品製造業,09101,41.71,％
存貨率,21,橡膠製品製造業,09102,50.76,％
存貨率,21,橡膠製品製造業,09103,32.93,％
存貨率,21,橡膠製品製造業,09104,35.35,％
存貨率,21,橡膠製品製造業,09105,34.42,％
存貨率,21,橡膠製品製造業,09106,38.40,％
存貨率,21,橡膠製品製造業,09107,36.18,％
存貨率,21,橡膠製品製造業,09108,38.70,％
存貨率,21,橡膠製品製造業,09109,39.53,％
存貨率,21,橡膠製品製造業,09110,37.20,％
存貨率,21,橡膠製品製造業,09111,39.37,％
存貨率,21,橡膠製品製造業,09112,38.12,％
存貨率,21,橡膠製品製造業,09201,34.51,％
存貨率,21,橡膠製品製造業,09202,49.11,％
存貨率,21,橡膠製品製造業,09203,36.54,％
存貨率,21,橡膠製品製造業,09204,34.78,％
存貨率,21,橡膠製品製造業,09205,38.34,％
存貨率,21,橡膠製品製造業,09206,37.24,％
存貨率,21,橡膠製品製造業,09207,39.25,％
存貨率,21,橡膠製品製造業,09208,43.98,％
存貨率,21,橡膠製品製造業,09209,39.74,％
存貨率,21,橡膠製品製造業,09210,36.63,％
存貨率,21,橡膠製品製造業,09211,37.91,％
存貨率,21,橡膠製品製造業,09212,33.66,％
存貨率,21,橡膠製品製造業,09301,42.82,％
存貨率,21,橡膠製品製造業,09302,38.65,％
存貨率,21,橡膠製品製造業,09303,37.29,％
存貨率,21,橡膠製品製造業,09304,33.66,％
存貨率,21,橡膠製品製造業,09305,36.07,％
存貨率,21,橡膠製品製造業,09306,36.29,％
存貨率,21,橡膠製品製造業,09307,34.46,％
存貨率,21,橡膠製品製造業,09308,38.07,％
存貨率,21,橡膠製品製造業,09309,34.32,％
存貨率,21,橡膠製品製造業,09310,33.68,％
存貨率,21,橡膠製品製造業,09311,36.69,％
存貨率,21,橡膠製品製造業,09312,34.18,％
存貨率,21,橡膠製品製造業,09401,37.85,％
存貨率,21,橡膠製品製造業,09402,49.31,％
存貨率,21,橡膠製品製造業,09403,32.77,％
存貨率,21,橡膠製品製造業,09404,33.91,％
存貨率,21,橡膠製品製造業,09405,35.55,％
存貨率,21,橡膠製品製造業,09406,34.78,％
存貨率,21,橡膠製品製造業,09407,37.64,％
存貨率,21,橡膠製品製造業,09408,35.39,％
存貨率,21,橡膠製品製造業,09409,33.14,％
存貨率,21,橡膠製品製造業,09410,37.58,％
存貨率,21,橡膠製品製造業,09411,40.40,％
存貨率,21,橡膠製品製造業,09412,41.39,％
存貨率,21,橡膠製品製造業,09501,45.44,％
存貨率,21,橡膠製品製造業,09502,54.95,％
存貨率,21,橡膠製品製造業,09503,42.68,％
存貨率,21,橡膠製品製造業,09504,48.54,％
存貨率,21,橡膠製品製造業,09505,54.13,％
存貨率,21,橡膠製品製造業,09506,48.89,％
存貨率,21,橡膠製品製造業,09507,51.88,％
存貨率,21,橡膠製品製造業,09508,55.53,％
存貨率,21,橡膠製品製造業,09509,55.59,％
存貨率,21,橡膠製品製造業,09510,58.84,％
存貨率,21,橡膠製品製造業,09511,57.42,％
存貨率,21,橡膠製品製造業,09512,54.08,％
存貨率,21,橡膠製品製造業,09601,53.79,％
存貨率,21,橡膠製品製造業,09602,71.83,％
存貨率,21,橡膠製品製造業,09603,50.00,％
存貨率,21,橡膠製品製造業,09604,56.64,％
存貨率,21,橡膠製品製造業,09605,51.07,％
存貨率,21,橡膠製品製造業,09606,51.13,％
存貨率,21,橡膠製品製造業,09607,51.95,％
存貨率,21,橡膠製品製造業,09608,47.38,％
存貨率,21,橡膠製品製造業,09609,55.18,％
存貨率,21,橡膠製品製造業,09610,49.28,％
存貨率,21,橡膠製品製造業,09611,50.00,％
存貨率,21,橡膠製品製造業,09612,52.57,％
存貨率,21,橡膠製品製造業,09701,49.22,％
存貨率,21,橡膠製品製造業,09702,60.56,％
存貨率,21,橡膠製品製造業,09703,45.25,％
存貨率,21,橡膠製品製造業,09704,46.42,％
存貨率,21,橡膠製品製造業,09705,50.96,％
存貨率,21,橡膠製品製造業,09706,50.56,％
存貨率,21,橡膠製品製造業,09707,52.85,％
存貨率,21,橡膠製品製造業,09708,56.66,％
存貨率,21,橡膠製品製造業,09709,54.56,％
存貨率,21,橡膠製品製造業,09710,59.17,％
存貨率,21,橡膠製品製造業,09711,72.18,％
存貨率,21,橡膠製品製造業,09712,64.55,％
存貨率,21,橡膠製品製造業,09801,79.88,％
存貨率,21,橡膠製品製造業,09802,70.25,％
存貨率,21,橡膠製品製造業,09803,60.06,％
存貨率,21,橡膠製品製造業,09804,54.25,％
存貨率,21,橡膠製品製造業,09805,55.82,％
存貨率,21,橡膠製品製造業,09806,46.79,％
存貨率,21,橡膠製品製造業,09807,49.62,％
存貨率,21,橡膠製品製造業,09808,50.65,％
存貨率,21,橡膠製品製造業,09809,43.69,％
存貨率,21,橡膠製品製造業,09810,40.67,％
存貨率,21,橡膠製品製造業,09811,44.34,％
存貨率,21,橡膠製品製造業,09812,34.44,％
存貨率,21,橡膠製品製造業,09901,39.42,％
存貨率,21,橡膠製品製造業,09902,48.91,％
存貨率,21,橡膠製品製造業,09903,32.97,％
存貨率,21,橡膠製品製造業,09904,32.81,％
存貨率,21,橡膠製品製造業,09905,36.96,％
存貨率,21,橡膠製品製造業,09906,34.34,％
存貨率,21,橡膠製品製造業,09907,34.74,％
存貨率,21,橡膠製品製造業,09908,34.90,％
存貨率,21,橡膠製品製造業,09909,32.93,％
存貨率,21,橡膠製品製造業,09910,32.08,％
存貨率,21,橡膠製品製造業,09911,32.91,％
存貨率,21,橡膠製品製造業,09912,26.44,％
存貨率,21,橡膠製品製造業,10001,30.53,％
存貨率,21,橡膠製品製造業,10002,43.26,％
存貨率,21,橡膠製品製造業,10003,26.29,％
存貨率,21,橡膠製品製造業,10004,31.18,％
存貨率,21,橡膠製品製造業,10005,33.29,％
存貨率,21,橡膠製品製造業,10006,27.49,％
存貨率,21,橡膠製品製造業,10007,35.11,％
存貨率,21,橡膠製品製造業,10008,34.58,％
存貨率,21,橡膠製品製造業,10009,34.59,％
存貨率,21,橡膠製品製造業,10010,41.55,％
存貨率,21,橡膠製品製造業,10011,39.54,％
存貨率,21,橡膠製品製造業,10012,31.74,％
存貨率,21,橡膠製品製造業,10101,47.79,％
存貨率,21,橡膠製品製造業,10102,43.29,％
存貨率,21,橡膠製品製造業,10103,36.34,％
存貨率,21,橡膠製品製造業,10104,38.68,％
存貨率,21,橡膠製品製造業,10105,38.72,％
存貨率,21,橡膠製品製造業,10106,36.28,％
存貨率,21,橡膠製品製造業,10107,42.25,％
存貨率,21,橡膠製品製造業,10108,39.35,％
存貨率,21,橡膠製品製造業,10109,44.74,％
存貨率,21,橡膠製品製造業,10110,43.25,％
存貨率,21,橡膠製品製造業,10111,45.90,％
存貨率,21,橡膠製品製造業,10112,40.07,％
存貨率,21,橡膠製品製造業,10201,42.23,％
存貨率,21,橡膠製品製造業,10202,60.93,％
存貨率,21,橡膠製品製造業,10203,43.73,％
存貨率,21,橡膠製品製造業,10204,40.96,％
存貨率,21,橡膠製品製造業,10205,38.51,％
存貨率,21,橡膠製品製造業,10206,40.81,％
存貨率,21,橡膠製品製造業,10207,39.89,％
存貨率,21,橡膠製品製造業,10208,41.45,％
存貨率,21,橡膠製品製造業,10209,44.48,％
存貨率,21,橡膠製品製造業,10210,40.71,％
存貨率,21,橡膠製品製造業,10211,44.05,％
存貨率,21,橡膠製品製造業,10212,37.05,％
存貨率,21,橡膠製品製造業,10301,39.73,％
存貨率,21,橡膠製品製造業,10302,48.00,％
存貨率,21,橡膠製品製造業,10303,38.31,％
存貨率,21,橡膠製品製造業,10304,39.41,％
存貨率,21,橡膠製品製造業,10305,40.69,％
存貨率,21,橡膠製品製造業,10306,42.98,％
存貨率,21,橡膠製品製造業,10307,38.98,％
存貨率,21,橡膠製品製造業,10308,44.71,％
存貨率,21,橡膠製品製造業,10309,42.92,％
存貨率,21,橡膠製品製造業,10310,43.01,％
存貨率,21,橡膠製品製造業,10311,45.27,％
存貨率,21,橡膠製品製造業,10312,36.85,％
存貨率,21,橡膠製品製造業,10401,46.93,％
存貨率,21,橡膠製品製造業,10402,58.61,％
存貨率,21,橡膠製品製造業,10403,36.46,％
存貨率,21,橡膠製品製造業,10404,40.57,％
存貨率,21,橡膠製品製造業,10405,44.60,％
存貨率,21,橡膠製品製造業,10406,42.68,％
存貨率,21,橡膠製品製造業,10407,43.01,％
存貨率,21,橡膠製品製造業,10408,46.67,％
存貨率,21,橡膠製品製造業,10409,46.76,％
存貨率,21,橡膠製品製造業,10410,47.72,％
存貨率,21,橡膠製品製造業,10411,52.74,％
存貨率,21,橡膠製品製造業,10412,46.19,％
存貨率,21,橡膠製品製造業,10501,52.64,％
存貨率,21,橡膠製品製造業,10502,71.36,％
存貨率,21,橡膠製品製造業,10503,42.97,％
存貨率,21,橡膠製品製造業,10504,49.81,％
存貨率,21,橡膠製品製造業,10505,48.98,％
存貨率,21,橡膠製品製造業,10506,46.95,％
存貨率,21,橡膠製品製造業,10507,49.96,％
存貨率,21,橡膠製品製造業,10508,49.00,％
存貨率,21,橡膠製品製造業,10509,49.45,％
存貨率,21,橡膠製品製造業,10510,52.29,％
存貨率,21,橡膠製品製造業,10511,49.89,％
存貨率,21,橡膠製品製造業,10512,42.61,％
存貨率,21,橡膠製品製造業,10601,52.02,％
存貨率,21,橡膠製品製造業,10602,55.54,％
存貨率,21,橡膠製品製造業,10603,38.37,％
存貨率,21,橡膠製品製造業,10604,48.96,％
存貨率,21,橡膠製品製造業,10605,46.10,％
存貨率,21,橡膠製品製造業,10606,43.05,％
存貨率,21,橡膠製品製造業,10607,49.48,％
存貨率,21,橡膠製品製造業,10608,47.93,％
存貨率,21,橡膠製品製造業,10609,52.49,％
存貨率,21,橡膠製品製造業,10610,54.02,％
存貨率,21,橡膠製品製造業,10611,52.45,％
存貨率,21,橡膠製品製造業,10612,52.54,％
存貨率,21,橡膠製品製造業,10701,52.77,％
存貨率,21,橡膠製品製造業,10702,70.90,％
存貨率,21,橡膠製品製造業,10703,46.16,％
存貨率,21,橡膠製品製造業,10704,58.25,％
存貨率,21,橡膠製品製造業,10705,50.40,％
存貨率,21,橡膠製品製造業,10706,52.48,％
存貨率,21,橡膠製品製造業,10707,54.05,％
存貨率,21,橡膠製品製造業,10708,49.33,％
存貨率,21,橡膠製品製造業,10709,54.81,％
存貨率,21,橡膠製品製造業,10710,52.52,％
存貨率,21,橡膠製品製造業,10711,50.47,％
存貨率,21,橡膠製品製造業,10712,51.98,％
存貨率,21,橡膠製品製造業,10801,40.35,％
存貨率,21,橡膠製品製造業,10802,60.45,％
存貨率,21,橡膠製品製造業,10803,41.83,％
存貨率,21,橡膠製品製造業,10804,44.51,％
存貨率,21,橡膠製品製造業,10805,40.16,％
存貨率,21,橡膠製品製造業,10806,47.85,％
存貨率,21,橡膠製品製造業,10807,44.13,％
存貨率,21,橡膠製品製造業,10808,43.40,％
存貨率,21,橡膠製品製造業,10809,46.02,％
存貨率,21,橡膠製品製造業,10810,42.43,％
存貨率,21,橡膠製品製造業,10811,48.83,％
存貨率,21,橡膠製品製造業,10812,49.15,％
存貨率,21,橡膠製品製造業,10901,53.77,％
存貨率,21,橡膠製品製造業,10902,52.34,％
存貨率,21,橡膠製品製造業,10903,47.30,％
存貨率,21,橡膠製品製造業,10904,69.15,％
存貨率,21,橡膠製品製造業,10905,61.69,％
存貨率,21,橡膠製品製造業,10906,53.51,％
存貨率,21,橡膠製品製造業,10907,44.03,％
存貨率,21,橡膠製品製造業,10908,40.87,％
存貨率,21,橡膠製品製造業,10909,36.18,％
存貨率,21,橡膠製品製造業,10910,39.33,％
存貨率,21,橡膠製品製造業,10911,39.35,％
存貨率,21,橡膠製品製造業,10912,38.44,％
存貨率,21,橡膠製品製造業,11001,44.32,％
存貨率,21,橡膠製品製造業,11002,64.54,％
存貨率,21,橡膠製品製造業,11003,40.41,％
存貨率,21,橡膠製品製造業,11004,50.30,％
存貨率,21,橡膠製品製造業,11005,47.35,％
存貨率,21,橡膠製品製造業,11006,52.31,％
存貨率,21,橡膠製品製造業,11007,46.60,％
存貨率,21,橡膠製品製造業,11008,50.46,％
存貨率,21,橡膠製品製造業,11009,48.51,％
存貨率,21,橡膠製品製造業,11010,47.51,％
存貨率,21,橡膠製品製造業,11011,47.93,％
存貨率,21,橡膠製品製造業,11012,44.71,％
存貨率,21,橡膠製品製造業,11101,43.78,％
存貨率,21,橡膠製品製造業,11102,59.44,％
存貨率,21,橡膠製品製造業,11103,37.94,％
存貨率,21,橡膠製品製造業,11104,46.60,％
存貨率,21,橡膠製品製造業,11105,41.82,％
存貨率,21,橡膠製品製造業,11106,44.43,％
存貨率,21,橡膠製品製造業,11107,48.04,％
存貨率,21,橡膠製品製造業,11108,48.41,％
存貨率,21,橡膠製品製造業,11109,49.72,％
存貨率,21,橡膠製品製造業,11110,55.54,％
存貨率,21,橡膠製品製造業,11111,55.00,％
存貨率,21,橡膠製品製造業,11112,53.87,％
存貨率,21,橡膠製品製造業,11201,69.08,％
存貨率,21,橡膠製品製造業,11202,58.49,％
存貨率,21,橡膠製品製造業,11203,49.49,％
存貨率,21,橡膠製品製造業,11204,64.16,％
存貨率,21,橡膠製品製造業,11205,57.01,％
存貨率,21,橡膠製品製造業,11206,56.74,％
存貨率,21,橡膠製品製造業,11207,60.12,％
存貨率,21,橡膠製品製造業,11208,54.51,％
存貨率,21,橡膠製品製造業,11209,54.98,％
存貨率,21,橡膠製品製造業,11210,56.26,％
存貨率,21,橡膠製品製造業,11211,56.21,％
存貨率,21,橡膠製品製造業,11212,55.52,％
存貨率,21,橡膠製品製造業,11301,49.71,％
存貨率,21,橡膠製品製造業,11302,75.13,％
存貨率,21,橡膠製品製造業,11303,50.58,％
存貨率,21,橡膠製品製造業,11304,54.82,％
存貨率,21,橡膠製品製造業,11305,53.94,％
存貨率,21,橡膠製品製造業,11306,60.95,％
存貨率,21,橡膠製品製造業,11307,58.23,％
存貨率,21,橡膠製品製造業,11308,53.44,％
存貨率,21,橡膠製品製造業,11309,57.99,％
存貨率,21,橡膠製品製造業,11310,53.41,％
存貨率,21,橡膠製品製造業,11311,55.46,％
存貨率,21,橡膠製品製造業,11312,54.30,％
存貨率,21,橡膠製品製造業,11401,64.77,％
存貨率,21,橡膠製品製造業,11402,60.48,％
存貨率,21,橡膠製品製造業,11403,56.45,％
存貨率,21,橡膠製品製造業,11404,59.52,％
存貨率,21,橡膠製品製造業,11405,59.87,％
存貨率,21,橡膠製品製造業,11406,61.95,％
存貨率,21,橡膠製品製造業,11407,60.55,％
存貨率,21,橡膠製品製造業,11408,62.17,％
存貨率,21,橡膠製品製造業,11409,59.23,％
存貨率,21,橡膠製品製造業,11410,59.50,％
存貨率,21,橡膠製品製造業,11411,61.83,％
存貨率,21,橡膠製品製造業,11412,53.50,％
存貨率,21,橡膠製品製造業,11501,57.03,％
存貨率,21,橡膠製品製造業,11502,77.49,％
存貨率,21,橡膠製品製造業,11503,53.70,％
存貨率,21,橡膠製品製造業,11504,52.82,％
存貨率,21,橡膠製品製造業,11505,61.19,％
存貨率,21,橡膠製品製造業,11506,54.73,％
存貨率,22,塑膠製品製造業,07101,48.65,％
存貨率,22,塑膠製品製造業,07102,50.04,％
存貨率,22,塑膠製品製造業,07103,43.18,％
存貨率,22,塑膠製品製造業,07104,45.49,％
存貨率,22,塑膠製品製造業,07105,45.09,％
存貨率,22,塑膠製品製造業,07106,43.60,％
存貨率,22,塑膠製品製造業,07107,47.25,％
存貨率,22,塑膠製品製造業,07108,44.87,％
存貨率,22,塑膠製品製造業,07109,44.29,％
存貨率,22,塑膠製品製造業,07110,45.02,％
存貨率,22,塑膠製品製造業,07111,44.23,％
存貨率,22,塑膠製品製造業,07112,39.45,％
存貨率,22,塑膠製品製造業,07201,46.16,％
存貨率,22,塑膠製品製造業,07202,58.65,％
存貨率,22,塑膠製品製造業,07203,38.03,％
存貨率,22,塑膠製品製造業,07204,39.70,％
存貨率,22,塑膠製品製造業,07205,34.89,％
存貨率,22,塑膠製品製造業,07206,35.39,％
存貨率,22,塑膠製品製造業,07207,35.74,％
存貨率,22,塑膠製品製造業,07208,36.98,％
存貨率,22,塑膠製品製造業,07209,36.94,％
存貨率,22,塑膠製品製造業,07210,37.46,％
存貨率,22,塑膠製品製造業,07211,36.33,％
存貨率,22,塑膠製品製造業,07212,35.91,％
存貨率,22,塑膠製品製造業,07301,47.99,％
存貨率,22,塑膠製品製造業,07302,57.08,％
存貨率,22,塑膠製品製造業,07303,40.48,％
存貨率,22,塑膠製品製造業,07304,40.54,％
存貨率,22,塑膠製品製造業,07305,48.08,％
存貨率,22,塑膠製品製造業,07306,37.21,％
存貨率,22,塑膠製品製造業,07307,43.99,％
存貨率,22,塑膠製品製造業,07308,46.25,％
存貨率,22,塑膠製品製造業,07309,42.68,％
存貨率,22,塑膠製品製造業,07310,44.61,％
存貨率,22,塑膠製品製造業,07311,39.72,％
存貨率,22,塑膠製品製造業,07312,36.79,％
存貨率,22,塑膠製品製造業,07401,38.92,％
存貨率,22,塑膠製品製造業,07402,45.06,％
存貨率,22,塑膠製品製造業,07403,36.53,％
存貨率,22,塑膠製品製造業,07404,36.39,％
存貨率,22,塑膠製品製造業,07405,33.12,％
存貨率,22,塑膠製品製造業,07406,33.09,％
存貨率,22,塑膠製品製造業,07407,35.12,％
存貨率,22,塑膠製品製造業,07408,34.46,％
存貨率,22,塑膠製品製造業,07409,36.29,％
存貨率,22,塑膠製品製造業,07410,35.60,％
存貨率,22,塑膠製品製造業,07411,36.11,％
存貨率,22,塑膠製品製造業,07412,34.93,％
存貨率,22,塑膠製品製造業,07501,40.35,％
存貨率,22,塑膠製品製造業,07502,50.12,％
存貨率,22,塑膠製品製造業,07503,36.86,％
存貨率,22,塑膠製品製造業,07504,33.60,％
存貨率,22,塑膠製品製造業,07505,35.50,％
存貨率,22,塑膠製品製造業,07506,38.82,％
存貨率,22,塑膠製品製造業,07507,38.35,％
存貨率,22,塑膠製品製造業,07508,37.16,％
存貨率,22,塑膠製品製造業,07509,37.88,％
存貨率,22,塑膠製品製造業,07510,36.48,％
存貨率,22,塑膠製品製造業,07511,36.27,％
存貨率,22,塑膠製品製造業,07512,36.11,％
存貨率,22,塑膠製品製造業,07601,40.60,％
存貨率,22,塑膠製品製造業,07602,39.14,％
存貨率,22,塑膠製品製造業,07603,35.21,％
存貨率,22,塑膠製品製造業,07604,34.60,％
存貨率,22,塑膠製品製造業,07605,37.31,％
存貨率,22,塑膠製品製造業,07606,38.86,％
存貨率,22,塑膠製品製造業,07607,43.10,％
存貨率,22,塑膠製品製造業,07608,41.74,％
存貨率,22,塑膠製品製造業,07609,41.72,％
存貨率,22,塑膠製品製造業,07610,42.47,％
存貨率,22,塑膠製品製造業,07611,37.23,％
存貨率,22,塑膠製品製造業,07612,36.47,％
存貨率,22,塑膠製品製造業,07701,39.57,％
存貨率,22,塑膠製品製造業,07702,43.23,％
存貨率,22,塑膠製品製造業,07703,37.70,％
存貨率,22,塑膠製品製造業,07704,38.51,％
存貨率,22,塑膠製品製造業,07705,38.85,％
存貨率,22,塑膠製品製造業,07706,38.37,％
存貨率,22,塑膠製品製造業,07707,37.94,％
存貨率,22,塑膠製品製造業,07708,38.33,％
存貨率,22,塑膠製品製造業,07709,39.81,％
存貨率,22,塑膠製品製造業,07710,40.74,％
存貨率,22,塑膠製品製造業,07711,40.53,％
存貨率,22,塑膠製品製造業,07712,40.39,％
存貨率,22,塑膠製品製造業,07801,57.38,％
存貨率,22,塑膠製品製造業,07802,68.07,％
存貨率,22,塑膠製品製造業,07803,50.11,％
存貨率,22,塑膠製品製造業,07804,52.88,％
存貨率,22,塑膠製品製造業,07805,53.13,％
存貨率,22,塑膠製品製造業,07806,58.13,％
存貨率,22,塑膠製品製造業,07807,61.68,％
存貨率,22,塑膠製品製造業,07808,54.42,％
存貨率,22,塑膠製品製造業,07809,60.18,％
存貨率,22,塑膠製品製造業,07810,60.47,％
存貨率,22,塑膠製品製造業,07811,55.92,％
存貨率,22,塑膠製品製造業,07812,57.11,％
存貨率,22,塑膠製品製造業,07901,67.04,％
存貨率,22,塑膠製品製造業,07902,63.07,％
存貨率,22,塑膠製品製造業,07903,56.47,％
存貨率,22,塑膠製品製造業,07904,57.04,％
存貨率,22,塑膠製品製造業,07905,55.81,％
存貨率,22,塑膠製品製造業,07906,58.23,％
存貨率,22,塑膠製品製造業,07907,59.58,％
存貨率,22,塑膠製品製造業,07908,58.62,％
存貨率,22,塑膠製品製造業,07909,55.02,％
存貨率,22,塑膠製品製造業,07910,57.05,％
存貨率,22,塑膠製品製造業,07911,54.67,％
存貨率,22,塑膠製品製造業,07912,58.13,％
存貨率,22,塑膠製品製造業,08001,61.48,％
存貨率,22,塑膠製品製造業,08002,79.66,％
存貨率,22,塑膠製品製造業,08003,61.75,％
存貨率,22,塑膠製品製造業,08004,53.36,％
存貨率,22,塑膠製品製造業,08005,52.11,％
存貨率,22,塑膠製品製造業,08006,51.87,％
存貨率,22,塑膠製品製造業,08007,51.02,％
存貨率,22,塑膠製品製造業,08008,48.17,％
存貨率,22,塑膠製品製造業,08009,53.26,％
存貨率,22,塑膠製品製造業,08010,52.26,％
存貨率,22,塑膠製品製造業,08011,47.33,％
存貨率,22,塑膠製品製造業,08012,48.78,％
存貨率,22,塑膠製品製造業,08101,48.27,％
存貨率,22,塑膠製品製造業,08102,62.75,％
存貨率,22,塑膠製品製造業,08103,41.54,％
存貨率,22,塑膠製品製造業,08104,42.03,％
存貨率,22,塑膠製品製造業,08105,45.71,％
存貨率,22,塑膠製品製造業,08106,46.75,％
存貨率,22,塑膠製品製造業,08107,45.10,％
存貨率,22,塑膠製品製造業,08108,45.64,％
存貨率,22,塑膠製品製造業,08109,45.12,％
存貨率,22,塑膠製品製造業,08110,43.78,％
存貨率,22,塑膠製品製造業,08111,43.44,％
存貨率,22,塑膠製品製造業,08112,44.88,％
存貨率,22,塑膠製品製造業,08201,61.21,％
存貨率,22,塑膠製品製造業,08202,54.03,％
存貨率,22,塑膠製品製造業,08203,45.24,％
存貨率,22,塑膠製品製造業,08204,47.16,％
存貨率,22,塑膠製品製造業,08205,46.43,％
存貨率,22,塑膠製品製造業,08206,48.97,％
存貨率,22,塑膠製品製造業,08207,47.28,％
存貨率,22,塑膠製品製造業,08208,49.66,％
存貨率,22,塑膠製品製造業,08209,50.73,％
存貨率,22,塑膠製品製造業,08210,48.13,％
存貨率,22,塑膠製品製造業,08211,48.97,％
存貨率,22,塑膠製品製造業,08212,47.07,％
存貨率,22,塑膠製品製造業,08301,56.27,％
存貨率,22,塑膠製品製造業,08302,72.89,％
存貨率,22,塑膠製品製造業,08303,49.59,％
存貨率,22,塑膠製品製造業,08304,52.16,％
存貨率,22,塑膠製品製造業,08305,55.92,％
存貨率,22,塑膠製品製造業,08306,55.38,％
存貨率,22,塑膠製品製造業,08307,56.88,％
存貨率,22,塑膠製品製造業,08308,58.14,％
存貨率,22,塑膠製品製造業,08309,57.49,％
存貨率,22,塑膠製品製造業,08310,56.17,％
存貨率,22,塑膠製品製造業,08311,52.23,％
存貨率,22,塑膠製品製造業,08312,49.14,％
存貨率,22,塑膠製品製造業,08401,59.45,％
存貨率,22,塑膠製品製造業,08402,61.67,％
存貨率,22,塑膠製品製造業,08403,42.84,％
存貨率,22,塑膠製品製造業,08404,50.23,％
存貨率,22,塑膠製品製造業,08405,51.64,％
存貨率,22,塑膠製品製造業,08406,52.99,％
存貨率,22,塑膠製品製造業,08407,57.46,％
存貨率,22,塑膠製品製造業,08408,54.41,％
存貨率,22,塑膠製品製造業,08409,55.58,％
存貨率,22,塑膠製品製造業,08410,52.65,％
存貨率,22,塑膠製品製造業,08411,49.59,％
存貨率,22,塑膠製品製造業,08412,48.98,％
存貨率,22,塑膠製品製造業,08501,54.73,％
存貨率,22,塑膠製品製造業,08502,67.38,％
存貨率,22,塑膠製品製造業,08503,52.81,％
存貨率,22,塑膠製品製造業,08504,49.09,％
存貨率,22,塑膠製品製造業,08505,48.11,％
存貨率,22,塑膠製品製造業,08506,51.88,％
存貨率,22,塑膠製品製造業,08507,50.72,％
存貨率,22,塑膠製品製造業,08508,48.07,％
存貨率,22,塑膠製品製造業,08509,50.24,％
存貨率,22,塑膠製品製造業,08510,46.98,％
存貨率,22,塑膠製品製造業,08511,43.94,％
存貨率,22,塑膠製品製造業,08512,44.69,％
存貨率,22,塑膠製品製造業,08601,40.00,％
存貨率,22,塑膠製品製造業,08602,50.78,％
存貨率,22,塑膠製品製造業,08603,37.77,％
存貨率,22,塑膠製品製造業,08604,36.30,％
存貨率,22,塑膠製品製造業,08605,35.73,％
存貨率,22,塑膠製品製造業,08606,41.15,％
存貨率,22,塑膠製品製造業,08607,42.25,％
存貨率,22,塑膠製品製造業,08608,43.29,％
存貨率,22,塑膠製品製造業,08609,43.45,％
存貨率,22,塑膠製品製造業,08610,40.45,％
存貨率,22,塑膠製品製造業,08611,39.80,％
存貨率,22,塑膠製品製造業,08612,38.32,％
存貨率,22,塑膠製品製造業,08701,51.48,％
存貨率,22,塑膠製品製造業,08702,47.94,％
存貨率,22,塑膠製品製造業,08703,41.57,％
存貨率,22,塑膠製品製造業,08704,40.25,％
存貨率,22,塑膠製品製造業,08705,41.23,％
存貨率,22,塑膠製品製造業,08706,40.73,％
存貨率,22,塑膠製品製造業,08707,41.70,％
存貨率,22,塑膠製品製造業,08708,42.88,％
存貨率,22,塑膠製品製造業,08709,43.08,％
存貨率,22,塑膠製品製造業,08710,43.10,％
存貨率,22,塑膠製品製造業,08711,43.87,％
存貨率,22,塑膠製品製造業,08712,41.02,％
存貨率,22,塑膠製品製造業,08801,45.18,％
存貨率,22,塑膠製品製造業,08802,58.29,％
存貨率,22,塑膠製品製造業,08803,38.72,％
存貨率,22,塑膠製品製造業,08804,38.71,％
存貨率,22,塑膠製品製造業,08805,36.38,％
存貨率,22,塑膠製品製造業,08806,41.58,％
存貨率,22,塑膠製品製造業,08807,39.72,％
存貨率,22,塑膠製品製造業,08808,43.73,％
存貨率,22,塑膠製品製造業,08809,47.81,％
存貨率,22,塑膠製品製造業,08810,37.96,％
存貨率,22,塑膠製品製造業,08811,42.38,％
存貨率,22,塑膠製品製造業,08812,37.86,％
存貨率,22,塑膠製品製造業,08901,42.16,％
存貨率,22,塑膠製品製造業,08902,52.39,％
存貨率,22,塑膠製品製造業,08903,36.48,％
存貨率,22,塑膠製品製造業,08904,40.18,％
存貨率,22,塑膠製品製造業,08905,39.97,％
存貨率,22,塑膠製品製造業,08906,41.21,％
存貨率,22,塑膠製品製造業,08907,43.80,％
存貨率,22,塑膠製品製造業,08908,45.09,％
存貨率,22,塑膠製品製造業,08909,44.16,％
存貨率,22,塑膠製品製造業,08910,42.60,％
存貨率,22,塑膠製品製造業,08911,41.71,％
存貨率,22,塑膠製品製造業,08912,43.18,％
存貨率,22,塑膠製品製造業,09001,58.33,％
存貨率,22,塑膠製品製造業,09002,45.63,％
存貨率,22,塑膠製品製造業,09003,41.20,％
存貨率,22,塑膠製品製造業,09004,43.59,％
存貨率,22,塑膠製品製造業,09005,41.04,％
存貨率,22,塑膠製品製造業,09006,43.97,％
存貨率,22,塑膠製品製造業,09007,43.55,％
存貨率,22,塑膠製品製造業,09008,41.05,％
存貨率,22,塑膠製品製造業,09009,45.98,％
存貨率,22,塑膠製品製造業,09010,42.28,％
存貨率,22,塑膠製品製造業,09011,42.27,％
存貨率,22,塑膠製品製造業,09012,42.69,％
存貨率,22,塑膠製品製造業,09101,44.77,％
存貨率,22,塑膠製品製造業,09102,59.87,％
存貨率,22,塑膠製品製造業,09103,40.62,％
存貨率,22,塑膠製品製造業,09104,39.58,％
存貨率,22,塑膠製品製造業,09105,39.74,％
存貨率,22,塑膠製品製造業,09106,46.31,％
存貨率,22,塑膠製品製造業,09107,48.65,％
存貨率,22,塑膠製品製造業,09108,50.59,％
存貨率,22,塑膠製品製造業,09109,49.35,％
存貨率,22,塑膠製品製造業,09110,46.39,％
存貨率,22,塑膠製品製造業,09111,46.61,％
存貨率,22,塑膠製品製造業,09112,46.62,％
存貨率,22,塑膠製品製造業,09201,46.61,％
存貨率,22,塑膠製品製造業,09202,56.31,％
存貨率,22,塑膠製品製造業,09203,43.06,％
存貨率,22,塑膠製品製造業,09204,42.72,％
存貨率,22,塑膠製品製造業,09205,46.36,％
存貨率,22,塑膠製品製造業,09206,46.90,％
存貨率,22,塑膠製品製造業,09207,44.08,％
存貨率,22,塑膠製品製造業,09208,46.22,％
存貨率,22,塑膠製品製造業,09209,45.43,％
存貨率,22,塑膠製品製造業,09210,42.04,％
存貨率,22,塑膠製品製造業,09211,43.06,％
存貨率,22,塑膠製品製造業,09212,39.99,％
存貨率,22,塑膠製品製造業,09301,48.30,％
存貨率,22,塑膠製品製造業,09302,43.98,％
存貨率,22,塑膠製品製造業,09303,40.46,％
存貨率,22,塑膠製品製造業,09304,38.75,％
存貨率,22,塑膠製品製造業,09305,40.30,％
存貨率,22,塑膠製品製造業,09306,42.72,％
存貨率,22,塑膠製品製造業,09307,42.49,％
存貨率,22,塑膠製品製造業,09308,41.26,％
存貨率,22,塑膠製品製造業,09309,38.56,％
存貨率,22,塑膠製品製造業,09310,40.35,％
存貨率,22,塑膠製品製造業,09311,41.69,％
存貨率,22,塑膠製品製造業,09312,41.64,％
存貨率,22,塑膠製品製造業,09401,43.97,％
存貨率,22,塑膠製品製造業,09402,56.80,％
存貨率,22,塑膠製品製造業,09403,39.18,％
存貨率,22,塑膠製品製造業,09404,41.58,％
存貨率,22,塑膠製品製造業,09405,41.49,％
存貨率,22,塑膠製品製造業,09406,41.46,％
存貨率,22,塑膠製品製造業,09407,45.12,％
存貨率,22,塑膠製品製造業,09408,40.83,％
存貨率,22,塑膠製品製造業,09409,40.39,％
存貨率,22,塑膠製品製造業,09410,42.78,％
存貨率,22,塑膠製品製造業,09411,42.70,％
存貨率,22,塑膠製品製造業,09412,41.78,％
存貨率,22,塑膠製品製造業,09501,45.46,％
存貨率,22,塑膠製品製造業,09502,51.47,％
存貨率,22,塑膠製品製造業,09503,39.39,％
存貨率,22,塑膠製品製造業,09504,43.75,％
存貨率,22,塑膠製品製造業,09505,45.38,％
存貨率,22,塑膠製品製造業,09506,42.94,％
存貨率,22,塑膠製品製造業,09507,43.90,％
存貨率,22,塑膠製品製造業,09508,40.91,％
存貨率,22,塑膠製品製造業,09509,42.28,％
存貨率,22,塑膠製品製造業,09510,46.27,％
存貨率,22,塑膠製品製造業,09511,44.32,％
存貨率,22,塑膠製品製造業,09512,44.92,％
存貨率,22,塑膠製品製造業,09601,45.58,％
存貨率,22,塑膠製品製造業,09602,60.51,％
存貨率,22,塑膠製品製造業,09603,40.00,％
存貨率,22,塑膠製品製造業,09604,43.66,％
存貨率,22,塑膠製品製造業,09605,41.46,％
存貨率,22,塑膠製品製造業,09606,42.60,％
存貨率,22,塑膠製品製造業,09607,43.82,％
存貨率,22,塑膠製品製造業,09608,40.79,％
存貨率,22,塑膠製品製造業,09609,45.05,％
存貨率,22,塑膠製品製造業,09610,41.37,％
存貨率,22,塑膠製品製造業,09611,41.73,％
存貨率,22,塑膠製品製造業,09612,43.66,％
存貨率,22,塑膠製品製造業,09701,43.43,％
存貨率,22,塑膠製品製造業,09702,60.20,％
存貨率,22,塑膠製品製造業,09703,43.97,％
存貨率,22,塑膠製品製造業,09704,43.38,％
存貨率,22,塑膠製品製造業,09705,44.07,％
存貨率,22,塑膠製品製造業,09706,42.79,％
存貨率,22,塑膠製品製造業,09707,44.76,％
存貨率,22,塑膠製品製造業,09708,46.50,％
存貨率,22,塑膠製品製造業,09709,49.76,％
存貨率,22,塑膠製品製造業,09710,45.34,％
存貨率,22,塑膠製品製造業,09711,55.97,％
存貨率,22,塑膠製品製造業,09712,52.83,％
存貨率,22,塑膠製品製造業,09801,68.92,％
存貨率,22,塑膠製品製造業,09802,56.82,％
存貨率,22,塑膠製品製造業,09803,50.52,％
存貨率,22,塑膠製品製造業,09804,48.94,％
存貨率,22,塑膠製品製造業,09805,51.96,％
存貨率,22,塑膠製品製造業,09806,46.79,％
存貨率,22,塑膠製品製造業,09807,45.42,％
存貨率,22,塑膠製品製造業,09808,50.66,％
存貨率,22,塑膠製品製造業,09809,48.15,％
存貨率,22,塑膠製品製造業,09810,47.43,％
存貨率,22,塑膠製品製造業,09811,48.91,％
存貨率,22,塑膠製品製造業,09812,44.37,％
存貨率,22,塑膠製品製造業,09901,49.06,％
存貨率,22,塑膠製品製造業,09902,65.48,％
存貨率,22,塑膠製品製造業,09903,44.75,％
存貨率,22,塑膠製品製造業,09904,44.46,％
存貨率,22,塑膠製品製造業,09905,45.03,％
存貨率,22,塑膠製品製造業,09906,44.24,％
存貨率,22,塑膠製品製造業,09907,43.43,％
存貨率,22,塑膠製品製造業,09908,44.73,％
存貨率,22,塑膠製品製造業,09909,46.44,％
存貨率,22,塑膠製品製造業,09910,43.54,％
存貨率,22,塑膠製品製造業,09911,43.97,％
存貨率,22,塑膠製品製造業,09912,41.61,％
存貨率,22,塑膠製品製造業,10001,42.69,％
存貨率,22,塑膠製品製造業,10002,58.47,％
存貨率,22,塑膠製品製造業,10003,39.42,％
存貨率,22,塑膠製品製造業,10004,44.27,％
存貨率,22,塑膠製品製造業,10005,46.00,％
存貨率,22,塑膠製品製造業,10006,47.57,％
存貨率,22,塑膠製品製造業,10007,50.66,％
存貨率,22,塑膠製品製造業,10008,48.30,％
存貨率,22,塑膠製品製造業,10009,51.68,％
存貨率,22,塑膠製品製造業,10010,52.55,％
存貨率,22,塑膠製品製造業,10011,51.70,％
存貨率,22,塑膠製品製造業,10012,53.33,％
存貨率,22,塑膠製品製造業,10101,67.16,％
存貨率,22,塑膠製品製造業,10102,59.35,％
存貨率,22,塑膠製品製造業,10103,50.33,％
存貨率,22,塑膠製品製造業,10104,53.29,％
存貨率,22,塑膠製品製造業,10105,52.38,％
存貨率,22,塑膠製品製造業,10106,56.47,％
存貨率,22,塑膠製品製造業,10107,52.91,％
存貨率,22,塑膠製品製造業,10108,50.68,％
存貨率,22,塑膠製品製造業,10109,57.70,％
存貨率,22,塑膠製品製造業,10110,54.59,％
存貨率,22,塑膠製品製造業,10111,53.98,％
存貨率,22,塑膠製品製造業,10112,54.65,％
存貨率,22,塑膠製品製造業,10201,54.23,％
存貨率,22,塑膠製品製造業,10202,73.08,％
存貨率,22,塑膠製品製造業,10203,52.97,％
存貨率,22,塑膠製品製造業,10204,56.33,％
存貨率,22,塑膠製品製造業,10205,55.40,％
存貨率,22,塑膠製品製造業,10206,60.96,％
存貨率,22,塑膠製品製造業,10207,58.13,％
存貨率,22,塑膠製品製造業,10208,56.71,％
存貨率,22,塑膠製品製造業,10209,60.16,％
存貨率,22,塑膠製品製造業,10210,54.66,％
存貨率,22,塑膠製品製造業,10211,56.69,％
存貨率,22,塑膠製品製造業,10212,54.81,％
存貨率,22,塑膠製品製造業,10301,55.04,％
存貨率,22,塑膠製品製造業,10302,66.46,％
存貨率,22,塑膠製品製造業,10303,55.31,％
存貨率,22,塑膠製品製造業,10304,51.37,％
存貨率,22,塑膠製品製造業,10305,50.92,％
存貨率,22,塑膠製品製造業,10306,51.42,％
存貨率,22,塑膠製品製造業,10307,49.83,％
存貨率,22,塑膠製品製造業,10308,52.75,％
存貨率,22,塑膠製品製造業,10309,52.99,％
存貨率,22,塑膠製品製造業,10310,51.06,％
存貨率,22,塑膠製品製造業,10311,56.38,％
存貨率,22,塑膠製品製造業,10312,50.09,％
存貨率,22,塑膠製品製造業,10401,48.25,％
存貨率,22,塑膠製品製造業,10402,62.00,％
存貨率,22,塑膠製品製造業,10403,47.06,％
存貨率,22,塑膠製品製造業,10404,46.75,％
存貨率,22,塑膠製品製造業,10405,50.02,％
存貨率,22,塑膠製品製造業,10406,51.48,％
存貨率,22,塑膠製品製造業,10407,50.51,％
存貨率,22,塑膠製品製造業,10408,52.67,％
存貨率,22,塑膠製品製造業,10409,53.36,％
存貨率,22,塑膠製品製造業,10410,49.25,％
存貨率,22,塑膠製品製造業,10411,50.88,％
存貨率,22,塑膠製品製造業,10412,49.52,％
存貨率,22,塑膠製品製造業,10501,52.26,％
存貨率,22,塑膠製品製造業,10502,68.60,％
存貨率,22,塑膠製品製造業,10503,45.53,％
存貨率,22,塑膠製品製造業,10504,48.55,％
存貨率,22,塑膠製品製造業,10505,48.31,％
存貨率,22,塑膠製品製造業,10506,47.03,％
存貨率,22,塑膠製品製造業,10507,45.59,％
存貨率,22,塑膠製品製造業,10508,45.80,％
存貨率,22,塑膠製品製造業,10509,46.94,％
存貨率,22,塑膠製品製造業,10510,49.10,％
存貨率,22,塑膠製品製造業,10511,48.68,％
存貨率,22,塑膠製品製造業,10512,47.56,％
存貨率,22,塑膠製品製造業,10601,57.05,％
存貨率,22,塑膠製品製造業,10602,63.57,％
存貨率,22,塑膠製品製造業,10603,49.50,％
存貨率,22,塑膠製品製造業,10604,58.15,％
存貨率,22,塑膠製品製造業,10605,55.86,％
存貨率,22,塑膠製品製造業,10606,50.63,％
存貨率,22,塑膠製品製造業,10607,54.98,％
存貨率,22,塑膠製品製造業,10608,50.59,％
存貨率,22,塑膠製品製造業,10609,52.11,％
存貨率,22,塑膠製品製造業,10610,56.39,％
存貨率,22,塑膠製品製造業,10611,53.53,％
存貨率,22,塑膠製品製造業,10612,55.22,％
存貨率,22,塑膠製品製造業,10701,54.60,％
存貨率,22,塑膠製品製造業,10702,75.01,％
存貨率,22,塑膠製品製造業,10703,54.58,％
存貨率,22,塑膠製品製造業,10704,61.49,％
存貨率,22,塑膠製品製造業,10705,55.21,％
存貨率,22,塑膠製品製造業,10706,57.77,％
存貨率,22,塑膠製品製造業,10707,57.37,％
存貨率,22,塑膠製品製造業,10708,53.87,％
存貨率,22,塑膠製品製造業,10709,60.03,％
存貨率,22,塑膠製品製造業,10710,56.12,％
存貨率,22,塑膠製品製造業,10711,56.18,％
存貨率,22,塑膠製品製造業,10712,59.03,％
存貨率,22,塑膠製品製造業,10801,52.51,％
存貨率,22,塑膠製品製造業,10802,73.69,％
存貨率,22,塑膠製品製造業,10803,59.46,％
存貨率,22,塑膠製品製造業,10804,58.69,％
存貨率,22,塑膠製品製造業,10805,56.70,％
存貨率,22,塑膠製品製造業,10806,61.20,％
存貨率,22,塑膠製品製造業,10807,54.92,％
存貨率,22,塑膠製品製造業,10808,55.01,％
存貨率,22,塑膠製品製造業,10809,61.85,％
存貨率,22,塑膠製品製造業,10810,55.22,％
存貨率,22,塑膠製品製造業,10811,56.93,％
存貨率,22,塑膠製品製造業,10812,53.91,％
存貨率,22,塑膠製品製造業,10901,62.09,％
存貨率,22,塑膠製品製造業,10902,58.43,％
存貨率,22,塑膠製品製造業,10903,50.45,％
存貨率,22,塑膠製品製造業,10904,58.12,％
存貨率,22,塑膠製品製造業,10905,62.30,％
存貨率,22,塑膠製品製造業,10906,64.07,％
存貨率,22,塑膠製品製造業,10907,54.86,％
存貨率,22,塑膠製品製造業,10908,57.47,％
存貨率,22,塑膠製品製造業,10909,50.42,％
存貨率,22,塑膠製品製造業,10910,54.91,％
存貨率,22,塑膠製品製造業,10911,52.09,％
存貨率,22,塑膠製品製造業,10912,52.77,％
存貨率,22,塑膠製品製造業,11001,54.46,％
存貨率,22,塑膠製品製造業,11002,68.93,％
存貨率,22,塑膠製品製造業,11003,47.55,％
存貨率,22,塑膠製品製造業,11004,53.96,％
存貨率,22,塑膠製品製造業,11005,54.79,％
存貨率,22,塑膠製品製造業,11006,53.76,％
存貨率,22,塑膠製品製造業,11007,55.23,％
存貨率,22,塑膠製品製造業,11008,56.39,％
存貨率,22,塑膠製品製造業,11009,57.95,％
存貨率,22,塑膠製品製造業,11010,57.15,％
存貨率,22,塑膠製品製造業,11011,56.38,％
存貨率,22,塑膠製品製造業,11012,57.11,％
存貨率,22,塑膠製品製造業,11101,55.44,％
存貨率,22,塑膠製品製造業,11102,76.72,％
存貨率,22,塑膠製品製造業,11103,52.34,％
存貨率,22,塑膠製品製造業,11104,59.34,％
存貨率,22,塑膠製品製造業,11105,59.42,％
存貨率,22,塑膠製品製造業,11106,57.85,％
存貨率,22,塑膠製品製造業,11107,60.54,％
存貨率,22,塑膠製品製造業,11108,55.50,％
存貨率,22,塑膠製品製造業,11109,60.44,％
存貨率,22,塑膠製品製造業,11110,62.17,％
存貨率,22,塑膠製品製造業,11111,62.82,％
存貨率,22,塑膠製品製造業,11112,62.04,％
存貨率,22,塑膠製品製造業,11201,79.77,％
存貨率,22,塑膠製品製造業,11202,71.86,％
存貨率,22,塑膠製品製造業,11203,60.42,％
存貨率,22,塑膠製品製造業,11204,71.33,％
存貨率,22,塑膠製品製造業,11205,62.48,％
存貨率,22,塑膠製品製造業,11206,63.55,％
存貨率,22,塑膠製品製造業,11207,65.19,％
存貨率,22,塑膠製品製造業,11208,60.11,％
存貨率,22,塑膠製品製造業,11209,64.88,％
存貨率,22,塑膠製品製造業,11210,67.50,％
存貨率,22,塑膠製品製造業,11211,65.27,％
存貨率,22,塑膠製品製造業,11212,67.33,％
存貨率,22,塑膠製品製造業,11301,60.73,％
存貨率,22,塑膠製品製造業,11302,83.84,％
存貨率,22,塑膠製品製造業,11303,62.66,％
存貨率,22,塑膠製品製造業,11304,63.19,％
存貨率,22,塑膠製品製造業,11305,62.57,％
存貨率,22,塑膠製品製造業,11306,65.54,％
存貨率,22,塑膠製品製造業,11307,61.83,％
存貨率,22,塑膠製品製造業,11308,61.33,％
存貨率,22,塑膠製品製造業,11309,68.40,％
存貨率,22,塑膠製品製造業,11310,65.01,％
存貨率,22,塑膠製品製造業,11311,63.65,％
存貨率,22,塑膠製品製造業,11312,60.35,％
存貨率,22,塑膠製品製造業,11401,69.76,％
存貨率,22,塑膠製品製造業,11402,71.16,％
存貨率,22,塑膠製品製造業,11403,65.09,％
存貨率,22,塑膠製品製造業,11404,63.96,％
存貨率,22,塑膠製品製造業,11405,65.49,％
存貨率,22,塑膠製品製造業,11406,65.68,％
存貨率,22,塑膠製品製造業,11407,64.28,％
存貨率,22,塑膠製品製造業,11408,69.26,％
存貨率,22,塑膠製品製造業,11409,71.49,％
存貨率,22,塑膠製品製造業,11410,70.54,％
存貨率,22,塑膠製品製造業,11411,76.96,％
存貨率,22,塑膠製品製造業,11412,67.95,％
存貨率,22,塑膠製品製造業,11501,67.82,％
存貨率,22,塑膠製品製造業,11502,93.20,％
存貨率,22,塑膠製品製造業,11503,61.67,％
存貨率,22,塑膠製品製造業,11504,66.16,％
存貨率,22,塑膠製品製造業,11505,70.23,％
存貨率,22,塑膠製品製造業,11506,66.89,％
存貨率,I4,民生工業,07101,92.13,％
存貨率,I4,民生工業,07102,98.51,％
存貨率,I4,民生工業,07103,83.95,％
存貨率,I4,民生工業,07104,83.25,％
存貨率,I4,民生工業,07105,81.18,％
存貨率,I4,民生工業,07106,82.96,％
存貨率,I4,民生工業,07107,81.75,％
存貨率,I4,民生工業,07108,85.42,％
存貨率,I4,民生工業,07109,80.17,％
存貨率,I4,民生工業,07110,87.50,％
存貨率,I4,民生工業,07111,84.16,％
存貨率,I4,民生工業,07112,76.56,％
存貨率,I4,民生工業,07201,90.47,％
存貨率,I4,民生工業,07202,106.14,％
存貨率,I4,民生工業,07203,80.52,％
存貨率,I4,民生工業,07204,74.16,％
存貨率,I4,民生工業,07205,77.80,％
存貨率,I4,民生工業,07206,73.18,％
存貨率,I4,民生工業,07207,80.50,％
存貨率,I4,民生工業,07208,71.86,％
存貨率,I4,民生工業,07209,76.55,％
存貨率,I4,民生工業,07210,79.74,％
存貨率,I4,民生工業,07211,74.96,％
存貨率,I4,民生工業,07212,71.11,％
存貨率,I4,民生工業,07301,70.88,％
存貨率,I4,民生工業,07302,104.55,％
存貨率,I4,民生工業,07303,78.74,％
存貨率,I4,民生工業,07304,79.93,％
存貨率,I4,民生工業,07305,74.15,％
存貨率,I4,民生工業,07306,76.65,％
存貨率,I4,民生工業,07307,76.08,％
存貨率,I4,民生工業,07308,74.85,％
存貨率,I4,民生工業,07309,79.27,％
存貨率,I4,民生工業,07310,77.49,％
存貨率,I4,民生工業,07311,79.34,％
存貨率,I4,民生工業,07312,74.72,％
存貨率,I4,民生工業,07401,89.48,％
存貨率,I4,民生工業,07402,112.96,％
存貨率,I4,民生工業,07403,80.96,％
存貨率,I4,民生工業,07404,80.90,％
存貨率,I4,民生工業,07405,79.96,％
存貨率,I4,民生工業,07406,87.56,％
存貨率,I4,民生工業,07407,85.82,％
存貨率,I4,民生工業,07408,84.48,％
存貨率,I4,民生工業,07409,81.64,％
存貨率,I4,民生工業,07410,76.26,％
存貨率,I4,民生工業,07411,72.26,％
存貨率,I4,民生工業,07412,66.94,％
存貨率,I4,民生工業,07501,73.32,％
存貨率,I4,民生工業,07502,96.71,％
存貨率,I4,民生工業,07503,63.68,％
存貨率,I4,民生工業,07504,80.00,％
存貨率,I4,民生工業,07505,74.28,％
存貨率,I4,民生工業,07506,71.85,％
存貨率,I4,民生工業,07507,73.56,％
存貨率,I4,民生工業,07508,71.37,％
存貨率,I4,民生工業,07509,71.56,％
存貨率,I4,民生工業,07510,68.02,％
存貨率,I4,民生工業,07511,70.45,％
存貨率,I4,民生工業,07512,61.96,％
存貨率,I4,民生工業,07601,72.45,％
存貨率,I4,民生工業,07602,85.55,％
存貨率,I4,民生工業,07603,76.16,％
存貨率,I4,民生工業,07604,74.31,％
存貨率,I4,民生工業,07605,72.39,％
存貨率,I4,民生工業,07606,74.03,％
存貨率,I4,民生工業,07607,73.73,％
存貨率,I4,民生工業,07608,71.24,％
存貨率,I4,民生工業,07609,71.94,％
存貨率,I4,民生工業,07610,74.36,％
存貨率,I4,民生工業,07611,77.56,％
存貨率,I4,民生工業,07612,67.40,％
存貨率,I4,民生工業,07701,84.10,％
存貨率,I4,民生工業,07702,91.44,％
存貨率,I4,民生工業,07703,83.54,％
存貨率,I4,民生工業,07704,84.34,％
存貨率,I4,民生工業,07705,82.58,％
存貨率,I4,民生工業,07706,79.43,％
存貨率,I4,民生工業,07707,78.89,％
存貨率,I4,民生工業,07708,78.43,％
存貨率,I4,民生工業,07709,74.88,％
存貨率,I4,民生工業,07710,85.72,％
存貨率,I4,民生工業,07711,82.73,％
存貨率,I4,民生工業,07712,70.87,％
存貨率,I4,民生工業,07801,76.57,％
存貨率,I4,民生工業,07802,97.25,％
存貨率,I4,民生工業,07803,78.69,％
存貨率,I4,民生工業,07804,81.14,％
存貨率,I4,民生工業,07805,79.49,％
存貨率,I4,民生工業,07806,77.50,％
存貨率,I4,民生工業,07807,76.88,％
存貨率,I4,民生工業,07808,74.00,％
存貨率,I4,民生工業,07809,78.41,％
存貨率,I4,民生工業,07810,79.26,％
存貨率,I4,民生工業,07811,77.75,％
存貨率,I4,民生工業,07812,72.47,％
存貨率,I4,民生工業,07901,92.47,％
存貨率,I4,民生工業,07902,103.95,％
存貨率,I4,民生工業,07903,90.74,％
存貨率,I4,民生工業,07904,96.43,％
存貨率,I4,民生工業,07905,88.96,％
存貨率,I4,民生工業,07906,85.37,％
存貨率,I4,民生工業,07907,84.68,％
存貨率,I4,民生工業,07908,78.07,％
存貨率,I4,民生工業,07909,80.74,％
存貨率,I4,民生工業,07910,78.08,％
存貨率,I4,民生工業,07911,77.39,％
存貨率,I4,民生工業,07912,73.42,％
存貨率,I4,民生工業,08001,83.70,％
存貨率,I4,民生工業,08002,100.72,％
存貨率,I4,民生工業,08003,82.51,％
存貨率,I4,民生工業,08004,77.94,％
存貨率,I4,民生工業,08005,72.79,％
存貨率,I4,民生工業,08006,76.24,％
存貨率,I4,民生工業,08007,72.56,％
存貨率,I4,民生工業,08008,68.12,％
存貨率,I4,民生工業,08009,76.62,％
存貨率,I4,民生工業,08010,74.69,％
存貨率,I4,民生工業,08011,73.66,％
存貨率,I4,民生工業,08012,69.81,％
存貨率,I4,民生工業,08101,75.52,％
存貨率,I4,民生工業,08102,104.56,％
存貨率,I4,民生工業,08103,84.40,％
存貨率,I4,民生工業,08104,85.34,％
存貨率,I4,民生工業,08105,85.96,％
存貨率,I4,民生工業,08106,84.93,％
存貨率,I4,民生工業,08107,82.58,％
存貨率,I4,民生工業,08108,84.93,％
存貨率,I4,民生工業,08109,85.54,％
存貨率,I4,民生工業,08110,82.82,％
存貨率,I4,民生工業,08111,84.54,％
存貨率,I4,民生工業,08112,80.86,％
存貨率,I4,民生工業,08201,104.24,％
存貨率,I4,民生工業,08202,100.13,％
存貨率,I4,民生工業,08203,90.47,％
存貨率,I4,民生工業,08204,88.57,％
存貨率,I4,民生工業,08205,89.73,％
存貨率,I4,民生工業,08206,90.47,％
存貨率,I4,民生工業,08207,79.51,％
存貨率,I4,民生工業,08208,79.49,％
存貨率,I4,民生工業,08209,80.69,％
存貨率,I4,民生工業,08210,78.37,％
存貨率,I4,民生工業,08211,77.62,％
存貨率,I4,民生工業,08212,72.72,％
存貨率,I4,民生工業,08301,84.13,％
存貨率,I4,民生工業,08302,106.32,％
存貨率,I4,民生工業,08303,86.51,％
存貨率,I4,民生工業,08304,84.08,％
存貨率,I4,民生工業,08305,83.32,％
存貨率,I4,民生工業,08306,82.18,％
存貨率,I4,民生工業,08307,85.28,％
存貨率,I4,民生工業,08308,83.61,％
存貨率,I4,民生工業,08309,82.20,％
存貨率,I4,民生工業,08310,83.44,％
存貨率,I4,民生工業,08311,82.43,％
存貨率,I4,民生工業,08312,75.72,％
存貨率,I4,民生工業,08401,89.74,％
存貨率,I4,民生工業,08402,113.20,％
存貨率,I4,民生工業,08403,85.61,％
存貨率,I4,民生工業,08404,93.27,％
存貨率,I4,民生工業,08405,90.15,％
存貨率,I4,民生工業,08406,93.28,％
存貨率,I4,民生工業,08407,98.70,％
存貨率,I4,民生工業,08408,92.92,％
存貨率,I4,民生工業,08409,90.32,％
存貨率,I4,民生工業,08410,90.28,％
存貨率,I4,民生工業,08411,85.70,％
存貨率,I4,民生工業,08412,83.56,％
存貨率,I4,民生工業,08501,91.81,％
存貨率,I4,民生工業,08502,113.96,％
存貨率,I4,民生工業,08503,92.09,％
存貨率,I4,民生工業,08504,88.67,％
存貨率,I4,民生工業,08505,88.17,％
存貨率,I4,民生工業,08506,86.13,％
存貨率,I4,民生工業,08507,85.25,％
存貨率,I4,民生工業,08508,75.70,％
存貨率,I4,民生工業,08509,83.01,％
存貨率,I4,民生工業,08510,81.75,％
存貨率,I4,民生工業,08511,80.35,％
存貨率,I4,民生工業,08512,77.15,％
存貨率,I4,民生工業,08601,84.89,％
存貨率,I4,民生工業,08602,115.25,％
存貨率,I4,民生工業,08603,86.54,％
存貨率,I4,民生工業,08604,89.37,％
存貨率,I4,民生工業,08605,84.69,％
存貨率,I4,民生工業,08606,88.29,％
存貨率,I4,民生工業,08607,84.75,％
存貨率,I4,民生工業,08608,84.25,％
存貨率,I4,民生工業,08609,86.53,％
存貨率,I4,民生工業,08610,86.78,％
存貨率,I4,民生工業,08611,90.80,％
存貨率,I4,民生工業,08612,84.03,％
存貨率,I4,民生工業,08701,106.13,％
存貨率,I4,民生工業,08702,110.32,％
存貨率,I4,民生工業,08703,92.41,％
存貨率,I4,民生工業,08704,91.80,％
存貨率,I4,民生工業,08705,94.80,％
存貨率,I4,民生工業,08706,90.89,％
存貨率,I4,民生工業,08707,90.04,％
存貨率,I4,民生工業,08708,88.04,％
存貨率,I4,民生工業,08709,89.46,％
存貨率,I4,民生工業,08710,89.36,％
存貨率,I4,民生工業,08711,96.99,％
存貨率,I4,民生工業,08712,88.80,％
存貨率,I4,民生工業,08801,96.55,％
存貨率,I4,民生工業,08802,118.30,％
存貨率,I4,民生工業,08803,86.95,％
存貨率,I4,民生工業,08804,81.56,％
存貨率,I4,民生工業,08805,83.91,％
存貨率,I4,民生工業,08806,83.56,％
存貨率,I4,民生工業,08807,85.73,％
存貨率,I4,民生工業,08808,86.58,％
存貨率,I4,民生工業,08809,89.87,％
存貨率,I4,民生工業,08810,84.69,％
存貨率,I4,民生工業,08811,86.37,％
存貨率,I4,民生工業,08812,85.71,％
存貨率,I4,民生工業,08901,95.20,％
存貨率,I4,民生工業,08902,123.16,％
存貨率,I4,民生工業,08903,88.58,％
存貨率,I4,民生工業,08904,97.76,％
存貨率,I4,民生工業,08905,94.02,％
存貨率,I4,民生工業,08906,95.62,％
存貨率,I4,民生工業,08907,94.96,％
存貨率,I4,民生工業,08908,95.46,％
存貨率,I4,民生工業,08909,94.44,％
存貨率,I4,民生工業,08910,95.56,％
存貨率,I4,民生工業,08911,99.08,％
存貨率,I4,民生工業,08912,93.76,％
存貨率,I4,民生工業,09001,112.51,％
存貨率,I4,民生工業,09002,113.19,％
存貨率,I4,民生工業,09003,98.63,％
存貨率,I4,民生工業,09004,102.25,％
存貨率,I4,民生工業,09005,98.87,％
存貨率,I4,民生工業,09006,101.43,％
存貨率,I4,民生工業,09007,103.09,％
存貨率,I4,民生工業,09008,92.83,％
存貨率,I4,民生工業,09009,105.38,％
存貨率,I4,民生工業,09010,100.03,％
存貨率,I4,民生工業,09011,99.33,％
存貨率,I4,民生工業,09012,97.03,％
存貨率,I4,民生工業,09101,109.04,％
存貨率,I4,民生工業,09102,127.50,％
存貨率,I4,民生工業,09103,98.46,％
存貨率,I4,民生工業,09104,91.19,％
存貨率,I4,民生工業,09105,92.05,％
存貨率,I4,民生工業,09106,100.37,％
存貨率,I4,民生工業,09107,94.00,％
存貨率,I4,民生工業,09108,89.63,％
存貨率,I4,民生工業,09109,98.98,％
存貨率,I4,民生工業,09110,96.36,％
存貨率,I4,民生工業,09111,101.04,％
存貨率,I4,民生工業,09112,95.44,％
存貨率,I4,民生工業,09201,94.64,％
存貨率,I4,民生工業,09202,124.59,％
存貨率,I4,民生工業,09203,100.71,％
存貨率,I4,民生工業,09204,101.52,％
存貨率,I4,民生工業,09205,101.64,％
存貨率,I4,民生工業,09206,103.77,％
存貨率,I4,民生工業,09207,95.17,％
存貨率,I4,民生工業,09208,96.59,％
存貨率,I4,民生工業,09209,96.75,％
存貨率,I4,民生工業,09210,90.61,％
存貨率,I4,民生工業,09211,100.59,％
存貨率,I4,民生工業,09212,91.17,％
存貨率,I4,民生工業,09301,106.02,％
存貨率,I4,民生工業,09302,107.50,％
存貨率,I4,民生工業,09303,98.42,％
存貨率,I4,民生工業,09304,94.22,％
存貨率,I4,民生工業,09305,99.04,％
存貨率,I4,民生工業,09306,96.28,％
存貨率,I4,民生工業,09307,96.10,％
存貨率,I4,民生工業,09308,91.97,％
存貨率,I4,民生工業,09309,94.91,％
存貨率,I4,民生工業,09310,98.48,％
存貨率,I4,民生工業,09311,99.50,％
存貨率,I4,民生工業,09312,96.65,％
存貨率,I4,民生工業,09401,100.35,％
存貨率,I4,民生工業,09402,131.41,％
存貨率,I4,民生工業,09403,99.31,％
存貨率,I4,民生工業,09404,106.38,％
存貨率,I4,民生工業,09405,107.11,％
存貨率,I4,民生工業,09406,104.25,％
存貨率,I4,民生工業,09407,107.15,％
存貨率,I4,民生工業,09408,100.94,％
存貨率,I4,民生工業,09409,100.36,％
存貨率,I4,民生工業,09410,102.63,％
存貨率,I4,民生工業,09411,105.25,％
存貨率,I4,民生工業,09412,97.81,％
存貨率,I4,民生工業,09501,97.05,％
存貨率,I4,民生工業,09502,118.33,％
存貨率,I4,民生工業,09503,95.31,％
存貨率,I4,民生工業,09504,100.21,％
存貨率,I4,民生工業,09505,96.58,％
存貨率,I4,民生工業,09506,96.06,％
存貨率,I4,民生工業,09507,96.51,％
存貨率,I4,民生工業,09508,91.07,％
存貨率,I4,民生工業,09509,95.63,％
存貨率,I4,民生工業,09510,96.41,％
存貨率,I4,民生工業,09511,97.22,％
存貨率,I4,民生工業,09512,94.29,％
存貨率,I4,民生工業,09601,93.66,％
存貨率,I4,民生工業,09602,114.02,％
存貨率,I4,民生工業,09603,90.51,％
存貨率,I4,民生工業,09604,90.29,％
存貨率,I4,民生工業,09605,86.39,％
存貨率,I4,民生工業,09606,91.92,％
存貨率,I4,民生工業,09607,88.63,％
存貨率,I4,民生工業,09608,83.34,％
存貨率,I4,民生工業,09609,93.41,％
存貨率,I4,民生工業,09610,88.57,％
存貨率,I4,民生工業,09611,88.50,％
存貨率,I4,民生工業,09612,87.79,％
存貨率,I4,民生工業,09701,85.85,％
存貨率,I4,民生工業,09702,107.23,％
存貨率,I4,民生工業,09703,89.54,％
存貨率,I4,民生工業,09704,91.79,％
存貨率,I4,民生工業,09705,90.96,％
存貨率,I4,民生工業,09706,95.44,％
存貨率,I4,民生工業,09707,94.17,％
存貨率,I4,民生工業,09708,98.55,％
存貨率,I4,民生工業,09709,105.69,％
存貨率,I4,民生工業,09710,103.01,％
存貨率,I4,民生工業,09711,120.46,％
存貨率,I4,民生工業,09712,106.97,％
存貨率,I4,民生工業,09801,120.54,％
存貨率,I4,民生工業,09802,119.51,％
存貨率,I4,民生工業,09803,105.75,％
存貨率,I4,民生工業,09804,102.26,％
存貨率,I4,民生工業,09805,101.51,％
存貨率,I4,民生工業,09806,96.44,％
存貨率,I4,民生工業,09807,95.24,％
存貨率,I4,民生工業,09808,91.68,％
存貨率,I4,民生工業,09809,90.82,％
存貨率,I4,民生工業,09810,92.24,％
存貨率,I4,民生工業,09811,95.34,％
存貨率,I4,民生工業,09812,78.93,％
存貨率,I4,民生工業,09901,89.84,％
存貨率,I4,民生工業,09902,102.66,％
存貨率,I4,民生工業,09903,80.32,％
存貨率,I4,民生工業,09904,78.13,％
存貨率,I4,民生工業,09905,79.93,％
存貨率,I4,民生工業,09906,79.47,％
存貨率,I4,民生工業,09907,78.31,％
存貨率,I4,民生工業,09908,82.86,％
存貨率,I4,民生工業,09909,86.18,％
存貨率,I4,民生工業,09910,84.04,％
存貨率,I4,民生工業,09911,83.35,％
存貨率,I4,民生工業,09912,74.93,％
存貨率,I4,民生工業,10001,76.08,％
存貨率,I4,民生工業,10002,109.19,％
存貨率,I4,民生工業,10003,81.21,％
存貨率,I4,民生工業,10004,86.80,％
存貨率,I4,民生工業,10005,87.73,％
存貨率,I4,民生工業,10006,87.26,％
存貨率,I4,民生工業,10007,90.54,％
存貨率,I4,民生工業,10008,88.24,％
存貨率,I4,民生工業,10009,89.07,％
存貨率,I4,民生工業,10010,92.58,％
存貨率,I4,民生工業,10011,95.53,％
存貨率,I4,民生工業,10012,91.82,％
存貨率,I4,民生工業,10101,99.46,％
存貨率,I4,民生工業,10102,102.22,％
存貨率,I4,民生工業,10103,89.95,％
存貨率,I4,民生工業,10104,94.14,％
存貨率,I4,民生工業,10105,95.90,％
存貨率,I4,民生工業,10106,98.06,％
存貨率,I4,民生工業,10107,95.10,％
存貨率,I4,民生工業,10108,89.10,％
存貨率,I4,民生工業,10109,94.61,％
存貨率,I4,民生工業,10110,95.68,％
存貨率,I4,民生工業,10111,96.43,％
存貨率,I4,民生工業,10112,98.37,％
存貨率,I4,民生工業,10201,94.05,％
存貨率,I4,民生工業,10202,125.95,％
存貨率,I4,民生工業,10203,97.35,％
存貨率,I4,民生工業,10204,101.24,％
存貨率,I4,民生工業,10205,96.10,％
存貨率,I4,民生工業,10206,103.14,％
存貨率,I4,民生工業,10207,98.21,％
存貨率,I4,民生工業,10208,94.48,％
存貨率,I4,民生工業,10209,98.75,％
存貨率,I4,民生工業,10210,96.81,％
存貨率,I4,民生工業,10211,101.65,％
存貨率,I4,民生工業,10212,96.27,％
存貨率,I4,民生工業,10301,95.70,％
存貨率,I4,民生工業,10302,122.54,％
存貨率,I4,民生工業,10303,99.48,％
存貨率,I4,民生工業,10304,95.93,％
存貨率,I4,民生工業,10305,95.80,％
存貨率,I4,民生工業,10306,99.80,％
存貨率,I4,民生工業,10307,92.52,％
存貨率,I4,民生工業,10308,96.05,％
存貨率,I4,民生工業,10309,97.20,％
存貨率,I4,民生工業,10310,93.74,％
存貨率,I4,民生工業,10311,103.20,％
存貨率,I4,民生工業,10312,91.99,％
存貨率,I4,民生工業,10401,97.23,％
存貨率,I4,民生工業,10402,119.35,％
存貨率,I4,民生工業,10403,100.53,％
存貨率,I4,民生工業,10404,102.55,％
存貨率,I4,民生工業,10405,104.95,％
存貨率,I4,民生工業,10406,102.11,％
存貨率,I4,民生工業,10407,99.62,％
存貨率,I4,民生工業,10408,104.25,％
存貨率,I4,民生工業,10409,103.37,％
存貨率,I4,民生工業,10410,101.39,％
存貨率,I4,民生工業,10411,110.17,％
存貨率,I4,民生工業,10412,99.72,％
存貨率,I4,民生工業,10501,105.94,％
存貨率,I4,民生工業,10502,135.33,％
存貨率,I4,民生工業,10503,101.63,％
存貨率,I4,民生工業,10504,109.05,％
存貨率,I4,民生工業,10505,105.37,％
存貨率,I4,民生工業,10506,104.45,％
存貨率,I4,民生工業,10507,105.34,％
存貨率,I4,民生工業,10508,100.79,％
存貨率,I4,民生工業,10509,106.11,％
存貨率,I4,民生工業,10510,105.78,％
存貨率,I4,民生工業,10511,108.90,％
存貨率,I4,民生工業,10512,103.16,％
存貨率,I4,民生工業,10601,108.56,％
存貨率,I4,民生工業,10602,131.37,％
存貨率,I4,民生工業,10603,102.23,％
存貨率,I4,民生工業,10604,114.98,％
存貨率,I4,民生工業,10605,103.08,％
存貨率,I4,民生工業,10606,102.25,％
存貨率,I4,民生工業,10607,111.30,％
存貨率,I4,民生工業,10608,103.15,％
存貨率,I4,民生工業,10609,108.49,％
存貨率,I4,民生工業,10610,114.45,％
存貨率,I4,民生工業,10611,112.97,％
存貨率,I4,民生工業,10612,105.22,％
存貨率,I4,民生工業,10701,104.19,％
存貨率,I4,民生工業,10702,133.22,％
存貨率,I4,民生工業,10703,99.64,％
存貨率,I4,民生工業,10704,114.30,％
存貨率,I4,民生工業,10705,102.12,％
存貨率,I4,民生工業,10706,103.89,％
存貨率,I4,民生工業,10707,104.12,％
存貨率,I4,民生工業,10708,96.68,％
存貨率,I4,民生工業,10709,107.45,％
存貨率,I4,民生工業,10710,103.65,％
存貨率,I4,民生工業,10711,106.27,％
存貨率,I4,民生工業,10712,96.65,％
存貨率,I4,民生工業,10801,89.45,％
存貨率,I4,民生工業,10802,137.67,％
存貨率,I4,民生工業,10803,105.74,％
存貨率,I4,民生工業,10804,108.19,％
存貨率,I4,民生工業,10805,103.35,％
存貨率,I4,民生工業,10806,111.53,％
存貨率,I4,民生工業,10807,103.96,％
存貨率,I4,民生工業,10808,101.62,％
存貨率,I4,民生工業,10809,106.33,％
存貨率,I4,民生工業,10810,101.83,％
存貨率,I4,民生工業,10811,106.85,％
存貨率,I4,民生工業,10812,94.80,％
存貨率,I4,民生工業,10901,104.26,％
存貨率,I4,民生工業,10902,112.16,％
存貨率,I4,民生工業,10903,99.06,％
存貨率,I4,民生工業,10904,115.58,％
存貨率,I4,民生工業,10905,115.95,％
存貨率,I4,民生工業,10906,109.65,％
存貨率,I4,民生工業,10907,99.08,％
存貨率,I4,民生工業,10908,100.15,％
存貨率,I4,民生工業,10909,90.34,％
存貨率,I4,民生工業,10910,99.82,％
存貨率,I4,民生工業,10911,95.63,％
存貨率,I4,民生工業,10912,86.49,％
存貨率,I4,民生工業,11001,83.62,％
存貨率,I4,民生工業,11002,106.96,％
存貨率,I4,民生工業,11003,81.83,％
存貨率,I4,民生工業,11004,89.03,％
存貨率,I4,民生工業,11005,86.42,％
存貨率,I4,民生工業,11006,91.41,％
存貨率,I4,民生工業,11007,90.54,％
存貨率,I4,民生工業,11008,89.39,％
存貨率,I4,民生工業,11009,91.73,％
存貨率,I4,民生工業,11010,90.96,％
存貨率,I4,民生工業,11011,86.39,％
存貨率,I4,民生工業,11012,83.72,％
存貨率,I4,民生工業,11101,84.91,％
存貨率,I4,民生工業,11102,121.58,％
存貨率,I4,民生工業,11103,88.14,％
存貨率,I4,民生工業,11104,98.97,％
存貨率,I4,民生工業,11105,100.26,％
存貨率,I4,民生工業,11106,100.56,％
存貨率,I4,民生工業,11107,98.35,％
存貨率,I4,民生工業,11108,97.30,％
存貨率,I4,民生工業,11109,104.20,％
存貨率,I4,民生工業,11110,112.08,％
存貨率,I4,民生工業,11111,106.71,％
存貨率,I4,民生工業,11112,99.76,％
存貨率,I4,民生工業,11201,118.09,％
存貨率,I4,民生工業,11202,122.22,％
存貨率,I4,民生工業,11203,99.72,％
存貨率,I4,民生工業,11204,119.78,％
存貨率,I4,民生工業,11205,105.89,％
存貨率,I4,民生工業,11206,108.19,％
存貨率,I4,民生工業,11207,108.33,％
存貨率,I4,民生工業,11208,103.77,％
存貨率,I4,民生工業,11209,106.90,％
存貨率,I4,民生工業,11210,111.90,％
存貨率,I4,民生工業,11211,106.95,％
存貨率,I4,民生工業,11212,99.06,％
存貨率,I4,民生工業,11301,97.93,％
存貨率,I4,民生工業,11302,127.58,％
存貨率,I4,民生工業,11303,104.22,％
存貨率,I4,民生工業,11304,107.27,％
存貨率,I4,民生工業,11305,101.49,％
存貨率,I4,民生工業,11306,109.90,％
存貨率,I4,民生工業,11307,101.33,％
存貨率,I4,民生工業,11308,97.50,％
存貨率,I4,民生工業,11309,107.57,％
存貨率,I4,民生工業,11310,106.28,％
存貨率,I4,民生工業,11311,106.09,％
存貨率,I4,民生工業,11312,100.35,％
存貨率,I4,民生工業,11401,110.80,％
存貨率,I4,民生工業,11402,122.56,％
存貨率,I4,民生工業,11403,109.65,％
存貨率,I4,民生工業,11404,110.82,％
存貨率,I4,民生工業,11405,108.99,％
存貨率,I4,民生工業,11406,112.75,％
存貨率,I4,民生工業,11407,108.56,％
存貨率,I4,民生工業,11408,108.47,％
存貨率,I4,民生工業,11409,107.55,％
存貨率,I4,民生工業,11410,111.29,％
存貨率,I4,民生工業,11411,113.54,％
存貨率,I4,民生工業,11412,101.01,％
存貨率,I4,民生工業,11501,100.89,％
存貨率,I4,民生工業,11502,132.57,％
存貨率,I4,民生工業,11503,100.01,％
存貨率,I4,民生工業,11504,105.14,％
存貨率,I4,民生工業,11505,108.25,％
存貨率,I4,民生工業,11506,110.23,％
存貨率,08,食品及飼品製造業,07101,96.72,％
存貨率,08,食品及飼品製造業,07102,101.09,％
存貨率,08,食品及飼品製造業,07103,97.94,％
存貨率,08,食品及飼品製造業,07104,108.40,％
存貨率,08,食品及飼品製造業,07105,101.30,％
存貨率,08,食品及飼品製造業,07106,98.75,％
存貨率,08,食品及飼品製造業,07107,86.59,％
存貨率,08,食品及飼品製造業,07108,92.41,％
存貨率,08,食品及飼品製造業,07109,77.35,％
存貨率,08,食品及飼品製造業,07110,73.57,％
存貨率,08,食品及飼品製造業,07111,68.29,％
存貨率,08,食品及飼品製造業,07112,69.52,％
存貨率,08,食品及飼品製造業,07201,74.76,％
存貨率,08,食品及飼品製造業,07202,83.83,％
存貨率,08,食品及飼品製造業,07203,86.21,％
存貨率,08,食品及飼品製造業,07204,92.07,％
存貨率,08,食品及飼品製造業,07205,110.70,％
存貨率,08,食品及飼品製造業,07206,84.87,％
存貨率,08,食品及飼品製造業,07207,92.96,％
存貨率,08,食品及飼品製造業,07208,68.12,％
存貨率,08,食品及飼品製造業,07209,73.15,％
存貨率,08,食品及飼品製造業,07210,70.84,％
存貨率,08,食品及飼品製造業,07211,68.84,％
存貨率,08,食品及飼品製造業,07212,72.16,％
存貨率,08,食品及飼品製造業,07301,82.46,％
存貨率,08,食品及飼品製造業,07302,117.90,％
存貨率,08,食品及飼品製造業,07303,113.71,％
存貨率,08,食品及飼品製造業,07304,130.06,％
存貨率,08,食品及飼品製造業,07305,124.42,％
存貨率,08,食品及飼品製造業,07306,112.23,％
存貨率,08,食品及飼品製造業,07307,94.66,％
存貨率,08,食品及飼品製造業,07308,86.76,％
存貨率,08,食品及飼品製造業,07309,82.75,％
存貨率,08,食品及飼品製造業,07310,72.87,％
存貨率,08,食品及飼品製造業,07311,71.49,％
存貨率,08,食品及飼品製造業,07312,80.49,％
存貨率,08,食品及飼品製造業,07401,95.05,％
存貨率,08,食品及飼品製造業,07402,133.58,％
存貨率,08,食品及飼品製造業,07403,102.47,％
存貨率,08,食品及飼品製造業,07404,102.88,％
存貨率,08,食品及飼品製造業,07405,102.01,％
存貨率,08,食品及飼品製造業,07406,113.20,％
存貨率,08,食品及飼品製造業,07407,100.70,％
存貨率,08,食品及飼品製造業,07408,93.05,％
存貨率,08,食品及飼品製造業,07409,85.92,％
存貨率,08,食品及飼品製造業,07410,79.46,％
存貨率,08,食品及飼品製造業,07411,72.07,％
存貨率,08,食品及飼品製造業,07412,82.16,％
存貨率,08,食品及飼品製造業,07501,94.67,％
存貨率,08,食品及飼品製造業,07502,115.50,％
存貨率,08,食品及飼品製造業,07503,76.47,％
存貨率,08,食品及飼品製造業,07504,146.67,％
存貨率,08,食品及飼品製造業,07505,109.82,％
存貨率,08,食品及飼品製造業,07506,110.08,％
存貨率,08,食品及飼品製造業,07507,101.77,％
存貨率,08,食品及飼品製造業,07508,95.39,％
存貨率,08,食品及飼品製造業,07509,83.28,％
存貨率,08,食品及飼品製造業,07510,83.39,％
存貨率,08,食品及飼品製造業,07511,77.44,％
存貨率,08,食品及飼品製造業,07512,71.46,％
存貨率,08,食品及飼品製造業,07601,83.90,％
存貨率,08,食品及飼品製造業,07602,119.16,％
存貨率,08,食品及飼品製造業,07603,124.58,％
存貨率,08,食品及飼品製造業,07604,123.58,％
存貨率,08,食品及飼品製造業,07605,116.46,％
存貨率,08,食品及飼品製造業,07606,106.70,％
存貨率,08,食品及飼品製造業,07607,98.79,％
存貨率,08,食品及飼品製造業,07608,88.16,％
存貨率,08,食品及飼品製造業,07609,78.13,％
存貨率,08,食品及飼品製造業,07610,76.08,％
存貨率,08,食品及飼品製造業,07611,75.98,％
存貨率,08,食品及飼品製造業,07612,79.14,％
存貨率,08,食品及飼品製造業,07701,99.77,％
存貨率,08,食品及飼品製造業,07702,113.49,％
存貨率,08,食品及飼品製造業,07703,132.78,％
存貨率,08,食品及飼品製造業,07704,149.37,％
存貨率,08,食品及飼品製造業,07705,146.11,％
存貨率,08,食品及飼品製造業,07706,112.45,％
存貨率,08,食品及飼品製造業,07707,108.46,％
存貨率,08,食品及飼品製造業,07708,95.59,％
存貨率,08,食品及飼品製造業,07709,88.51,％
存貨率,08,食品及飼品製造業,07710,88.02,％
存貨率,08,食品及飼品製造業,07711,72.56,％
存貨率,08,食品及飼品製造業,07712,75.30,％
存貨率,08,食品及飼品製造業,07801,96.62,％
存貨率,08,食品及飼品製造業,07802,125.63,％
存貨率,08,食品及飼品製造業,07803,139.35,％
存貨率,08,食品及飼品製造業,07804,147.04,％
存貨率,08,食品及飼品製造業,07805,140.89,％
存貨率,08,食品及飼品製造業,07806,132.07,％
存貨率,08,食品及飼品製造業,07807,116.76,％
存貨率,08,食品及飼品製造業,07808,104.86,％
存貨率,08,食品及飼品製造業,07809,94.34,％
存貨率,08,食品及飼品製造業,07810,88.73,％
存貨率,08,食品及飼品製造業,07811,81.44,％
存貨率,08,食品及飼品製造業,07812,81.39,％
存貨率,08,食品及飼品製造業,07901,90.50,％
存貨率,08,食品及飼品製造業,07902,124.24,％
存貨率,08,食品及飼品製造業,07903,124.52,％
存貨率,08,食品及飼品製造業,07904,126.17,％
存貨率,08,食品及飼品製造業,07905,118.14,％
存貨率,08,食品及飼品製造業,07906,113.34,％
存貨率,08,食品及飼品製造業,07907,101.51,％
存貨率,08,食品及飼品製造業,07908,81.52,％
存貨率,08,食品及飼品製造業,07909,81.85,％
存貨率,08,食品及飼品製造業,07910,78.65,％
存貨率,08,食品及飼品製造業,07911,77.43,％
存貨率,08,食品及飼品製造業,07912,80.27,％
存貨率,08,食品及飼品製造業,08001,84.51,％
存貨率,08,食品及飼品製造業,08002,102.52,％
存貨率,08,食品及飼品製造業,08003,101.83,％
存貨率,08,食品及飼品製造業,08004,91.16,％
存貨率,08,食品及飼品製造業,08005,88.55,％
存貨率,08,食品及飼品製造業,08006,93.36,％
存貨率,08,食品及飼品製造業,08007,75.60,％
存貨率,08,食品及飼品製造業,08008,63.21,％
存貨率,08,食品及飼品製造業,08009,65.33,％
存貨率,08,食品及飼品製造業,08010,62.59,％
存貨率,08,食品及飼品製造業,08011,56.53,％
存貨率,08,食品及飼品製造業,08012,61.15,％
存貨率,08,食品及飼品製造業,08101,60.19,％
存貨率,08,食品及飼品製造業,08102,95.10,％
存貨率,08,食品及飼品製造業,08103,93.57,％
存貨率,08,食品及飼品製造業,08104,102.14,％
存貨率,08,食品及飼品製造業,08105,101.62,％
存貨率,08,食品及飼品製造業,08106,95.07,％
存貨率,08,食品及飼品製造業,08107,82.78,％
存貨率,08,食品及飼品製造業,08108,84.01,％
存貨率,08,食品及飼品製造業,08109,74.74,％
存貨率,08,食品及飼品製造業,08110,70.80,％
存貨率,08,食品及飼品製造業,08111,69.56,％
存貨率,08,食品及飼品製造業,08112,73.35,％
存貨率,08,食品及飼品製造業,08201,85.50,％
存貨率,08,食品及飼品製造業,08202,111.31,％
存貨率,08,食品及飼品製造業,08203,103.76,％
存貨率,08,食品及飼品製造業,08204,97.43,％
存貨率,08,食品及飼品製造業,08205,105.70,％
存貨率,08,食品及飼品製造業,08206,99.65,％
存貨率,08,食品及飼品製造業,08207,82.85,％
存貨率,08,食品及飼品製造業,08208,80.16,％
存貨率,08,食品及飼品製造業,08209,75.39,％
存貨率,08,食品及飼品製造業,08210,75.95,％
存貨率,08,食品及飼品製造業,08211,68.13,％
存貨率,08,食品及飼品製造業,08212,65.47,％
存貨率,08,食品及飼品製造業,08301,88.98,％
存貨率,08,食品及飼品製造業,08302,111.89,％
存貨率,08,食品及飼品製造業,08303,107.97,％
存貨率,08,食品及飼品製造業,08304,109.42,％
存貨率,08,食品及飼品製造業,08305,111.30,％
存貨率,08,食品及飼品製造業,08306,105.17,％
存貨率,08,食品及飼品製造業,08307,95.92,％
存貨率,08,食品及飼品製造業,08308,83.78,％
存貨率,08,食品及飼品製造業,08309,78.42,％
存貨率,08,食品及飼品製造業,08310,77.97,％
存貨率,08,食品及飼品製造業,08311,80.49,％
存貨率,08,食品及飼品製造業,08312,77.42,％
存貨率,08,食品及飼品製造業,08401,94.38,％
存貨率,08,食品及飼品製造業,08402,129.40,％
存貨率,08,食品及飼品製造業,08403,101.73,％
存貨率,08,食品及飼品製造業,08404,107.27,％
存貨率,08,食品及飼品製造業,08405,96.29,％
存貨率,08,食品及飼品製造業,08406,99.40,％
存貨率,08,食品及飼品製造業,08407,92.72,％
存貨率,08,食品及飼品製造業,08408,81.59,％
存貨率,08,食品及飼品製造業,08409,81.90,％
存貨率,08,食品及飼品製造業,08410,81.83,％
存貨率,08,食品及飼品製造業,08411,72.35,％
存貨率,08,食品及飼品製造業,08412,73.67,％
存貨率,08,食品及飼品製造業,08501,77.14,％
存貨率,08,食品及飼品製造業,08502,90.09,％
存貨率,08,食品及飼品製造業,08503,83.73,％
存貨率,08,食品及飼品製造業,08504,85.43,％
存貨率,08,食品及飼品製造業,08505,88.21,％
存貨率,08,食品及飼品製造業,08506,83.52,％
存貨率,08,食品及飼品製造業,08507,71.21,％
存貨率,08,食品及飼品製造業,08508,56.03,％
存貨率,08,食品及飼品製造業,08509,61.86,％
存貨率,08,食品及飼品製造業,08510,60.03,％
存貨率,08,食品及飼品製造業,08511,54.27,％
存貨率,08,食品及飼品製造業,08512,54.17,％
存貨率,08,食品及飼品製造業,08601,77.32,％
存貨率,08,食品及飼品製造業,08602,106.82,％
存貨率,08,食品及飼品製造業,08603,92.54,％
存貨率,08,食品及飼品製造業,08604,104.83,％
存貨率,08,食品及飼品製造業,08605,99.87,％
存貨率,08,食品及飼品製造業,08606,103.39,％
存貨率,08,食品及飼品製造業,08607,85.97,％
存貨率,08,食品及飼品製造業,08608,79.59,％
存貨率,08,食品及飼品製造業,08609,82.19,％
存貨率,08,食品及飼品製造業,08610,82.33,％
存貨率,08,食品及飼品製造業,08611,84.55,％
存貨率,08,食品及飼品製造業,08612,82.38,％
存貨率,08,食品及飼品製造業,08701,86.63,％
存貨率,08,食品及飼品製造業,08702,107.47,％
存貨率,08,食品及飼品製造業,08703,95.44,％
存貨率,08,食品及飼品製造業,08704,102.08,％
存貨率,08,食品及飼品製造業,08705,102.05,％
存貨率,08,食品及飼品製造業,08706,92.62,％
存貨率,08,食品及飼品製造業,08707,89.20,％
存貨率,08,食品及飼品製造業,08708,79.94,％
存貨率,08,食品及飼品製造業,08709,80.81,％
存貨率,08,食品及飼品製造業,08710,78.61,％
存貨率,08,食品及飼品製造業,08711,89.46,％
存貨率,08,食品及飼品製造業,08712,80.00,％
存貨率,08,食品及飼品製造業,08801,80.96,％
存貨率,08,食品及飼品製造業,08802,94.83,％
存貨率,08,食品及飼品製造業,08803,88.73,％
存貨率,08,食品及飼品製造業,08804,90.98,％
存貨率,08,食品及飼品製造業,08805,88.37,％
存貨率,08,食品及飼品製造業,08806,84.50,％
存貨率,08,食品及飼品製造業,08807,70.43,％
存貨率,08,食品及飼品製造業,08808,65.78,％
存貨率,08,食品及飼品製造業,08809,71.56,％
存貨率,08,食品及飼品製造業,08810,73.60,％
存貨率,08,食品及飼品製造業,08811,74.60,％
存貨率,08,食品及飼品製造業,08812,70.28,％
存貨率,08,食品及飼品製造業,08901,68.96,％
存貨率,08,食品及飼品製造業,08902,99.94,％
存貨率,08,食品及飼品製造業,08903,83.73,％
存貨率,08,食品及飼品製造業,08904,84.67,％
存貨率,08,食品及飼品製造業,08905,79.59,％
存貨率,08,食品及飼品製造業,08906,84.55,％
存貨率,08,食品及飼品製造業,08907,67.73,％
存貨率,08,食品及飼品製造業,08908,62.60,％
存貨率,08,食品及飼品製造業,08909,62.97,％
存貨率,08,食品及飼品製造業,08910,61.73,％
存貨率,08,食品及飼品製造業,08911,63.65,％
存貨率,08,食品及飼品製造業,08912,63.61,％
存貨率,08,食品及飼品製造業,09001,63.50,％
存貨率,08,食品及飼品製造業,09002,81.68,％
存貨率,08,食品及飼品製造業,09003,76.40,％
存貨率,08,食品及飼品製造業,09004,75.13,％
存貨率,08,食品及飼品製造業,09005,70.39,％
存貨率,08,食品及飼品製造業,09006,66.65,％
存貨率,08,食品及飼品製造業,09007,58.89,％
存貨率,08,食品及飼品製造業,09008,50.73,％
存貨率,08,食品及飼品製造業,09009,58.76,％
存貨率,08,食品及飼品製造業,09010,63.00,％
存貨率,08,食品及飼品製造業,09011,57.25,％
存貨率,08,食品及飼品製造業,09012,56.68,％
存貨率,08,食品及飼品製造業,09101,55.54,％
存貨率,08,食品及飼品製造業,09102,68.69,％
存貨率,08,食品及飼品製造業,09103,61.80,％
存貨率,08,食品及飼品製造業,09104,60.33,％
存貨率,08,食品及飼品製造業,09105,61.62,％
存貨率,08,食品及飼品製造業,09106,59.41,％
存貨率,08,食品及飼品製造業,09107,53.93,％
存貨率,08,食品及飼品製造業,09108,53.09,％
存貨率,08,食品及飼品製造業,09109,58.54,％
存貨率,08,食品及飼品製造業,09110,58.74,％
存貨率,08,食品及飼品製造業,09111,59.49,％
存貨率,08,食品及飼品製造業,09112,57.55,％
存貨率,08,食品及飼品製造業,09201,48.25,％
存貨率,08,食品及飼品製造業,09202,74.31,％
存貨率,08,食品及飼品製造業,09203,62.59,％
存貨率,08,食品及飼品製造業,09204,63.39,％
存貨率,08,食品及飼品製造業,09205,60.73,％
存貨率,08,食品及飼品製造業,09206,62.02,％
存貨率,08,食品及飼品製造業,09207,55.12,％
存貨率,08,食品及飼品製造業,09208,55.69,％
存貨率,08,食品及飼品製造業,09209,54.98,％
存貨率,08,食品及飼品製造業,09210,51.96,％
存貨率,08,食品及飼品製造業,09211,58.53,％
存貨率,08,食品及飼品製造業,09212,54.42,％
存貨率,08,食品及飼品製造業,09301,52.79,％
存貨率,08,食品及飼品製造業,09302,64.15,％
存貨率,08,食品及飼品製造業,09303,60.07,％
存貨率,08,食品及飼品製造業,09304,62.28,％
存貨率,08,食品及飼品製造業,09305,70.46,％
存貨率,08,食品及飼品製造業,09306,69.09,％
存貨率,08,食品及飼品製造業,09307,65.90,％
存貨率,08,食品及飼品製造業,09308,58.17,％
存貨率,08,食品及飼品製造業,09309,67.02,％
存貨率,08,食品及飼品製造業,09310,67.68,％
存貨率,08,食品及飼品製造業,09311,65.99,％
存貨率,08,食品及飼品製造業,09312,62.17,％
存貨率,08,食品及飼品製造業,09401,53.86,％
存貨率,08,食品及飼品製造業,09402,82.55,％
存貨率,08,食品及飼品製造業,09403,68.23,％
存貨率,08,食品及飼品製造業,09404,70.56,％
存貨率,08,食品及飼品製造業,09405,71.16,％
存貨率,08,食品及飼品製造業,09406,70.33,％
存貨率,08,食品及飼品製造業,09407,66.85,％
存貨率,08,食品及飼品製造業,09408,64.41,％
存貨率,08,食品及飼品製造業,09409,67.30,％
存貨率,08,食品及飼品製造業,09410,69.96,％
存貨率,08,食品及飼品製造業,09411,70.63,％
存貨率,08,食品及飼品製造業,09412,67.55,％
存貨率,08,食品及飼品製造業,09501,63.43,％
存貨率,08,食品及飼品製造業,09502,87.83,％
存貨率,08,食品及飼品製造業,09503,76.99,％
存貨率,08,食品及飼品製造業,09504,77.36,％
存貨率,08,食品及飼品製造業,09505,77.88,％
存貨率,08,食品及飼品製造業,09506,78.22,％
存貨率,08,食品及飼品製造業,09507,69.39,％
存貨率,08,食品及飼品製造業,09508,72.36,％
存貨率,08,食品及飼品製造業,09509,72.53,％
存貨率,08,食品及飼品製造業,09510,71.49,％
存貨率,08,食品及飼品製造業,09511,75.76,％
存貨率,08,食品及飼品製造業,09512,68.47,％
存貨率,08,食品及飼品製造業,09601,59.29,％
存貨率,08,食品及飼品製造業,09602,67.34,％
存貨率,08,食品及飼品製造業,09603,67.07,％
存貨率,08,食品及飼品製造業,09604,66.37,％
存貨率,08,食品及飼品製造業,09605,61.96,％
存貨率,08,食品及飼品製造業,09606,63.39,％
存貨率,08,食品及飼品製造業,09607,59.12,％
存貨率,08,食品及飼品製造業,09608,51.52,％
存貨率,08,食品及飼品製造業,09609,58.38,％
存貨率,08,食品及飼品製造業,09610,56.75,％
存貨率,08,食品及飼品製造業,09611,58.23,％
存貨率,08,食品及飼品製造業,09612,58.65,％
存貨率,08,食品及飼品製造業,09701,50.70,％
存貨率,08,食品及飼品製造業,09702,65.47,％
存貨率,08,食品及飼品製造業,09703,62.15,％
存貨率,08,食品及飼品製造業,09704,68.62,％
存貨率,08,食品及飼品製造業,09705,62.92,％
存貨率,08,食品及飼品製造業,09706,65.99,％
存貨率,08,食品及飼品製造業,09707,61.41,％
存貨率,08,食品及飼品製造業,09708,66.45,％
存貨率,08,食品及飼品製造業,09709,68.33,％
存貨率,08,食品及飼品製造業,09710,67.85,％
存貨率,08,食品及飼品製造業,09711,72.90,％
存貨率,08,食品及飼品製造業,09712,68.67,％
存貨率,08,食品及飼品製造業,09801,62.21,％
存貨率,08,食品及飼品製造業,09802,76.16,％
存貨率,08,食品及飼品製造業,09803,70.82,％
存貨率,08,食品及飼品製造業,09804,66.84,％
存貨率,08,食品及飼品製造業,09805,63.09,％
存貨率,08,食品及飼品製造業,09806,64.51,％
存貨率,08,食品及飼品製造業,09807,68.33,％
存貨率,08,食品及飼品製造業,09808,60.77,％
存貨率,08,食品及飼品製造業,09809,65.59,％
存貨率,08,食品及飼品製造業,09810,70.61,％
存貨率,08,食品及飼品製造業,09811,70.95,％
存貨率,08,食品及飼品製造業,09812,66.66,％
存貨率,08,食品及飼品製造業,09901,62.43,％
存貨率,08,食品及飼品製造業,09902,67.47,％
存貨率,08,食品及飼品製造業,09903,66.93,％
存貨率,08,食品及飼品製造業,09904,63.47,％
存貨率,08,食品及飼品製造業,09905,61.89,％
存貨率,08,食品及飼品製造業,09906,62.07,％
存貨率,08,食品及飼品製造業,09907,55.89,％
存貨率,08,食品及飼品製造業,09908,58.32,％
存貨率,08,食品及飼品製造業,09909,57.47,％
存貨率,08,食品及飼品製造業,09910,60.08,％
存貨率,08,食品及飼品製造業,09911,60.71,％
存貨率,08,食品及飼品製造業,09912,57.60,％
存貨率,08,食品及飼品製造業,10001,51.84,％
存貨率,08,食品及飼品製造業,10002,78.49,％
存貨率,08,食品及飼品製造業,10003,63.70,％
存貨率,08,食品及飼品製造業,10004,66.65,％
存貨率,08,食品及飼品製造業,10005,66.50,％
存貨率,08,食品及飼品製造業,10006,69.31,％
存貨率,08,食品及飼品製造業,10007,65.10,％
存貨率,08,食品及飼品製造業,10008,64.58,％
存貨率,08,食品及飼品製造業,10009,63.53,％
存貨率,08,食品及飼品製造業,10010,65.82,％
存貨率,08,食品及飼品製造業,10011,64.66,％
存貨率,08,食品及飼品製造業,10012,62.43,％
存貨率,08,食品及飼品製造業,10101,57.26,％
存貨率,08,食品及飼品製造業,10102,64.95,％
存貨率,08,食品及飼品製造業,10103,60.67,％
存貨率,08,食品及飼品製造業,10104,60.87,％
存貨率,08,食品及飼品製造業,10105,61.33,％
存貨率,08,食品及飼品製造業,10106,59.74,％
存貨率,08,食品及飼品製造業,10107,53.58,％
存貨率,08,食品及飼品製造業,10108,50.99,％
存貨率,08,食品及飼品製造業,10109,57.71,％
存貨率,08,食品及飼品製造業,10110,60.34,％
存貨率,08,食品及飼品製造業,10111,60.63,％
存貨率,08,食品及飼品製造業,10112,63.74,％
存貨率,08,食品及飼品製造業,10201,56.33,％
存貨率,08,食品及飼品製造業,10202,71.87,％
存貨率,08,食品及飼品製造業,10203,66.14,％
存貨率,08,食品及飼品製造業,10204,64.01,％
存貨率,08,食品及飼品製造業,10205,62.11,％
存貨率,08,食品及飼品製造業,10206,65.29,％
存貨率,08,食品及飼品製造業,10207,56.57,％
存貨率,08,食品及飼品製造業,10208,54.07,％
存貨率,08,食品及飼品製造業,10209,56.77,％
存貨率,08,食品及飼品製造業,10210,57.40,％
存貨率,08,食品及飼品製造業,10211,62.48,％
存貨率,08,食品及飼品製造業,10212,57.55,％
存貨率,08,食品及飼品製造業,10301,50.86,％
存貨率,08,食品及飼品製造業,10302,71.49,％
存貨率,08,食品及飼品製造業,10303,60.40,％
存貨率,08,食品及飼品製造業,10304,58.90,％
存貨率,08,食品及飼品製造業,10305,58.30,％
存貨率,08,食品及飼品製造業,10306,60.94,％
存貨率,08,食品及飼品製造業,10307,53.29,％
存貨率,08,食品及飼品製造業,10308,56.27,％
存貨率,08,食品及飼品製造業,10309,57.47,％
存貨率,08,食品及飼品製造業,10310,53.32,％
存貨率,08,食品及飼品製造業,10311,58.41,％
存貨率,08,食品及飼品製造業,10312,53.74,％
存貨率,08,食品及飼品製造業,10401,52.14,％
存貨率,08,食品及飼品製造業,10402,61.27,％
存貨率,08,食品及飼品製造業,10403,60.51,％
存貨率,08,食品及飼品製造業,10404,58.96,％
存貨率,08,食品及飼品製造業,10405,60.55,％
存貨率,08,食品及飼品製造業,10406,58.78,％
存貨率,08,食品及飼品製造業,10407,54.64,％
存貨率,08,食品及飼品製造業,10408,53.84,％
存貨率,08,食品及飼品製造業,10409,55.42,％
存貨率,08,食品及飼品製造業,10410,56.14,％
存貨率,08,食品及飼品製造業,10411,63.58,％
存貨率,08,食品及飼品製造業,10412,57.82,％
存貨率,08,食品及飼品製造業,10501,51.11,％
存貨率,08,食品及飼品製造業,10502,63.23,％
存貨率,08,食品及飼品製造業,10503,52.94,％
存貨率,08,食品及飼品製造業,10504,55.38,％
存貨率,08,食品及飼品製造業,10505,56.32,％
存貨率,08,食品及飼品製造業,10506,55.20,％
存貨率,08,食品及飼品製造業,10507,53.76,％
存貨率,08,食品及飼品製造業,10508,52.05,％
存貨率,08,食品及飼品製造業,10509,53.73,％
存貨率,08,食品及飼品製造業,10510,54.62,％
存貨率,08,食品及飼品製造業,10511,56.38,％
存貨率,08,食品及飼品製造業,10512,53.40,％
存貨率,08,食品及飼品製造業,10601,46.18,％
存貨率,08,食品及飼品製造業,10602,59.98,％
存貨率,08,食品及飼品製造業,10603,51.20,％
存貨率,08,食品及飼品製造業,10604,56.42,％
存貨率,08,食品及飼品製造業,10605,52.95,％
存貨率,08,食品及飼品製造業,10606,55.39,％
存貨率,08,食品及飼品製造業,10607,55.30,％
存貨率,08,食品及飼品製造業,10608,49.95,％
存貨率,08,食品及飼品製造業,10609,53.50,％
存貨率,08,食品及飼品製造業,10610,55.36,％
存貨率,08,食品及飼品製造業,10611,57.31,％
存貨率,08,食品及飼品製造業,10612,55.34,％
存貨率,08,食品及飼品製造業,10701,50.27,％
存貨率,08,食品及飼品製造業,10702,57.95,％
存貨率,08,食品及飼品製造業,10703,52.21,％
存貨率,08,食品及飼品製造業,10704,59.29,％
存貨率,08,食品及飼品製造業,10705,56.85,％
存貨率,08,食品及飼品製造業,10706,60.40,％
存貨率,08,食品及飼品製造業,10707,58.02,％
存貨率,08,食品及飼品製造業,10708,53.36,％
存貨率,08,食品及飼品製造業,10709,57.69,％
存貨率,08,食品及飼品製造業,10710,55.13,％
存貨率,08,食品及飼品製造業,10711,55.02,％
存貨率,08,食品及飼品製造業,10712,53.32,％
存貨率,08,食品及飼品製造業,10801,46.12,％
存貨率,08,食品及飼品製造業,10802,71.52,％
存貨率,08,食品及飼品製造業,10803,58.95,％
存貨率,08,食品及飼品製造業,10804,58.92,％
存貨率,08,食品及飼品製造業,10805,58.40,％
存貨率,08,食品及飼品製造業,10806,60.85,％
存貨率,08,食品及飼品製造業,10807,55.77,％
存貨率,08,食品及飼品製造業,10808,56.19,％
存貨率,08,食品及飼品製造業,10809,59.95,％
存貨率,08,食品及飼品製造業,10810,57.20,％
存貨率,08,食品及飼品製造業,10811,61.75,％
存貨率,08,食品及飼品製造業,10812,57.50,％
存貨率,08,食品及飼品製造業,10901,51.09,％
存貨率,08,食品及飼品製造業,10902,62.36,％
存貨率,08,食品及飼品製造業,10903,54.41,％
存貨率,08,食品及飼品製造業,10904,60.28,％
存貨率,08,食品及飼品製造業,10905,62.09,％
存貨率,08,食品及飼品製造業,10906,58.14,％
存貨率,08,食品及飼品製造業,10907,55.55,％
存貨率,08,食品及飼品製造業,10908,53.63,％
存貨率,08,食品及飼品製造業,10909,53.13,％
存貨率,08,食品及飼品製造業,10910,57.60,％
存貨率,08,食品及飼品製造業,10911,58.41,％
存貨率,08,食品及飼品製造業,10912,51.98,％
存貨率,08,食品及飼品製造業,11001,47.07,％
存貨率,08,食品及飼品製造業,11002,57.34,％
存貨率,08,食品及飼品製造業,11003,49.77,％
存貨率,08,食品及飼品製造業,11004,51.87,％
存貨率,08,食品及飼品製造業,11005,52.62,％
存貨率,08,食品及飼品製造業,11006,56.06,％
存貨率,08,食品及飼品製造業,11007,54.10,％
存貨率,08,食品及飼品製造業,11008,52.60,％
存貨率,08,食品及飼品製造業,11009,54.23,％
存貨率,08,食品及飼品製造業,11010,54.24,％
存貨率,08,食品及飼品製造業,11011,51.02,％
存貨率,08,食品及飼品製造業,11012,47.36,％
存貨率,08,食品及飼品製造業,11101,43.96,％
存貨率,08,食品及飼品製造業,11102,64.05,％
存貨率,08,食品及飼品製造業,11103,48.84,％
存貨率,08,食品及飼品製造業,11104,53.52,％
存貨率,08,食品及飼品製造業,11105,52.20,％
存貨率,08,食品及飼品製造業,11106,53.20,％
存貨率,08,食品及飼品製造業,11107,51.92,％
存貨率,08,食品及飼品製造業,11108,51.16,％
存貨率,08,食品及飼品製造業,11109,54.26,％
存貨率,08,食品及飼品製造業,11110,54.61,％
存貨率,08,食品及飼品製造業,11111,54.25,％
存貨率,08,食品及飼品製造業,11112,50.41,％
存貨率,08,食品及飼品製造業,11201,53.56,％
存貨率,08,食品及飼品製造業,11202,60.04,％
存貨率,08,食品及飼品製造業,11203,51.65,％
存貨率,08,食品及飼品製造業,11204,60.81,％
存貨率,08,食品及飼品製造業,11205,57.13,％
存貨率,08,食品及飼品製造業,11206,59.98,％
存貨率,08,食品及飼品製造業,11207,58.71,％
存貨率,08,食品及飼品製造業,11208,53.71,％
存貨率,08,食品及飼品製造業,11209,57.33,％
存貨率,08,食品及飼品製造業,11210,58.13,％
存貨率,08,食品及飼品製造業,11211,59.00,％
存貨率,08,食品及飼品製造業,11212,57.18,％
存貨率,08,食品及飼品製造業,11301,52.38,％
存貨率,08,食品及飼品製造業,11302,66.40,％
存貨率,08,食品及飼品製造業,11303,57.75,％
存貨率,08,食品及飼品製造業,11304,61.55,％
存貨率,08,食品及飼品製造業,11305,59.54,％
存貨率,08,食品及飼品製造業,11306,64.42,％
存貨率,08,食品及飼品製造業,11307,55.79,％
存貨率,08,食品及飼品製造業,11308,54.73,％
存貨率,08,食品及飼品製造業,11309,58.97,％
存貨率,08,食品及飼品製造業,11310,55.74,％
存貨率,08,食品及飼品製造業,11311,58.96,％
存貨率,08,食品及飼品製造業,11312,55.57,％
存貨率,08,食品及飼品製造業,11401,61.12,％
存貨率,08,食品及飼品製造業,11402,75.17,％
存貨率,08,食品及飼品製造業,11403,66.25,％
存貨率,08,食品及飼品製造業,11404,68.12,％
存貨率,08,食品及飼品製造業,11405,66.47,％
存貨率,08,食品及飼品製造業,11406,65.24,％
存貨率,08,食品及飼品製造業,11407,60.79,％
存貨率,08,食品及飼品製造業,11408,59.19,％
存貨率,08,食品及飼品製造業,11409,57.63,％
存貨率,08,食品及飼品製造業,11410,58.30,％
存貨率,08,食品及飼品製造業,11411,59.67,％
存貨率,08,食品及飼品製造業,11412,55.09,％
存貨率,08,食品及飼品製造業,11501,47.75,％
存貨率,08,食品及飼品製造業,11502,52.91,％
存貨率,08,食品及飼品製造業,11503,46.28,％
存貨率,08,食品及飼品製造業,11504,51.08,％
存貨率,08,食品及飼品製造業,11505,52.05,％
存貨率,08,食品及飼品製造業,11506,52.09,％
存貨率,09,飲料製造業,07101,41.93,％
存貨率,09,飲料製造業,07102,59.33,％
存貨率,09,飲料製造業,07103,58.08,％
存貨率,09,飲料製造業,07104,54.45,％
存貨率,09,飲料製造業,07105,57.67,％
存貨率,09,飲料製造業,07106,64.84,％
存貨率,09,飲料製造業,07107,46.72,％
存貨率,09,飲料製造業,07108,36.31,％
存貨率,09,飲料製造業,07109,36.96,％
存貨率,09,飲料製造業,07110,43.69,％
存貨率,09,飲料製造業,07111,54.49,％
存貨率,09,飲料製造業,07112,72.89,％
存貨率,09,飲料製造業,07201,90.88,％
存貨率,09,飲料製造業,07202,55.21,％
存貨率,09,飲料製造業,07203,63.73,％
存貨率,09,飲料製造業,07204,38.92,％
存貨率,09,飲料製造業,07205,41.38,％
存貨率,09,飲料製造業,07206,37.34,％
存貨率,09,飲料製造業,07207,49.19,％
存貨率,09,飲料製造業,07208,36.76,％
存貨率,09,飲料製造業,07209,39.43,％
存貨率,09,飲料製造業,07210,48.69,％
存貨率,09,飲料製造業,07211,63.99,％
存貨率,09,飲料製造業,07212,67.45,％
存貨率,09,飲料製造業,07301,28.55,％
存貨率,09,飲料製造業,07302,48.93,％
存貨率,09,飲料製造業,07303,51.57,％
存貨率,09,飲料製造業,07304,46.48,％
存貨率,09,飲料製造業,07305,46.55,％
存貨率,09,飲料製造業,07306,44.22,％
存貨率,09,飲料製造業,07307,53.53,％
存貨率,09,飲料製造業,07308,48.64,％
存貨率,09,飲料製造業,07309,46.41,％
存貨率,09,飲料製造業,07310,42.86,％
存貨率,09,飲料製造業,07311,55.57,％
存貨率,09,飲料製造業,07312,77.47,％
存貨率,09,飲料製造業,07401,95.98,％
存貨率,09,飲料製造業,07402,60.70,％
存貨率,09,飲料製造業,07403,56.90,％
存貨率,09,飲料製造業,07404,59.75,％
存貨率,09,飲料製造業,07405,55.05,％
存貨率,09,飲料製造業,07406,60.70,％
存貨率,09,飲料製造業,07407,88.84,％
存貨率,09,飲料製造業,07408,61.30,％
存貨率,09,飲料製造業,07409,55.63,％
存貨率,09,飲料製造業,07410,52.03,％
存貨率,09,飲料製造業,07411,72.55,％
存貨率,09,飲料製造業,07412,83.71,％
存貨率,09,飲料製造業,07501,78.46,％
存貨率,09,飲料製造業,07502,73.02,％
存貨率,09,飲料製造業,07503,59.87,％
存貨率,09,飲料製造業,07504,64.25,％
存貨率,09,飲料製造業,07505,95.46,％
存貨率,09,飲料製造業,07506,57.36,％
存貨率,09,飲料製造業,07507,90.94,％
存貨率,09,飲料製造業,07508,73.30,％
存貨率,09,飲料製造業,07509,72.98,％
存貨率,09,飲料製造業,07510,83.54,％
存貨率,09,飲料製造業,07511,94.49,％
存貨率,09,飲料製造業,07512,86.83,％
存貨率,09,飲料製造業,07601,64.44,％
存貨率,09,飲料製造業,07602,90.66,％
存貨率,09,飲料製造業,07603,81.64,％
存貨率,09,飲料製造業,07604,70.32,％
存貨率,09,飲料製造業,07605,72.69,％
存貨率,09,飲料製造業,07606,68.08,％
存貨率,09,飲料製造業,07607,74.62,％
存貨率,09,飲料製造業,07608,61.64,％
存貨率,09,飲料製造業,07609,64.53,％
存貨率,09,飲料製造業,07610,74.97,％
存貨率,09,飲料製造業,07611,82.21,％
存貨率,09,飲料製造業,07612,79.37,％
存貨率,09,飲料製造業,07701,98.28,％
存貨率,09,飲料製造業,07702,73.09,％
存貨率,09,飲料製造業,07703,96.96,％
存貨率,09,飲料製造業,07704,89.85,％
存貨率,09,飲料製造業,07705,65.71,％
存貨率,09,飲料製造業,07706,62.57,％
存貨率,09,飲料製造業,07707,53.85,％
存貨率,09,飲料製造業,07708,53.48,％
存貨率,09,飲料製造業,07709,56.41,％
存貨率,09,飲料製造業,07710,70.40,％
存貨率,09,飲料製造業,07711,84.53,％
存貨率,09,飲料製造業,07712,86.35,％
存貨率,09,飲料製造業,07801,65.86,％
存貨率,09,飲料製造業,07802,81.69,％
存貨率,09,飲料製造業,07803,86.30,％
存貨率,09,飲料製造業,07804,84.14,％
存貨率,09,飲料製造業,07805,76.77,％
存貨率,09,飲料製造業,07806,78.78,％
存貨率,09,飲料製造業,07807,72.17,％
存貨率,09,飲料製造業,07808,64.54,％
存貨率,09,飲料製造業,07809,68.60,％
存貨率,09,飲料製造業,07810,81.66,％
存貨率,09,飲料製造業,07811,87.29,％
存貨率,09,飲料製造業,07812,86.61,％
存貨率,09,飲料製造業,07901,81.00,％
存貨率,09,飲料製造業,07902,112.74,％
存貨率,09,飲料製造業,07903,106.08,％
存貨率,09,飲料製造業,07904,103.12,％
存貨率,09,飲料製造業,07905,85.19,％
存貨率,09,飲料製造業,07906,90.65,％
存貨率,09,飲料製造業,07907,90.81,％
存貨率,09,飲料製造業,07908,76.22,％
存貨率,09,飲料製造業,07909,72.08,％
存貨率,09,飲料製造業,07910,80.59,％
存貨率,09,飲料製造業,07911,110.94,％
存貨率,09,飲料製造業,07912,110.84,％
存貨率,09,飲料製造業,08001,126.03,％
存貨率,09,飲料製造業,08002,108.24,％
存貨率,09,飲料製造業,08003,126.58,％
存貨率,09,飲料製造業,08004,111.47,％
存貨率,09,飲料製造業,08005,102.01,％
存貨率,09,飲料製造業,08006,110.09,％
存貨率,09,飲料製造業,08007,97.66,％
存貨率,09,飲料製造業,08008,87.92,％
存貨率,09,飲料製造業,08009,102.15,％
存貨率,09,飲料製造業,08010,112.84,％
存貨率,09,飲料製造業,08011,120.37,％
存貨率,09,飲料製造業,08012,82.49,％
存貨率,09,飲料製造業,08101,96.18,％
存貨率,09,飲料製造業,08102,110.58,％
存貨率,09,飲料製造業,08103,85.30,％
存貨率,09,飲料製造業,08104,94.86,％
存貨率,09,飲料製造業,08105,76.51,％
存貨率,09,飲料製造業,08106,79.05,％
存貨率,09,飲料製造業,08107,67.07,％
存貨率,09,飲料製造業,08108,63.42,％
存貨率,09,飲料製造業,08109,60.57,％
存貨率,09,飲料製造業,08110,72.44,％
存貨率,09,飲料製造業,08111,81.55,％
存貨率,09,飲料製造業,08112,81.46,％
存貨率,09,飲料製造業,08201,74.70,％
存貨率,09,飲料製造業,08202,103.85,％
存貨率,09,飲料製造業,08203,79.15,％
存貨率,09,飲料製造業,08204,76.29,％
存貨率,09,飲料製造業,08205,73.34,％
存貨率,09,飲料製造業,08206,67.47,％
存貨率,09,飲料製造業,08207,68.43,％
存貨率,09,飲料製造業,08208,63.04,％
存貨率,09,飲料製造業,08209,72.42,％
存貨率,09,飲料製造業,08210,67.29,％
存貨率,09,飲料製造業,08211,60.34,％
存貨率,09,飲料製造業,08212,74.91,％
存貨率,09,飲料製造業,08301,80.48,％
存貨率,09,飲料製造業,08302,82.36,％
存貨率,09,飲料製造業,08303,96.99,％
存貨率,09,飲料製造業,08304,77.57,％
存貨率,09,飲料製造業,08305,74.94,％
存貨率,09,飲料製造業,08306,68.27,％
存貨率,09,飲料製造業,08307,73.65,％
存貨率,09,飲料製造業,08308,64.41,％
存貨率,09,飲料製造業,08309,57.90,％
存貨率,09,飲料製造業,08310,72.51,％
存貨率,09,飲料製造業,08311,70.84,％
存貨率,09,飲料製造業,08312,65.01,％
存貨率,09,飲料製造業,08401,57.45,％
存貨率,09,飲料製造業,08402,115.11,％
存貨率,09,飲料製造業,08403,95.82,％
存貨率,09,飲料製造業,08404,86.69,％
存貨率,09,飲料製造業,08405,80.62,％
存貨率,09,飲料製造業,08406,73.57,％
存貨率,09,飲料製造業,08407,84.27,％
存貨率,09,飲料製造業,08408,76.35,％
存貨率,09,飲料製造業,08409,76.39,％
存貨率,09,飲料製造業,08410,77.97,％
存貨率,09,飲料製造業,08411,76.30,％
存貨率,09,飲料製造業,08412,94.16,％
存貨率,09,飲料製造業,08501,103.34,％
存貨率,09,飲料製造業,08502,89.98,％
存貨率,09,飲料製造業,08503,92.88,％
存貨率,09,飲料製造業,08504,95.20,％
存貨率,09,飲料製造業,08505,100.64,％
存貨率,09,飲料製造業,08506,79.55,％
存貨率,09,飲料製造業,08507,82.04,％
存貨率,09,飲料製造業,08508,73.49,％
存貨率,09,飲料製造業,08509,81.48,％
存貨率,09,飲料製造業,08510,93.75,％
存貨率,09,飲料製造業,08511,100.24,％
存貨率,09,飲料製造業,08512,89.27,％
存貨率,09,飲料製造業,08601,72.98,％
存貨率,09,飲料製造業,08602,105.84,％
存貨率,09,飲料製造業,08603,85.16,％
存貨率,09,飲料製造業,08604,83.65,％
存貨率,09,飲料製造業,08605,80.07,％
存貨率,09,飲料製造業,08606,72.73,％
存貨率,09,飲料製造業,08607,80.14,％
存貨率,09,飲料製造業,08608,74.72,％
存貨率,09,飲料製造業,08609,62.24,％
存貨率,09,飲料製造業,08610,71.57,％
存貨率,09,飲料製造業,08611,78.21,％
存貨率,09,飲料製造業,08612,79.87,％
存貨率,09,飲料製造業,08701,78.69,％
存貨率,09,飲料製造業,08702,107.42,％
存貨率,09,飲料製造業,08703,77.71,％
存貨率,09,飲料製造業,08704,66.39,％
存貨率,09,飲料製造業,08705,74.20,％
存貨率,09,飲料製造業,08706,60.83,％
存貨率,09,飲料製造業,08707,65.78,％
存貨率,09,飲料製造業,08708,56.33,％
存貨率,09,飲料製造業,08709,60.60,％
存貨率,09,飲料製造業,08710,65.21,％
存貨率,09,飲料製造業,08711,65.68,％
存貨率,09,飲料製造業,08712,60.59,％
存貨率,09,飲料製造業,08801,84.21,％
存貨率,09,飲料製造業,08802,80.13,％
存貨率,09,飲料製造業,08803,61.25,％
存貨率,09,飲料製造業,08804,53.35,％
存貨率,09,飲料製造業,08805,65.17,％
存貨率,09,飲料製造業,08806,47.78,％
存貨率,09,飲料製造業,08807,61.52,％
存貨率,09,飲料製造業,08808,47.35,％
存貨率,09,飲料製造業,08809,49.96,％
存貨率,09,飲料製造業,08810,61.69,％
存貨率,09,飲料製造業,08811,59.54,％
存貨率,09,飲料製造業,08812,67.99,％
存貨率,09,飲料製造業,08901,65.12,％
存貨率,09,飲料製造業,08902,91.51,％
存貨率,09,飲料製造業,08903,58.02,％
存貨率,09,飲料製造業,08904,58.45,％
存貨率,09,飲料製造業,08905,63.36,％
存貨率,09,飲料製造業,08906,61.96,％
存貨率,09,飲料製造業,08907,66.25,％
存貨率,09,飲料製造業,08908,63.43,％
存貨率,09,飲料製造業,08909,70.78,％
存貨率,09,飲料製造業,08910,74.19,％
存貨率,09,飲料製造業,08911,87.62,％
存貨率,09,飲料製造業,08912,74.79,％
存貨率,09,飲料製造業,09001,67.41,％
存貨率,09,飲料製造業,09002,92.95,％
存貨率,09,飲料製造業,09003,67.85,％
存貨率,09,飲料製造業,09004,72.40,％
存貨率,09,飲料製造業,09005,72.32,％
存貨率,09,飲料製造業,09006,58.80,％
存貨率,09,飲料製造業,09007,66.97,％
存貨率,09,飲料製造業,09008,50.88,％
存貨率,09,飲料製造業,09009,68.74,％
存貨率,09,飲料製造業,09010,61.31,％
存貨率,09,飲料製造業,09011,61.87,％
存貨率,09,飲料製造業,09012,58.96,％
存貨率,09,飲料製造業,09101,134.12,％
存貨率,09,飲料製造業,09102,155.28,％
存貨率,09,飲料製造業,09103,130.85,％
存貨率,09,飲料製造業,09104,97.21,％
存貨率,09,飲料製造業,09105,97.68,％
存貨率,09,飲料製造業,09106,99.27,％
存貨率,09,飲料製造業,09107,81.86,％
存貨率,09,飲料製造業,09108,74.46,％
存貨率,09,飲料製造業,09109,103.34,％
存貨率,09,飲料製造業,09110,109.73,％
存貨率,09,飲料製造業,09111,118.73,％
存貨率,09,飲料製造業,09112,85.50,％
存貨率,09,飲料製造業,09201,82.72,％
存貨率,09,飲料製造業,09202,147.00,％
存貨率,09,飲料製造業,09203,89.88,％
存貨率,09,飲料製造業,09204,95.34,％
存貨率,09,飲料製造業,09205,83.61,％
存貨率,09,飲料製造業,09206,112.68,％
存貨率,09,飲料製造業,09207,85.75,％
存貨率,09,飲料製造業,09208,84.48,％
存貨率,09,飲料製造業,09209,107.77,％
存貨率,09,飲料製造業,09210,118.66,％
存貨率,09,飲料製造業,09211,124.59,％
存貨率,09,飲料製造業,09212,123.95,％
存貨率,09,飲料製造業,09301,96.37,％
存貨率,09,飲料製造業,09302,145.78,％
存貨率,09,飲料製造業,09303,123.22,％
存貨率,09,飲料製造業,09304,104.12,％
存貨率,09,飲料製造業,09305,113.31,％
存貨率,09,飲料製造業,09306,113.18,％
存貨率,09,飲料製造業,09307,103.38,％
存貨率,09,飲料製造業,09308,84.51,％
存貨率,09,飲料製造業,09309,100.49,％
存貨率,09,飲料製造業,09310,139.32,％
存貨率,09,飲料製造業,09311,117.21,％
存貨率,09,飲料製造業,09312,125.79,％
存貨率,09,飲料製造業,09401,142.51,％
存貨率,09,飲料製造業,09402,181.61,％
存貨率,09,飲料製造業,09403,117.99,％
存貨率,09,飲料製造業,09404,114.02,％
存貨率,09,飲料製造業,09405,104.74,％
存貨率,09,飲料製造業,09406,117.19,％
存貨率,09,飲料製造業,09407,131.26,％
存貨率,09,飲料製造業,09408,124.40,％
存貨率,09,飲料製造業,09409,114.81,％
存貨率,09,飲料製造業,09410,122.35,％
存貨率,09,飲料製造業,09411,152.31,％
存貨率,09,飲料製造業,09412,127.39,％
存貨率,09,飲料製造業,09501,100.32,％
存貨率,09,飲料製造業,09502,165.99,％
存貨率,09,飲料製造業,09503,119.99,％
存貨率,09,飲料製造業,09504,122.95,％
存貨率,09,飲料製造業,09505,109.69,％
存貨率,09,飲料製造業,09506,108.37,％
存貨率,09,飲料製造業,09507,99.45,％
存貨率,09,飲料製造業,09508,94.48,％
存貨率,09,飲料製造業,09509,109.48,％
存貨率,09,飲料製造業,09510,106.07,％
存貨率,09,飲料製造業,09511,119.22,％
存貨率,09,飲料製造業,09512,125.10,％
存貨率,09,飲料製造業,09601,118.35,％
存貨率,09,飲料製造業,09602,102.07,％
存貨率,09,飲料製造業,09603,110.76,％
存貨率,09,飲料製造業,09604,101.21,％
存貨率,09,飲料製造業,09605,98.38,％
存貨率,09,飲料製造業,09606,113.76,％
存貨率,09,飲料製造業,09607,97.45,％
存貨率,09,飲料製造業,09608,89.20,％
存貨率,09,飲料製造業,09609,99.95,％
存貨率,09,飲料製造業,09610,113.85,％
存貨率,09,飲料製造業,09611,106.68,％
存貨率,09,飲料製造業,09612,106.13,％
存貨率,09,飲料製造業,09701,96.58,％
存貨率,09,飲料製造業,09702,117.68,％
存貨率,09,飲料製造業,09703,100.99,％
存貨率,09,飲料製造業,09704,93.08,％
存貨率,09,飲料製造業,09705,96.57,％
存貨率,09,飲料製造業,09706,95.44,％
存貨率,09,飲料製造業,09707,89.01,％
存貨率,09,飲料製造業,09708,81.46,％
存貨率,09,飲料製造業,09709,93.79,％
存貨率,09,飲料製造業,09710,87.81,％
存貨率,09,飲料製造業,09711,96.62,％
存貨率,09,飲料製造業,09712,85.09,％
存貨率,09,飲料製造業,09801,96.14,％
存貨率,09,飲料製造業,09802,132.85,％
存貨率,09,飲料製造業,09803,120.90,％
存貨率,09,飲料製造業,09804,120.49,％
存貨率,09,飲料製造業,09805,122.16,％
存貨率,09,飲料製造業,09806,82.18,％
存貨率,09,飲料製造業,09807,83.12,％
存貨率,09,飲料製造業,09808,71.61,％
存貨率,09,飲料製造業,09809,77.72,％
存貨率,09,飲料製造業,09810,89.95,％
存貨率,09,飲料製造業,09811,99.44,％
存貨率,09,飲料製造業,09812,72.96,％
存貨率,09,飲料製造業,09901,143.98,％
存貨率,09,飲料製造業,09902,118.39,％
存貨率,09,飲料製造業,09903,111.69,％
存貨率,09,飲料製造業,09904,112.26,％
存貨率,09,飲料製造業,09905,108.91,％
存貨率,09,飲料製造業,09906,90.99,％
存貨率,09,飲料製造業,09907,82.39,％
存貨率,09,飲料製造業,09908,68.63,％
存貨率,09,飲料製造業,09909,76.15,％
存貨率,09,飲料製造業,09910,84.12,％
存貨率,09,飲料製造業,09911,88.37,％
存貨率,09,飲料製造業,09912,74.71,％
存貨率,09,飲料製造業,10001,74.28,％
存貨率,09,飲料製造業,10002,113.04,％
存貨率,09,飲料製造業,10003,84.98,％
存貨率,09,飲料製造業,10004,86.98,％
存貨率,09,飲料製造業,10005,74.68,％
存貨率,09,飲料製造業,10006,79.31,％
存貨率,09,飲料製造業,10007,78.16,％
存貨率,09,飲料製造業,10008,68.48,％
存貨率,09,飲料製造業,10009,69.76,％
存貨率,09,飲料製造業,10010,78.87,％
存貨率,09,飲料製造業,10011,93.56,％
存貨率,09,飲料製造業,10012,109.83,％
存貨率,09,飲料製造業,10101,82.74,％
存貨率,09,飲料製造業,10102,110.40,％
存貨率,09,飲料製造業,10103,89.67,％
存貨率,09,飲料製造業,10104,88.36,％
存貨率,09,飲料製造業,10105,94.95,％
存貨率,09,飲料製造業,10106,78.81,％
存貨率,09,飲料製造業,10107,84.58,％
存貨率,09,飲料製造業,10108,75.77,％
存貨率,09,飲料製造業,10109,78.51,％
存貨率,09,飲料製造業,10110,90.20,％
存貨率,09,飲料製造業,10111,92.91,％
存貨率,09,飲料製造業,10112,102.25,％
存貨率,09,飲料製造業,10201,88.04,％
存貨率,09,飲料製造業,10202,114.97,％
存貨率,09,飲料製造業,10203,89.84,％
存貨率,09,飲料製造業,10204,102.57,％
存貨率,09,飲料製造業,10205,83.18,％
存貨率,09,飲料製造業,10206,83.97,％
存貨率,09,飲料製造業,10207,88.60,％
存貨率,09,飲料製造業,10208,75.57,％
存貨率,09,飲料製造業,10209,85.92,％
存貨率,09,飲料製造業,10210,93.98,％
存貨率,09,飲料製造業,10211,108.75,％
存貨率,09,飲料製造業,10212,93.86,％
存貨率,09,飲料製造業,10301,83.06,％
存貨率,09,飲料製造業,10302,117.63,％
存貨率,09,飲料製造業,10303,97.06,％
存貨率,09,飲料製造業,10304,91.79,％
存貨率,09,飲料製造業,10305,78.25,％
存貨率,09,飲料製造業,10306,84.60,％
存貨率,09,飲料製造業,10307,66.99,％
存貨率,09,飲料製造業,10308,76.64,％
存貨率,09,飲料製造業,10309,75.70,％
存貨率,09,飲料製造業,10310,85.82,％
存貨率,09,飲料製造業,10311,95.18,％
存貨率,09,飲料製造業,10312,85.32,％
存貨率,09,飲料製造業,10401,89.80,％
存貨率,09,飲料製造業,10402,92.17,％
存貨率,09,飲料製造業,10403,98.66,％
存貨率,09,飲料製造業,10404,102.58,％
存貨率,09,飲料製造業,10405,86.54,％
存貨率,09,飲料製造業,10406,78.92,％
存貨率,09,飲料製造業,10407,84.54,％
存貨率,09,飲料製造業,10408,81.83,％
存貨率,09,飲料製造業,10409,88.21,％
存貨率,09,飲料製造業,10410,99.48,％
存貨率,09,飲料製造業,10411,101.21,％
存貨率,09,飲料製造業,10412,93.58,％
存貨率,09,飲料製造業,10501,100.02,％
存貨率,09,飲料製造業,10502,139.33,％
存貨率,09,飲料製造業,10503,104.98,％
存貨率,09,飲料製造業,10504,99.99,％
存貨率,09,飲料製造業,10505,84.53,％
存貨率,09,飲料製造業,10506,80.91,％
存貨率,09,飲料製造業,10507,83.26,％
存貨率,09,飲料製造業,10508,71.03,％
存貨率,09,飲料製造業,10509,91.63,％
存貨率,09,飲料製造業,10510,94.45,％
存貨率,09,飲料製造業,10511,110.40,％
存貨率,09,飲料製造業,10512,93.33,％
存貨率,09,飲料製造業,10601,84.55,％
存貨率,09,飲料製造業,10602,131.04,％
存貨率,09,飲料製造業,10603,98.22,％
存貨率,09,飲料製造業,10604,107.71,％
存貨率,09,飲料製造業,10605,83.24,％
存貨率,09,飲料製造業,10606,81.74,％
存貨率,09,飲料製造業,10607,84.30,％
存貨率,09,飲料製造業,10608,79.10,％
存貨率,09,飲料製造業,10609,78.12,％
存貨率,09,飲料製造業,10610,101.86,％
存貨率,09,飲料製造業,10611,101.03,％
存貨率,09,飲料製造業,10612,105.02,％
存貨率,09,飲料製造業,10701,104.25,％
存貨率,09,飲料製造業,10702,115.56,％
存貨率,09,飲料製造業,10703,106.54,％
存貨率,09,飲料製造業,10704,110.23,％
存貨率,09,飲料製造業,10705,78.54,％
存貨率,09,飲料製造業,10706,87.66,％
存貨率,09,飲料製造業,10707,88.80,％
存貨率,09,飲料製造業,10708,79.44,％
存貨率,09,飲料製造業,10709,100.19,％
存貨率,09,飲料製造業,10710,98.33,％
存貨率,09,飲料製造業,10711,120.72,％
存貨率,09,飲料製造業,10712,123.67,％
存貨率,09,飲料製造業,10801,98.17,％
存貨率,09,飲料製造業,10802,149.71,％
存貨率,09,飲料製造業,10803,119.82,％
存貨率,09,飲料製造業,10804,117.20,％
存貨率,09,飲料製造業,10805,97.01,％
存貨率,09,飲料製造業,10806,106.15,％
存貨率,09,飲料製造業,10807,86.62,％
存貨率,09,飲料製造業,10808,77.42,％
存貨率,09,飲料製造業,10809,93.89,％
存貨率,09,飲料製造業,10810,96.23,％
存貨率,09,飲料製造業,10811,108.10,％
存貨率,09,飲料製造業,10812,99.29,％
存貨率,09,飲料製造業,10901,85.87,％
存貨率,09,飲料製造業,10902,112.60,％
存貨率,09,飲料製造業,10903,92.02,％
存貨率,09,飲料製造業,10904,100.09,％
存貨率,09,飲料製造業,10905,93.59,％
存貨率,09,飲料製造業,10906,85.57,％
存貨率,09,飲料製造業,10907,91.38,％
存貨率,09,飲料製造業,10908,90.91,％
存貨率,09,飲料製造業,10909,82.98,％
存貨率,09,飲料製造業,10910,125.30,％
存貨率,09,飲料製造業,10911,106.16,％
存貨率,09,飲料製造業,10912,132.46,％
存貨率,09,飲料製造業,11001,96.13,％
存貨率,09,飲料製造業,11002,120.59,％
存貨率,09,飲料製造業,11003,101.96,％
存貨率,09,飲料製造業,11004,114.07,％
存貨率,09,飲料製造業,11005,95.50,％
存貨率,09,飲料製造業,11006,117.38,％
存貨率,09,飲料製造業,11007,112.05,％
存貨率,09,飲料製造業,11008,91.46,％
存貨率,09,飲料製造業,11009,109.51,％
存貨率,09,飲料製造業,11010,108.67,％
存貨率,09,飲料製造業,11011,123.32,％
存貨率,09,飲料製造業,11012,105.94,％
存貨率,09,飲料製造業,11101,100.48,％
存貨率,09,飲料製造業,11102,164.74,％
存貨率,09,飲料製造業,11103,102.66,％
存貨率,09,飲料製造業,11104,131.97,％
存貨率,09,飲料製造業,11105,118.04,％
存貨率,09,飲料製造業,11106,112.38,％
存貨率,09,飲料製造業,11107,98.07,％
存貨率,09,飲料製造業,11108,88.73,％
存貨率,09,飲料製造業,11109,116.77,％
存貨率,09,飲料製造業,11110,132.65,％
存貨率,09,飲料製造業,11111,128.43,％
存貨率,09,飲料製造業,11112,104.10,％
存貨率,09,飲料製造業,11201,118.85,％
存貨率,09,飲料製造業,11202,161.07,％
存貨率,09,飲料製造業,11203,109.36,％
存貨率,09,飲料製造業,11204,140.53,％
存貨率,09,飲料製造業,11205,97.97,％
存貨率,09,飲料製造業,11206,110.64,％
存貨率,09,飲料製造業,11207,107.95,％
存貨率,09,飲料製造業,11208,115.04,％
存貨率,09,飲料製造業,11209,103.38,％
存貨率,09,飲料製造業,11210,122.59,％
存貨率,09,飲料製造業,11211,134.45,％
存貨率,09,飲料製造業,11212,127.30,％
存貨率,09,飲料製造業,11301,116.34,％
存貨率,09,飲料製造業,11302,147.96,％
存貨率,09,飲料製造業,11303,134.46,％
存貨率,09,飲料製造業,11304,128.92,％
存貨率,09,飲料製造業,11305,110.34,％
存貨率,09,飲料製造業,11306,124.68,％
存貨率,09,飲料製造業,11307,114.80,％
存貨率,09,飲料製造業,11308,97.62,％
存貨率,09,飲料製造業,11309,117.83,％
存貨率,09,飲料製造業,11310,129.62,％
存貨率,09,飲料製造業,11311,135.00,％
存貨率,09,飲料製造業,11312,143.91,％
存貨率,09,飲料製造業,11401,116.85,％
存貨率,09,飲料製造業,11402,158.02,％
存貨率,09,飲料製造業,11403,145.06,％
存貨率,09,飲料製造業,11404,127.42,％
存貨率,09,飲料製造業,11405,118.95,％
存貨率,09,飲料製造業,11406,137.95,％
存貨率,09,飲料製造業,11407,125.47,％
存貨率,09,飲料製造業,11408,123.49,％
存貨率,09,飲料製造業,11409,109.28,％
存貨率,09,飲料製造業,11410,133.90,％
存貨率,09,飲料製造業,11411,157.64,％
存貨率,09,飲料製造業,11412,130.18,％
存貨率,09,飲料製造業,11501,137.02,％
存貨率,09,飲料製造業,11502,177.87,％
存貨率,09,飲料製造業,11503,135.35,％
存貨率,09,飲料製造業,11504,139.53,％
存貨率,09,飲料製造業,11505,113.78,％
存貨率,09,飲料製造業,11506,135.45,％
存貨率,10,菸草製造業,07101,53.90,％
存貨率,10,菸草製造業,07102,87.58,％
存貨率,10,菸草製造業,07103,62.59,％
存貨率,10,菸草製造業,07104,37.08,％
存貨率,10,菸草製造業,07105,31.74,％
存貨率,10,菸草製造業,07106,41.89,％
存貨率,10,菸草製造業,07107,115.03,％
存貨率,10,菸草製造業,07108,78.80,％
存貨率,10,菸草製造業,07109,64.54,％
存貨率,10,菸草製造業,07110,66.47,％
存貨率,10,菸草製造業,07111,81.98,％
存貨率,10,菸草製造業,07112,77.69,％
存貨率,10,菸草製造業,07201,89.70,％
存貨率,10,菸草製造業,07202,77.86,％
存貨率,10,菸草製造業,07203,42.41,％
存貨率,10,菸草製造業,07204,23.06,％
存貨率,10,菸草製造業,07205,24.00,％
存貨率,10,菸草製造業,07206,36.25,％
存貨率,10,菸草製造業,07207,175.97,％
存貨率,10,菸草製造業,07208,51.28,％
存貨率,10,菸草製造業,07209,46.23,％
存貨率,10,菸草製造業,07210,46.72,％
存貨率,10,菸草製造業,07211,46.73,％
存貨率,10,菸草製造業,07212,55.41,％
存貨率,10,菸草製造業,07301,39.99,％
存貨率,10,菸草製造業,07302,64.10,％
存貨率,10,菸草製造業,07303,56.95,％
存貨率,10,菸草製造業,07304,54.75,％
存貨率,10,菸草製造業,07305,46.11,％
存貨率,10,菸草製造業,07306,50.65,％
存貨率,10,菸草製造業,07307,177.06,％
存貨率,10,菸草製造業,07308,76.50,％
存貨率,10,菸草製造業,07309,75.18,％
存貨率,10,菸草製造業,07310,77.92,％
存貨率,10,菸草製造業,07311,79.67,％
存貨率,10,菸草製造業,07312,79.01,％
存貨率,10,菸草製造業,07401,97.68,％
存貨率,10,菸草製造業,07402,84.86,％
存貨率,10,菸草製造業,07403,48.75,％
存貨率,10,菸草製造業,07404,48.07,％
存貨率,10,菸草製造業,07405,53.31,％
存貨率,10,菸草製造業,07406,88.49,％
存貨率,10,菸草製造業,07407,159.65,％
存貨率,10,菸草製造業,07408,83.85,％
存貨率,10,菸草製造業,07409,83.18,％
存貨率,10,菸草製造業,07410,71.82,％
存貨率,10,菸草製造業,07411,74.60,％
存貨率,10,菸草製造業,07412,42.11,％
存貨率,10,菸草製造業,07501,69.52,％
存貨率,10,菸草製造業,07502,52.35,％
存貨率,10,菸草製造業,07503,57.87,％
存貨率,10,菸草製造業,07504,39.42,％
存貨率,10,菸草製造業,07505,64.63,％
存貨率,10,菸草製造業,07506,29.78,％
存貨率,10,菸草製造業,07507,166.86,％
存貨率,10,菸草製造業,07508,67.28,％
存貨率,10,菸草製造業,07509,60.02,％
存貨率,10,菸草製造業,07510,62.28,％
存貨率,10,菸草製造業,07511,74.78,％
存貨率,10,菸草製造業,07512,90.50,％
存貨率,10,菸草製造業,07601,69.84,％
存貨率,10,菸草製造業,07602,82.43,％
存貨率,10,菸草製造業,07603,87.01,％
存貨率,10,菸草製造業,07604,85.97,％
存貨率,10,菸草製造業,07605,78.96,％
存貨率,10,菸草製造業,07606,66.52,％
存貨率,10,菸草製造業,07607,80.25,％
存貨率,10,菸草製造業,07608,70.84,％
存貨率,10,菸草製造業,07609,66.35,％
存貨率,10,菸草製造業,07610,65.40,％
存貨率,10,菸草製造業,07611,80.50,％
存貨率,10,菸草製造業,07612,72.49,％
存貨率,10,菸草製造業,07701,93.85,％
存貨率,10,菸草製造業,07702,94.05,％
存貨率,10,菸草製造業,07703,95.34,％
存貨率,10,菸草製造業,07704,82.67,％
存貨率,10,菸草製造業,07705,88.44,％
存貨率,10,菸草製造業,07706,80.71,％
存貨率,10,菸草製造業,07707,73.47,％
存貨率,10,菸草製造業,07708,58.54,％
存貨率,10,菸草製造業,07709,66.01,％
存貨率,10,菸草製造業,07710,79.00,％
存貨率,10,菸草製造業,07711,78.11,％
存貨率,10,菸草製造業,07712,76.16,％
存貨率,10,菸草製造業,07801,71.94,％
存貨率,10,菸草製造業,07802,79.00,％
存貨率,10,菸草製造業,07803,74.96,％
存貨率,10,菸草製造業,07804,74.92,％
存貨率,10,菸草製造業,07805,73.47,％
存貨率,10,菸草製造業,07806,87.82,％
存貨率,10,菸草製造業,07807,71.63,％
存貨率,10,菸草製造業,07808,76.22,％
存貨率,10,菸草製造業,07809,83.93,％
存貨率,10,菸草製造業,07810,83.46,％
存貨率,10,菸草製造業,07811,70.49,％
存貨率,10,菸草製造業,07812,83.54,％
存貨率,10,菸草製造業,07901,57.01,％
存貨率,10,菸草製造業,07902,116.03,％
存貨率,10,菸草製造業,07903,105.57,％
存貨率,10,菸草製造業,07904,106.10,％
存貨率,10,菸草製造業,07905,80.81,％
存貨率,10,菸草製造業,07906,72.57,％
存貨率,10,菸草製造業,07907,91.34,％
存貨率,10,菸草製造業,07908,83.13,％
存貨率,10,菸草製造業,07909,72.25,％
存貨率,10,菸草製造業,07910,62.07,％
存貨率,10,菸草製造業,07911,56.84,％
存貨率,10,菸草製造業,07912,70.31,％
存貨率,10,菸草製造業,08001,79.68,％
存貨率,10,菸草製造業,08002,78.37,％
存貨率,10,菸草製造業,08003,82.22,％
存貨率,10,菸草製造業,08004,65.87,％
存貨率,10,菸草製造業,08005,68.53,％
存貨率,10,菸草製造業,08006,82.28,％
存貨率,10,菸草製造業,08007,81.00,％
存貨率,10,菸草製造業,08008,88.75,％
存貨率,10,菸草製造業,08009,81.05,％
存貨率,10,菸草製造業,08010,75.20,％
存貨率,10,菸草製造業,08011,76.96,％
存貨率,10,菸草製造業,08012,64.45,％
存貨率,10,菸草製造業,08101,58.44,％
存貨率,10,菸草製造業,08102,102.36,％
存貨率,10,菸草製造業,08103,83.29,％
存貨率,10,菸草製造業,08104,86.35,％
存貨率,10,菸草製造業,08105,86.50,％
存貨率,10,菸草製造業,08106,85.29,％
存貨率,10,菸草製造業,08107,85.77,％
存貨率,10,菸草製造業,08108,85.29,％
存貨率,10,菸草製造業,08109,84.06,％
存貨率,10,菸草製造業,08110,86.64,％
存貨率,10,菸草製造業,08111,90.67,％
存貨率,10,菸草製造業,08112,83.74,％
存貨率,10,菸草製造業,08201,81.91,％
存貨率,10,菸草製造業,08202,109.44,％
存貨率,10,菸草製造業,08203,90.41,％
存貨率,10,菸草製造業,08204,79.57,％
存貨率,10,菸草製造業,08205,72.48,％
存貨率,10,菸草製造業,08206,69.72,％
存貨率,10,菸草製造業,08207,84.39,％
存貨率,10,菸草製造業,08208,66.86,％
存貨率,10,菸草製造業,08209,67.36,％
存貨率,10,菸草製造業,08210,65.25,％
存貨率,10,菸草製造業,08211,60.03,％
存貨率,10,菸草製造業,08212,48.89,％
存貨率,10,菸草製造業,08301,47.12,％
存貨率,10,菸草製造業,08302,87.90,％
存貨率,10,菸草製造業,08303,91.52,％
存貨率,10,菸草製造業,08304,82.67,％
存貨率,10,菸草製造業,08305,78.11,％
存貨率,10,菸草製造業,08306,29.71,％
存貨率,10,菸草製造業,08307,83.11,％
存貨率,10,菸草製造業,08308,94.35,％
存貨率,10,菸草製造業,08309,80.75,％
存貨率,10,菸草製造業,08310,76.69,％
存貨率,10,菸草製造業,08311,70.62,％
存貨率,10,菸草製造業,08312,59.10,％
存貨率,10,菸草製造業,08401,48.99,％
存貨率,10,菸草製造業,08402,91.99,％
存貨率,10,菸草製造業,08403,82.13,％
存貨率,10,菸草製造業,08404,96.08,％
存貨率,10,菸草製造業,08405,98.36,％
存貨率,10,菸草製造業,08406,56.30,％
存貨率,10,菸草製造業,08407,157.40,％
存貨率,10,菸草製造業,08408,93.12,％
存貨率,10,菸草製造業,08409,73.69,％
存貨率,10,菸草製造業,08410,65.72,％
存貨率,10,菸草製造業,08411,62.09,％
存貨率,10,菸草製造業,08412,44.64,％
存貨率,10,菸草製造業,08501,77.54,％
存貨率,10,菸草製造業,08502,89.61,％
存貨率,10,菸草製造業,08503,100.32,％
存貨率,10,菸草製造業,08504,80.61,％
存貨率,10,菸草製造業,08505,87.77,％
存貨率,10,菸草製造業,08506,78.66,％
存貨率,10,菸草製造業,08507,87.40,％
存貨率,10,菸草製造業,08508,56.45,％
存貨率,10,菸草製造業,08509,59.17,％
存貨率,10,菸草製造業,08510,53.31,％
存貨率,10,菸草製造業,08511,55.60,％
存貨率,10,菸草製造業,08512,56.45,％
存貨率,10,菸草製造業,08601,59.92,％
存貨率,10,菸草製造業,08602,68.41,％
存貨率,10,菸草製造業,08603,75.13,％
存貨率,10,菸草製造業,08604,66.55,％
存貨率,10,菸草製造業,08605,70.83,％
存貨率,10,菸草製造業,08606,55.75,％
存貨率,10,菸草製造業,08607,72.36,％
存貨率,10,菸草製造業,08608,78.44,％
存貨率,10,菸草製造業,08609,78.20,％
存貨率,10,菸草製造業,08610,72.34,％
存貨率,10,菸草製造業,08611,88.55,％
存貨率,10,菸草製造業,08612,70.85,％
存貨率,10,菸草製造業,08701,54.02,％
存貨率,10,菸草製造業,08702,119.15,％
存貨率,10,菸草製造業,08703,91.53,％
存貨率,10,菸草製造業,08704,85.02,％
存貨率,10,菸草製造業,08705,47.68,％
存貨率,10,菸草製造業,08706,46.30,％
存貨率,10,菸草製造業,08707,147.05,％
存貨率,10,菸草製造業,08708,97.51,％
存貨率,10,菸草製造業,08709,90.45,％
存貨率,10,菸草製造業,08710,87.75,％
存貨率,10,菸草製造業,08711,92.90,％
存貨率,10,菸草製造業,08712,80.03,％
存貨率,10,菸草製造業,08801,105.65,％
存貨率,10,菸草製造業,08802,98.17,％
存貨率,10,菸草製造業,08803,101.17,％
存貨率,10,菸草製造業,08804,90.21,％
存貨率,10,菸草製造業,08805,81.26,％
存貨率,10,菸草製造業,08806,69.35,％
存貨率,10,菸草製造業,08807,151.78,％
存貨率,10,菸草製造業,08808,97.25,％
存貨率,10,菸草製造業,08809,69.57,％
存貨率,10,菸草製造業,08810,67.57,％
存貨率,10,菸草製造業,08811,44.74,％
存貨率,10,菸草製造業,08812,65.13,％
存貨率,10,菸草製造業,08901,108.99,％
存貨率,10,菸草製造業,08902,85.43,％
存貨率,10,菸草製造業,08903,49.85,％
存貨率,10,菸草製造業,08904,67.33,％
存貨率,10,菸草製造業,08905,151.08,％
存貨率,10,菸草製造業,08906,154.93,％
存貨率,10,菸草製造業,08907,140.51,％
存貨率,10,菸草製造業,08908,127.83,％
存貨率,10,菸草製造業,08909,108.90,％
存貨率,10,菸草製造業,08910,85.15,％
存貨率,10,菸草製造業,08911,72.70,％
存貨率,10,菸草製造業,08912,47.24,％
存貨率,10,菸草製造業,09001,91.00,％
存貨率,10,菸草製造業,09002,155.39,％
存貨率,10,菸草製造業,09003,118.55,％
存貨率,10,菸草製造業,09004,91.25,％
存貨率,10,菸草製造業,09005,76.00,％
存貨率,10,菸草製造業,09006,83.34,％
存貨率,10,菸草製造業,09007,87.70,％
存貨率,10,菸草製造業,09008,80.73,％
存貨率,10,菸草製造業,09009,78.14,％
存貨率,10,菸草製造業,09010,51.28,％
存貨率,10,菸草製造業,09011,28.41,％
存貨率,10,菸草製造業,09012,15.75,％
存貨率,10,菸草製造業,09101,189.06,％
存貨率,10,菸草製造業,09102,162.71,％
存貨率,10,菸草製造業,09103,134.89,％
存貨率,10,菸草製造業,09104,67.90,％
存貨率,10,菸草製造業,09105,51.49,％
存貨率,10,菸草製造業,09106,112.62,％
存貨率,10,菸草製造業,09107,91.15,％
存貨率,10,菸草製造業,09108,82.13,％
存貨率,10,菸草製造業,09109,88.99,％
存貨率,10,菸草製造業,09110,97.34,％
存貨率,10,菸草製造業,09111,99.33,％
存貨率,10,菸草製造業,09112,86.65,％
存貨率,10,菸草製造業,09201,94.90,％
存貨率,10,菸草製造業,09202,125.18,％
存貨率,10,菸草製造業,09203,102.64,％
存貨率,10,菸草製造業,09204,97.74,％
存貨率,10,菸草製造業,09205,134.79,％
存貨率,10,菸草製造業,09206,117.56,％
存貨率,10,菸草製造業,09207,113.43,％
存貨率,10,菸草製造業,09208,127.65,％
存貨率,10,菸草製造業,09209,58.05,％
存貨率,10,菸草製造業,09210,45.26,％
存貨率,10,菸草製造業,09211,97.57,％
存貨率,10,菸草製造業,09212,161.92,％
存貨率,10,菸草製造業,09301,183.79,％
存貨率,10,菸草製造業,09302,204.04,％
存貨率,10,菸草製造業,09303,84.94,％
存貨率,10,菸草製造業,09304,109.11,％
存貨率,10,菸草製造業,09305,79.23,％
存貨率,10,菸草製造業,09306,98.71,％
存貨率,10,菸草製造業,09307,89.02,％
存貨率,10,菸草製造業,09308,105.29,％
存貨率,10,菸草製造業,09309,100.95,％
存貨率,10,菸草製造業,09310,88.16,％
存貨率,10,菸草製造業,09311,67.17,％
存貨率,10,菸草製造業,09312,45.83,％
存貨率,10,菸草製造業,09401,128.30,％
存貨率,10,菸草製造業,09402,49.06,％
存貨率,10,菸草製造業,09403,62.18,％
存貨率,10,菸草製造業,09404,143.20,％
存貨率,10,菸草製造業,09405,173.79,％
存貨率,10,菸草製造業,09406,174.25,％
存貨率,10,菸草製造業,09407,186.55,％
存貨率,10,菸草製造業,09408,125.82,％
存貨率,10,菸草製造業,09409,76.71,％
存貨率,10,菸草製造業,09410,78.38,％
存貨率,10,菸草製造業,09411,80.81,％
存貨率,10,菸草製造業,09412,104.31,％
存貨率,10,菸草製造業,09501,40.94,％
存貨率,10,菸草製造業,09502,42.14,％
存貨率,10,菸草製造業,09503,113.76,％
存貨率,10,菸草製造業,09504,91.72,％
存貨率,10,菸草製造業,09505,60.23,％
存貨率,10,菸草製造業,09506,72.49,％
存貨率,10,菸草製造業,09507,76.22,％
存貨率,10,菸草製造業,09508,58.51,％
存貨率,10,菸草製造業,09509,67.34,％
存貨率,10,菸草製造業,09510,67.00,％
存貨率,10,菸草製造業,09511,75.56,％
存貨率,10,菸草製造業,09512,69.20,％
存貨率,10,菸草製造業,09601,99.96,％
存貨率,10,菸草製造業,09602,103.69,％
存貨率,10,菸草製造業,09603,96.51,％
存貨率,10,菸草製造業,09604,83.10,％
存貨率,10,菸草製造業,09605,86.74,％
存貨率,10,菸草製造業,09606,87.48,％
存貨率,10,菸草製造業,09607,91.27,％
存貨率,10,菸草製造業,09608,87.76,％
存貨率,10,菸草製造業,09609,87.84,％
存貨率,10,菸草製造業,09610,81.29,％
存貨率,10,菸草製造業,09611,99.76,％
存貨率,10,菸草製造業,09612,86.84,％
存貨率,10,菸草製造業,09701,85.99,％
存貨率,10,菸草製造業,09702,120.84,％
存貨率,10,菸草製造業,09703,116.31,％
存貨率,10,菸草製造業,09704,96.21,％
存貨率,10,菸草製造業,09705,101.69,％
存貨率,10,菸草製造業,09706,102.19,％
存貨率,10,菸草製造業,09707,89.57,％
存貨率,10,菸草製造業,09708,87.89,％
存貨率,10,菸草製造業,09709,89.68,％
存貨率,10,菸草製造業,09710,73.80,％
存貨率,10,菸草製造業,09711,68.60,％
存貨率,10,菸草製造業,09712,53.56,％
存貨率,10,菸草製造業,09801,67.39,％
存貨率,10,菸草製造業,09802,77.23,％
存貨率,10,菸草製造業,09803,112.32,％
存貨率,10,菸草製造業,09804,115.62,％
存貨率,10,菸草製造業,09805,57.03,％
存貨率,10,菸草製造業,09806,118.58,％
存貨率,10,菸草製造業,09807,176.95,％
存貨率,10,菸草製造業,09808,109.14,％
存貨率,10,菸草製造業,09809,104.71,％
存貨率,10,菸草製造業,09810,157.58,％
存貨率,10,菸草製造業,09811,156.71,％
存貨率,10,菸草製造業,09812,28.24,％
存貨率,10,菸草製造業,09901,249.86,％
存貨率,10,菸草製造業,09902,143.05,％
存貨率,10,菸草製造業,09903,107.58,％
存貨率,10,菸草製造業,09904,100.62,％
存貨率,10,菸草製造業,09905,80.04,％
存貨率,10,菸草製造業,09906,75.97,％
存貨率,10,菸草製造業,09907,85.94,％
存貨率,10,菸草製造業,09908,89.39,％
存貨率,10,菸草製造業,09909,76.98,％
存貨率,10,菸草製造業,09910,106.65,％
存貨率,10,菸草製造業,09911,162.04,％
存貨率,10,菸草製造業,09912,38.72,％
存貨率,10,菸草製造業,10001,130.14,％
存貨率,10,菸草製造業,10002,149.87,％
存貨率,10,菸草製造業,10003,128.92,％
存貨率,10,菸草製造業,10004,103.26,％
存貨率,10,菸草製造業,10005,111.61,％
存貨率,10,菸草製造業,10006,83.78,％
存貨率,10,菸草製造業,10007,107.91,％
存貨率,10,菸草製造業,10008,121.01,％
存貨率,10,菸草製造業,10009,121.91,％
存貨率,10,菸草製造業,10010,126.09,％
存貨率,10,菸草製造業,10011,124.83,％
存貨率,10,菸草製造業,10012,130.88,％
存貨率,10,菸草製造業,10101,78.49,％
存貨率,10,菸草製造業,10102,113.08,％
存貨率,10,菸草製造業,10103,97.14,％
存貨率,10,菸草製造業,10104,155.09,％
存貨率,10,菸草製造業,10105,135.78,％
存貨率,10,菸草製造業,10106,119.65,％
存貨率,10,菸草製造業,10107,130.17,％
存貨率,10,菸草製造業,10108,123.38,％
存貨率,10,菸草製造業,10109,89.13,％
存貨率,10,菸草製造業,10110,107.10,％
存貨率,10,菸草製造業,10111,147.39,％
存貨率,10,菸草製造業,10112,114.21,％
存貨率,10,菸草製造業,10201,131.99,％
存貨率,10,菸草製造業,10202,139.76,％
存貨率,10,菸草製造業,10203,81.82,％
存貨率,10,菸草製造業,10204,105.85,％
存貨率,10,菸草製造業,10205,82.46,％
存貨率,10,菸草製造業,10206,112.77,％
存貨率,10,菸草製造業,10207,143.22,％
存貨率,10,菸草製造業,10208,124.95,％
存貨率,10,菸草製造業,10209,85.64,％
存貨率,10,菸草製造業,10210,135.83,％
存貨率,10,菸草製造業,10211,142.86,％
存貨率,10,菸草製造業,10212,114.55,％
存貨率,10,菸草製造業,10301,127.53,％
存貨率,10,菸草製造業,10302,152.06,％
存貨率,10,菸草製造業,10303,127.09,％
存貨率,10,菸草製造業,10304,102.09,％
存貨率,10,菸草製造業,10305,85.66,％
存貨率,10,菸草製造業,10306,104.75,％
存貨率,10,菸草製造業,10307,97.33,％
存貨率,10,菸草製造業,10308,145.61,％
存貨率,10,菸草製造業,10309,112.12,％
存貨率,10,菸草製造業,10310,118.81,％
存貨率,10,菸草製造業,10311,148.02,％
存貨率,10,菸草製造業,10312,103.24,％
存貨率,10,菸草製造業,10401,233.52,％
存貨率,10,菸草製造業,10402,150.18,％
存貨率,10,菸草製造業,10403,146.12,％
存貨率,10,菸草製造業,10404,132.39,％
存貨率,10,菸草製造業,10405,126.72,％
存貨率,10,菸草製造業,10406,111.84,％
存貨率,10,菸草製造業,10407,122.49,％
存貨率,10,菸草製造業,10408,105.76,％
存貨率,10,菸草製造業,10409,107.75,％
存貨率,10,菸草製造業,10410,113.01,％
存貨率,10,菸草製造業,10411,140.62,％
存貨率,10,菸草製造業,10412,92.41,％
存貨率,10,菸草製造業,10501,175.48,％
存貨率,10,菸草製造業,10502,178.95,％
存貨率,10,菸草製造業,10503,110.24,％
存貨率,10,菸草製造業,10504,113.67,％
存貨率,10,菸草製造業,10505,103.96,％
存貨率,10,菸草製造業,10506,119.67,％
存貨率,10,菸草製造業,10507,106.04,％
存貨率,10,菸草製造業,10508,152.19,％
存貨率,10,菸草製造業,10509,108.54,％
存貨率,10,菸草製造業,10510,79.44,％
存貨率,10,菸草製造業,10511,106.34,％
存貨率,10,菸草製造業,10512,149.26,％
存貨率,10,菸草製造業,10601,105.00,％
存貨率,10,菸草製造業,10602,173.33,％
存貨率,10,菸草製造業,10603,146.60,％
存貨率,10,菸草製造業,10604,106.76,％
存貨率,10,菸草製造業,10605,43.87,％
存貨率,10,菸草製造業,10606,61.02,％
存貨率,10,菸草製造業,10607,218.14,％
存貨率,10,菸草製造業,10608,184.29,％
存貨率,10,菸草製造業,10609,203.83,％
存貨率,10,菸草製造業,10610,219.42,％
存貨率,10,菸草製造業,10611,256.44,％
存貨率,10,菸草製造業,10612,91.09,％
存貨率,10,菸草製造業,10701,149.80,％
存貨率,10,菸草製造業,10702,154.88,％
存貨率,10,菸草製造業,10703,93.26,％
存貨率,10,菸草製造業,10704,125.17,％
存貨率,10,菸草製造業,10705,69.92,％
存貨率,10,菸草製造業,10706,75.82,％
存貨率,10,菸草製造業,10707,116.37,％
存貨率,10,菸草製造業,10708,100.34,％
存貨率,10,菸草製造業,10709,113.48,％
存貨率,10,菸草製造業,10710,138.14,％
存貨率,10,菸草製造業,10711,146.47,％
存貨率,10,菸草製造業,10712,54.61,％
存貨率,10,菸草製造業,10801,77.01,％
存貨率,10,菸草製造業,10802,151.67,％
存貨率,10,菸草製造業,10803,136.56,％
存貨率,10,菸草製造業,10804,128.32,％
存貨率,10,菸草製造業,10805,101.41,％
存貨率,10,菸草製造業,10806,122.85,％
存貨率,10,菸草製造業,10807,131.48,％
存貨率,10,菸草製造業,10808,135.70,％
存貨率,10,菸草製造業,10809,99.70,％
存貨率,10,菸草製造業,10810,106.15,％
存貨率,10,菸草製造業,10811,92.92,％
存貨率,10,菸草製造業,10812,57.10,％
存貨率,10,菸草製造業,10901,129.77,％
存貨率,10,菸草製造業,10902,166.97,％
存貨率,10,菸草製造業,10903,135.44,％
存貨率,10,菸草製造業,10904,126.20,％
存貨率,10,菸草製造業,10905,130.65,％
存貨率,10,菸草製造業,10906,122.08,％
存貨率,10,菸草製造業,10907,117.41,％
存貨率,10,菸草製造業,10908,133.93,％
存貨率,10,菸草製造業,10909,108.02,％
存貨率,10,菸草製造業,10910,119.50,％
存貨率,10,菸草製造業,10911,91.71,％
存貨率,10,菸草製造業,10912,91.85,％
存貨率,10,菸草製造業,11001,104.48,％
存貨率,10,菸草製造業,11002,149.46,％
存貨率,10,菸草製造業,11003,101.21,％
存貨率,10,菸草製造業,11004,96.29,％
存貨率,10,菸草製造業,11005,89.54,％
存貨率,10,菸草製造業,11006,125.51,％
存貨率,10,菸草製造業,11007,123.53,％
存貨率,10,菸草製造業,11008,144.87,％
存貨率,10,菸草製造業,11009,106.51,％
存貨率,10,菸草製造業,11010,94.67,％
存貨率,10,菸草製造業,11011,69.04,％
存貨率,10,菸草製造業,11012,74.64,％
存貨率,10,菸草製造業,11101,118.41,％
存貨率,10,菸草製造業,11102,148.06,％
存貨率,10,菸草製造業,11103,109.91,％
存貨率,10,菸草製造業,11104,89.93,％
存貨率,10,菸草製造業,11105,108.28,％
存貨率,10,菸草製造業,11106,103.02,％
存貨率,10,菸草製造業,11107,103.05,％
存貨率,10,菸草製造業,11108,100.60,％
存貨率,10,菸草製造業,11109,92.25,％
存貨率,10,菸草製造業,11110,81.03,％
存貨率,10,菸草製造業,11111,68.15,％
存貨率,10,菸草製造業,11112,79.11,％
存貨率,10,菸草製造業,11201,104.89,％
存貨率,10,菸草製造業,11202,120.67,％
存貨率,10,菸草製造業,11203,92.53,％
存貨率,10,菸草製造業,11204,120.48,％
存貨率,10,菸草製造業,11205,107.72,％
存貨率,10,菸草製造業,11206,102.94,％
存貨率,10,菸草製造業,11207,91.91,％
存貨率,10,菸草製造業,11208,91.18,％
存貨率,10,菸草製造業,11209,97.82,％
存貨率,10,菸草製造業,11210,97.53,％
存貨率,10,菸草製造業,11211,94.72,％
存貨率,10,菸草製造業,11212,44.98,％
存貨率,10,菸草製造業,11301,93.67,％
存貨率,10,菸草製造業,11302,110.32,％
存貨率,10,菸草製造業,11303,93.41,％
存貨率,10,菸草製造業,11304,87.30,％
存貨率,10,菸草製造業,11305,98.80,％
存貨率,10,菸草製造業,11306,100.96,％
存貨率,10,菸草製造業,11307,101.65,％
存貨率,10,菸草製造業,11308,104.03,％
存貨率,10,菸草製造業,11309,123.14,％
存貨率,10,菸草製造業,11310,104.46,％
存貨率,10,菸草製造業,11311,136.20,％
存貨率,10,菸草製造業,11312,121.37,％
存貨率,10,菸草製造業,11401,106.91,％
存貨率,10,菸草製造業,11402,111.41,％
存貨率,10,菸草製造業,11403,118.79,％
存貨率,10,菸草製造業,11404,137.43,％
存貨率,10,菸草製造業,11405,115.58,％
存貨率,10,菸草製造業,11406,125.36,％
存貨率,10,菸草製造業,11407,114.01,％
存貨率,10,菸草製造業,11408,108.29,％
存貨率,10,菸草製造業,11409,101.88,％
存貨率,10,菸草製造業,11410,97.09,％
存貨率,10,菸草製造業,11411,91.52,％
存貨率,10,菸草製造業,11412,85.33,％
存貨率,10,菸草製造業,11501,111.28,％
存貨率,10,菸草製造業,11502,145.02,％
存貨率,10,菸草製造業,11503,100.72,％
存貨率,10,菸草製造業,11504,109.38,％
存貨率,10,菸草製造業,11505,124.43,％
存貨率,10,菸草製造業,11506,116.22,％
存貨率,11,紡織業,07101,154.06,％
存貨率,11,紡織業,07102,157.76,％
存貨率,11,紡織業,07103,136.39,％
存貨率,11,紡織業,07104,139.42,％
存貨率,11,紡織業,07105,144.35,％
存貨率,11,紡織業,07106,147.14,％
存貨率,11,紡織業,07107,150.34,％
存貨率,11,紡織業,07108,158.69,％
存貨率,11,紡織業,07109,154.16,％
存貨率,11,紡織業,07110,157.51,％
存貨率,11,紡織業,07111,140.44,％
存貨率,11,紡織業,07112,127.59,％
存貨率,11,紡織業,07201,160.96,％
存貨率,11,紡織業,07202,211.39,％
存貨率,11,紡織業,07203,122.46,％
存貨率,11,紡織業,07204,116.26,％
存貨率,11,紡織業,07205,110.88,％
存貨率,11,紡織業,07206,118.79,％
存貨率,11,紡織業,07207,128.26,％
存貨率,11,紡織業,07208,121.86,％
存貨率,11,紡織業,07209,131.52,％
存貨率,11,紡織業,07210,133.79,％
存貨率,11,紡織業,07211,107.69,％
存貨率,11,紡織業,07212,103.34,％
存貨率,11,紡織業,07301,116.55,％
存貨率,11,紡織業,07302,138.86,％
存貨率,11,紡織業,07303,99.57,％
存貨率,11,紡織業,07304,100.23,％
存貨率,11,紡織業,07305,89.08,％
存貨率,11,紡織業,07306,97.55,％
存貨率,11,紡織業,07307,100.25,％
存貨率,11,紡織業,07308,104.56,％
存貨率,11,紡織業,07309,112.04,％
存貨率,11,紡織業,07310,117.12,％
存貨率,11,紡織業,07311,110.69,％
存貨率,11,紡織業,07312,99.64,％
存貨率,11,紡織業,07401,127.06,％
存貨率,11,紡織業,07402,162.32,％
存貨率,11,紡織業,07403,103.54,％
存貨率,11,紡織業,07404,105.07,％
存貨率,11,紡織業,07405,109.67,％
存貨率,11,紡織業,07406,126.93,％
存貨率,11,紡織業,07407,115.67,％
存貨率,11,紡織業,07408,126.82,％
存貨率,11,紡織業,07409,120.02,％
存貨率,11,紡織業,07410,107.21,％
存貨率,11,紡織業,07411,98.01,％
存貨率,11,紡織業,07412,89.11,％
存貨率,11,紡織業,07501,83.51,％
存貨率,11,紡織業,07502,106.11,％
存貨率,11,紡織業,07503,65.99,％
存貨率,11,紡織業,07504,76.53,％
存貨率,11,紡織業,07505,76.29,％
存貨率,11,紡織業,07506,80.68,％
存貨率,11,紡織業,07507,80.98,％
存貨率,11,紡織業,07508,85.70,％
存貨率,11,紡織業,07509,90.32,％
存貨率,11,紡織業,07510,78.13,％
存貨率,11,紡織業,07511,76.57,％
存貨率,11,紡織業,07512,72.64,％
存貨率,11,紡織業,07601,100.25,％
存貨率,11,紡織業,07602,90.19,％
存貨率,11,紡織業,07603,80.84,％
存貨率,11,紡織業,07604,82.97,％
存貨率,11,紡織業,07605,85.03,％
存貨率,11,紡織業,07606,94.81,％
存貨率,11,紡織業,07607,101.71,％
存貨率,11,紡織業,07608,104.66,％
存貨率,11,紡織業,07609,105.97,％
存貨率,11,紡織業,07610,107.29,％
存貨率,11,紡織業,07611,110.93,％
存貨率,11,紡織業,07612,103.21,％
存貨率,11,紡織業,07701,120.71,％
存貨率,11,紡織業,07702,127.22,％
存貨率,11,紡織業,07703,92.54,％
存貨率,11,紡織業,07704,91.56,％
存貨率,11,紡織業,07705,94.28,％
存貨率,11,紡織業,07706,100.91,％
存貨率,11,紡織業,07707,105.37,％
存貨率,11,紡織業,07708,113.69,％
存貨率,11,紡織業,07709,121.11,％
存貨率,11,紡織業,07710,126.38,％
存貨率,11,紡織業,07711,125.23,％
存貨率,11,紡織業,07712,107.77,％
存貨率,11,紡織業,07801,114.67,％
存貨率,11,紡織業,07802,129.83,％
存貨率,11,紡織業,07803,92.50,％
存貨率,11,紡織業,07804,96.32,％
存貨率,11,紡織業,07805,98.64,％
存貨率,11,紡織業,07806,103.56,％
存貨率,11,紡織業,07807,113.78,％
存貨率,11,紡織業,07808,114.82,％
存貨率,11,紡織業,07809,122.23,％
存貨率,11,紡織業,07810,123.41,％
存貨率,11,紡織業,07811,113.12,％
存貨率,11,紡織業,07812,108.59,％
存貨率,11,紡織業,07901,156.90,％
存貨率,11,紡織業,07902,127.96,％
存貨率,11,紡織業,07903,108.05,％
存貨率,11,紡織業,07904,112.05,％
存貨率,11,紡織業,07905,111.38,％
存貨率,11,紡織業,07906,110.85,％
存貨率,11,紡織業,07907,111.82,％
存貨率,11,紡織業,07908,104.05,％
存貨率,11,紡織業,07909,106.94,％
存貨率,11,紡織業,07910,100.01,％
存貨率,11,紡織業,07911,90.94,％
存貨率,11,紡織業,07912,88.55,％
存貨率,11,紡織業,08001,98.78,％
存貨率,11,紡織業,08002,124.33,％
存貨率,11,紡織業,08003,87.42,％
存貨率,11,紡織業,08004,84.16,％
存貨率,11,紡織業,08005,81.42,％
存貨率,11,紡織業,08006,88.35,％
存貨率,11,紡織業,08007,89.21,％
存貨率,11,紡織業,08008,90.86,％
存貨率,11,紡織業,08009,98.02,％
存貨率,11,紡織業,08010,96.19,％
存貨率,11,紡織業,08011,99.39,％
存貨率,11,紡織業,08012,99.73,％
存貨率,11,紡織業,08101,114.90,％
存貨率,11,紡織業,08102,139.18,％
存貨率,11,紡織業,08103,107.72,％
存貨率,11,紡織業,08104,106.44,％
存貨率,11,紡織業,08105,111.48,％
存貨率,11,紡織業,08106,120.23,％
存貨率,11,紡織業,08107,127.02,％
存貨率,11,紡織業,08108,136.83,％
存貨率,11,紡織業,08109,138.26,％
存貨率,11,紡織業,08110,137.46,％
存貨率,11,紡織業,08111,134.21,％
存貨率,11,紡織業,08112,128.21,％
存貨率,11,紡織業,08201,189.45,％
存貨率,11,紡織業,08202,145.11,％
存貨率,11,紡織業,08203,123.10,％
存貨率,11,紡織業,08204,122.93,％
存貨率,11,紡織業,08205,126.12,％
存貨率,11,紡織業,08206,133.38,％
存貨率,11,紡織業,08207,126.52,％
存貨率,11,紡織業,08208,131.57,％
存貨率,11,紡織業,08209,131.24,％
存貨率,11,紡織業,08210,120.30,％
存貨率,11,紡織業,08211,118.58,％
存貨率,11,紡織業,08212,111.31,％
存貨率,11,紡織業,08301,122.03,％
存貨率,11,紡織業,08302,148.22,％
存貨率,11,紡織業,08303,100.57,％
存貨率,11,紡織業,08304,100.96,％
存貨率,11,紡織業,08305,93.89,％
存貨率,11,紡織業,08306,97.72,％
存貨率,11,紡織業,08307,106.49,％
存貨率,11,紡織業,08308,108.62,％
存貨率,11,紡織業,08309,111.31,％
存貨率,11,紡織業,08310,113.59,％
存貨率,11,紡織業,08311,105.58,％
存貨率,11,紡織業,08312,99.62,％
存貨率,11,紡織業,08401,131.00,％
存貨率,11,紡織業,08402,138.29,％
存貨率,11,紡織業,08403,105.97,％
存貨率,11,紡織業,08404,122.64,％
存貨率,11,紡織業,08405,126.54,％
存貨率,11,紡織業,08406,148.06,％
存貨率,11,紡織業,08407,154.22,％
存貨率,11,紡織業,08408,145.54,％
存貨率,11,紡織業,08409,134.43,％
存貨率,11,紡織業,08410,131.44,％
存貨率,11,紡織業,08411,124.61,％
存貨率,11,紡織業,08412,122.09,％
存貨率,11,紡織業,08501,134.79,％
存貨率,11,紡織業,08502,173.74,％
存貨率,11,紡織業,08503,117.30,％
存貨率,11,紡織業,08504,107.51,％
存貨率,11,紡織業,08505,102.65,％
存貨率,11,紡織業,08506,111.11,％
存貨率,11,紡織業,08507,110.88,％
存貨率,11,紡織業,08508,107.50,％
存貨率,11,紡織業,08509,117.02,％
存貨率,11,紡織業,08510,112.15,％
存貨率,11,紡織業,08511,112.32,％
存貨率,11,紡織業,08512,109.89,％
存貨率,11,紡織業,08601,119.56,％
存貨率,11,紡織業,08602,147.08,％
存貨率,11,紡織業,08603,104.66,％
存貨率,11,紡織業,08604,104.17,％
存貨率,11,紡織業,08605,101.80,％
存貨率,11,紡織業,08606,107.89,％
存貨率,11,紡織業,08607,107.82,％
存貨率,11,紡織業,08608,116.50,％
存貨率,11,紡織業,08609,122.49,％
存貨率,11,紡織業,08610,124.53,％
存貨率,11,紡織業,08611,130.12,％
存貨率,11,紡織業,08612,115.16,％
存貨率,11,紡織業,08701,176.14,％
存貨率,11,紡織業,08702,143.47,％
存貨率,11,紡織業,08703,119.00,％
存貨率,11,紡織業,08704,116.99,％
存貨率,11,紡織業,08705,126.88,％
存貨率,11,紡織業,08706,123.39,％
存貨率,11,紡織業,08707,126.34,％
存貨率,11,紡織業,08708,129.41,％
存貨率,11,紡織業,08709,127.92,％
存貨率,11,紡織業,08710,133.30,％
存貨率,11,紡織業,08711,145.10,％
存貨率,11,紡織業,08712,136.40,％
存貨率,11,紡織業,08801,146.66,％
存貨率,11,紡織業,08802,186.90,％
存貨率,11,紡織業,08803,106.44,％
存貨率,11,紡織業,08804,98.81,％
存貨率,11,紡織業,08805,101.50,％
存貨率,11,紡織業,08806,111.86,％
存貨率,11,紡織業,08807,119.98,％
存貨率,11,紡織業,08808,129.40,％
存貨率,11,紡織業,08809,136.04,％
存貨率,11,紡織業,08810,120.49,％
存貨率,11,紡織業,08811,123.97,％
存貨率,11,紡織業,08812,128.27,％
存貨率,11,紡織業,08901,147.16,％
存貨率,11,紡織業,08902,172.84,％
存貨率,11,紡織業,08903,116.00,％
存貨率,11,紡織業,08904,135.10,％
存貨率,11,紡織業,08905,125.52,％
存貨率,11,紡織業,08906,130.38,％
存貨率,11,紡織業,08907,144.16,％
存貨率,11,紡織業,08908,149.05,％
存貨率,11,紡織業,08909,147.75,％
存貨率,11,紡織業,08910,148.26,％
存貨率,11,紡織業,08911,146.75,％
存貨率,11,紡織業,08912,151.53,％
存貨率,11,紡織業,09001,194.82,％
存貨率,11,紡織業,09002,155.07,％
存貨率,11,紡織業,09003,127.28,％
存貨率,11,紡織業,09004,133.57,％
存貨率,11,紡織業,09005,130.54,％
存貨率,11,紡織業,09006,143.66,％
存貨率,11,紡織業,09007,156.39,％
存貨率,11,紡織業,09008,146.66,％
存貨率,11,紡織業,09009,165.72,％
存貨率,11,紡織業,09010,151.17,％
存貨率,11,紡織業,09011,160.29,％
存貨率,11,紡織業,09012,167.54,％
存貨率,11,紡織業,09101,156.85,％
存貨率,11,紡織業,09102,177.28,％
存貨率,11,紡織業,09103,119.81,％
存貨率,11,紡織業,09104,112.58,％
存貨率,11,紡織業,09105,117.72,％
存貨率,11,紡織業,09106,135.96,％
存貨率,11,紡織業,09107,138.93,％
存貨率,11,紡織業,09108,135.15,％
存貨率,11,紡織業,09109,141.08,％
存貨率,11,紡織業,09110,132.84,％
存貨率,11,紡織業,09111,145.31,％
存貨率,11,紡織業,09112,142.80,％
存貨率,11,紡織業,09201,147.39,％
存貨率,11,紡織業,09202,166.56,％
存貨率,11,紡織業,09203,142.94,％
存貨率,11,紡織業,09204,144.70,％
存貨率,11,紡織業,09205,141.60,％
存貨率,11,紡織業,09206,140.59,％
存貨率,11,紡織業,09207,144.65,％
存貨率,11,紡織業,09208,147.48,％
存貨率,11,紡織業,09209,143.40,％
存貨率,11,紡織業,09210,129.31,％
存貨率,11,紡織業,09211,133.68,％
存貨率,11,紡織業,09212,131.99,％
存貨率,11,紡織業,09301,175.48,％
存貨率,11,紡織業,09302,149.04,％
存貨率,11,紡織業,09303,138.56,％
存貨率,11,紡織業,09304,128.36,％
存貨率,11,紡織業,09305,130.71,％
存貨率,11,紡織業,09306,128.87,％
存貨率,11,紡織業,09307,134.47,％
存貨率,11,紡織業,09308,132.94,％
存貨率,11,紡織業,09309,133.97,％
存貨率,11,紡織業,09310,133.43,％
存貨率,11,紡織業,09311,147.20,％
存貨率,11,紡織業,09312,160.45,％
存貨率,11,紡織業,09401,170.52,％
存貨率,11,紡織業,09402,218.75,％
存貨率,11,紡織業,09403,146.24,％
存貨率,11,紡織業,09404,156.29,％
存貨率,11,紡織業,09405,157.37,％
存貨率,11,紡織業,09406,149.16,％
存貨率,11,紡織業,09407,166.99,％
存貨率,11,紡織業,09408,158.11,％
存貨率,11,紡織業,09409,151.12,％
存貨率,11,紡織業,09410,160.53,％
存貨率,11,紡織業,09411,163.80,％
存貨率,11,紡織業,09412,150.54,％
存貨率,11,紡織業,09501,179.40,％
存貨率,11,紡織業,09502,174.65,％
存貨率,11,紡織業,09503,125.96,％
存貨率,11,紡織業,09504,135.93,％
存貨率,11,紡織業,09505,130.02,％
存貨率,11,紡織業,09506,130.74,％
存貨率,11,紡織業,09507,143.70,％
存貨率,11,紡織業,09508,133.13,％
存貨率,11,紡織業,09509,144.13,％
存貨率,11,紡織業,09510,147.11,％
存貨率,11,紡織業,09511,138.70,％
存貨率,11,紡織業,09512,139.35,％
存貨率,11,紡織業,09601,141.84,％
存貨率,11,紡織業,09602,194.68,％
存貨率,11,紡織業,09603,119.03,％
存貨率,11,紡織業,09604,122.17,％
存貨率,11,紡織業,09605,116.89,％
存貨率,11,紡織業,09606,127.21,％
存貨率,11,紡織業,09607,134.55,％
存貨率,11,紡織業,09608,130.12,％
存貨率,11,紡織業,09609,146.20,％
存貨率,11,紡織業,09610,132.45,％
存貨率,11,紡織業,09611,133.43,％
存貨率,11,紡織業,09612,145.60,％
存貨率,11,紡織業,09701,160.33,％
存貨率,11,紡織業,09702,188.85,％
存貨率,11,紡織業,09703,138.92,％
存貨率,11,紡織業,09704,140.64,％
存貨率,11,紡織業,09705,147.56,％
存貨率,11,紡織業,09706,164.64,％
存貨率,11,紡織業,09707,177.50,％
存貨率,11,紡織業,09708,183.17,％
存貨率,11,紡織業,09709,183.26,％
存貨率,11,紡織業,09710,181.19,％
存貨率,11,紡織業,09711,220.59,％
存貨率,11,紡織業,09712,191.61,％
存貨率,11,紡織業,09801,286.27,％
存貨率,11,紡織業,09802,204.46,％
存貨率,11,紡織業,09803,169.64,％
存貨率,11,紡織業,09804,161.16,％
存貨率,11,紡織業,09805,187.54,％
存貨率,11,紡織業,09806,171.98,％
存貨率,11,紡織業,09807,170.95,％
存貨率,11,紡織業,09808,173.18,％
存貨率,11,紡織業,09809,163.27,％
存貨率,11,紡織業,09810,156.48,％
存貨率,11,紡織業,09811,162.26,％
存貨率,11,紡織業,09812,136.93,％
存貨率,11,紡織業,09901,148.56,％
存貨率,11,紡織業,09902,194.85,％
存貨率,11,紡織業,09903,114.02,％
存貨率,11,紡織業,09904,109.19,％
存貨率,11,紡織業,09905,117.17,％
存貨率,11,紡織業,09906,122.91,％
存貨率,11,紡織業,09907,128.11,％
存貨率,11,紡織業,09908,132.43,％
存貨率,11,紡織業,09909,133.07,％
存貨率,11,紡織業,09910,125.72,％
存貨率,11,紡織業,09911,124.57,％
存貨率,11,紡織業,09912,120.83,％
存貨率,11,紡織業,10001,130.14,％
存貨率,11,紡織業,10002,169.87,％
存貨率,11,紡織業,10003,117.01,％
存貨率,11,紡織業,10004,138.40,％
存貨率,11,紡織業,10005,148.69,％
存貨率,11,紡織業,10006,150.33,％
存貨率,11,紡織業,10007,160.04,％
存貨率,11,紡織業,10008,147.10,％
存貨率,11,紡織業,10009,141.11,％
存貨率,11,紡織業,10010,155.21,％
存貨率,11,紡織業,10011,163.27,％
存貨率,11,紡織業,10012,147.02,％
存貨率,11,紡織業,10101,198.94,％
存貨率,11,紡織業,10102,157.73,％
存貨率,11,紡織業,10103,134.27,％
存貨率,11,紡織業,10104,141.50,％
存貨率,11,紡織業,10105,150.12,％
存貨率,11,紡織業,10106,167.14,％
存貨率,11,紡織業,10107,175.96,％
存貨率,11,紡織業,10108,160.16,％
存貨率,11,紡織業,10109,163.83,％
存貨率,11,紡織業,10110,158.22,％
存貨率,11,紡織業,10111,165.01,％
存貨率,11,紡織業,10112,171.38,％
存貨率,11,紡織業,10201,164.98,％
存貨率,11,紡織業,10202,226.30,％
存貨率,11,紡織業,10203,146.99,％
存貨率,11,紡織業,10204,159.10,％
存貨率,11,紡織業,10205,151.29,％
存貨率,11,紡織業,10206,176.28,％
存貨率,11,紡織業,10207,174.91,％
存貨率,11,紡織業,10208,165.33,％
存貨率,11,紡織業,10209,170.48,％
存貨率,11,紡織業,10210,154.50,％
存貨率,11,紡織業,10211,161.12,％
存貨率,11,紡織業,10212,167.06,％
存貨率,11,紡織業,10301,182.43,％
存貨率,11,紡織業,10302,193.35,％
存貨率,11,紡織業,10303,151.50,％
存貨率,11,紡織業,10304,148.61,％
存貨率,11,紡織業,10305,156.48,％
存貨率,11,紡織業,10306,168.17,％
存貨率,11,紡織業,10307,165.73,％
存貨率,11,紡織業,10308,156.60,％
存貨率,11,紡織業,10309,155.00,％
存貨率,11,紡織業,10310,149.61,％
存貨率,11,紡織業,10311,167.13,％
存貨率,11,紡織業,10312,152.89,％
存貨率,11,紡織業,10401,169.23,％
存貨率,11,紡織業,10402,213.57,％
存貨率,11,紡織業,10403,145.38,％
存貨率,11,紡織業,10404,153.94,％
存貨率,11,紡織業,10405,167.25,％
存貨率,11,紡織業,10406,170.59,％
存貨率,11,紡織業,10407,173.03,％
存貨率,11,紡織業,10408,178.02,％
存貨率,11,紡織業,10409,170.28,％
存貨率,11,紡織業,10410,162.41,％
存貨率,11,紡織業,10411,184.54,％
存貨率,11,紡織業,10412,175.89,％
存貨率,11,紡織業,10501,200.25,％
存貨率,11,紡織業,10502,237.76,％
存貨率,11,紡織業,10503,163.84,％
存貨率,11,紡織業,10504,182.07,％
存貨率,11,紡織業,10505,180.19,％
存貨率,11,紡織業,10506,189.35,％
存貨率,11,紡織業,10507,197.60,％
存貨率,11,紡織業,10508,177.10,％
存貨率,11,紡織業,10509,176.64,％
存貨率,11,紡織業,10510,187.03,％
存貨率,11,紡織業,10511,184.81,％
存貨率,11,紡織業,10512,180.92,％
存貨率,11,紡織業,10601,226.06,％
存貨率,11,紡織業,10602,220.57,％
存貨率,11,紡織業,10603,152.31,％
存貨率,11,紡織業,10604,194.83,％
存貨率,11,紡織業,10605,191.30,％
存貨率,11,紡織業,10606,176.34,％
存貨率,11,紡織業,10607,195.59,％
存貨率,11,紡織業,10608,180.52,％
存貨率,11,紡織業,10609,181.01,％
存貨率,11,紡織業,10610,184.32,％
存貨率,11,紡織業,10611,182.80,％
存貨率,11,紡織業,10612,181.30,％
存貨率,11,紡織業,10701,182.70,％
存貨率,11,紡織業,10702,256.04,％
存貨率,11,紡織業,10703,157.89,％
存貨率,11,紡織業,10704,188.01,％
存貨率,11,紡織業,10705,177.89,％
存貨率,11,紡織業,10706,164.90,％
存貨率,11,紡織業,10707,172.07,％
存貨率,11,紡織業,10708,151.21,％
存貨率,11,紡織業,10709,171.00,％
存貨率,11,紡織業,10710,163.85,％
存貨率,11,紡織業,10711,170.74,％
存貨率,11,紡織業,10712,169.76,％
存貨率,11,紡織業,10801,149.80,％
存貨率,11,紡織業,10802,209.65,％
存貨率,11,紡織業,10803,152.26,％
存貨率,11,紡織業,10804,161.45,％
存貨率,11,紡織業,10805,162.45,％
存貨率,11,紡織業,10806,184.50,％
存貨率,11,紡織業,10807,173.99,％
存貨率,11,紡織業,10808,159.42,％
存貨率,11,紡織業,10809,170.30,％
存貨率,11,紡織業,10810,161.71,％
存貨率,11,紡織業,10811,174.61,％
存貨率,11,紡織業,10812,162.54,％
存貨率,11,紡織業,10901,206.29,％
存貨率,11,紡織業,10902,176.63,％
存貨率,11,紡織業,10903,158.30,％
存貨率,11,紡織業,10904,244.38,％
存貨率,11,紡織業,10905,247.10,％
存貨率,11,紡織業,10906,236.48,％
存貨率,11,紡織業,10907,203.43,％
存貨率,11,紡織業,10908,190.11,％
存貨率,11,紡織業,10909,152.48,％
存貨率,11,紡織業,10910,169.16,％
存貨率,11,紡織業,10911,170.83,％
存貨率,11,紡織業,10912,146.79,％
存貨率,11,紡織業,11001,149.92,％
存貨率,11,紡織業,11002,193.06,％
存貨率,11,紡織業,11003,132.76,％
存貨率,11,紡織業,11004,151.66,％
存貨率,11,紡織業,11005,147.17,％
存貨率,11,紡織業,11006,149.94,％
存貨率,11,紡織業,11007,153.67,％
存貨率,11,紡織業,11008,152.92,％
存貨率,11,紡織業,11009,164.85,％
存貨率,11,紡織業,11010,161.09,％
存貨率,11,紡織業,11011,151.45,％
存貨率,11,紡織業,11012,149.84,％
存貨率,11,紡織業,11101,154.38,％
存貨率,11,紡織業,11102,201.53,％
存貨率,11,紡織業,11103,142.05,％
存貨率,11,紡織業,11104,169.48,％
存貨率,11,紡織業,11105,175.68,％
存貨率,11,紡織業,11106,177.91,％
存貨率,11,紡織業,11107,188.41,％
存貨率,11,紡織業,11108,180.78,％
存貨率,11,紡織業,11109,196.10,％
存貨率,11,紡織業,11110,235.29,％
存貨率,11,紡織業,11111,226.85,％
存貨率,11,紡織業,11112,215.74,％
存貨率,11,紡織業,11201,300.78,％
存貨率,11,紡織業,11202,255.10,％
存貨率,11,紡織業,11203,209.54,％
存貨率,11,紡織業,11204,272.46,％
存貨率,11,紡織業,11205,235.13,％
存貨率,11,紡織業,11206,240.58,％
存貨率,11,紡織業,11207,242.70,％
存貨率,11,紡織業,11208,232.10,％
存貨率,11,紡織業,11209,227.21,％
存貨率,11,紡織業,11210,251.27,％
存貨率,11,紡織業,11211,226.15,％
存貨率,11,紡織業,11212,225.79,％
存貨率,11,紡織業,11301,225.20,％
存貨率,11,紡織業,11302,286.28,％
存貨率,11,紡織業,11303,207.41,％
存貨率,11,紡織業,11304,216.17,％
存貨率,11,紡織業,11305,200.69,％
存貨率,11,紡織業,11306,230.75,％
存貨率,11,紡織業,11307,221.81,％
存貨率,11,紡織業,11308,202.99,％
存貨率,11,紡織業,11309,224.60,％
存貨率,11,紡織業,11310,231.00,％
存貨率,11,紡織業,11311,219.81,％
存貨率,11,紡織業,11312,201.66,％
存貨率,11,紡織業,11401,248.67,％
存貨率,11,紡織業,11402,226.32,％
存貨率,11,紡織業,11403,195.44,％
存貨率,11,紡織業,11404,217.71,％
存貨率,11,紡織業,11405,208.55,％
存貨率,11,紡織業,11406,226.82,％
存貨率,11,紡織業,11407,220.46,％
存貨率,11,紡織業,11408,213.33,％
存貨率,11,紡織業,11409,220.10,％
存貨率,11,紡織業,11410,229.51,％
存貨率,11,紡織業,11411,234.27,％
存貨率,11,紡織業,11412,202.58,％
存貨率,11,紡織業,11501,211.24,％
存貨率,11,紡織業,11502,318.04,％
存貨率,11,紡織業,11503,197.83,％
存貨率,11,紡織業,11504,214.10,％
存貨率,11,紡織業,11505,234.43,％
存貨率,11,紡織業,11506,234.95,％
存貨率,12,成衣及服飾品製造業,07101,37.68,％
存貨率,12,成衣及服飾品製造業,07102,39.13,％
存貨率,12,成衣及服飾品製造業,07103,29.17,％
存貨率,12,成衣及服飾品製造業,07104,26.21,％
存貨率,12,成衣及服飾品製造業,07105,23.10,％
存貨率,12,成衣及服飾品製造業,07106,23.09,％
存貨率,12,成衣及服飾品製造業,07107,23.57,％
存貨率,12,成衣及服飾品製造業,07108,27.51,％
存貨率,12,成衣及服飾品製造業,07109,29.67,％
存貨率,12,成衣及服飾品製造業,07110,38.06,％
存貨率,12,成衣及服飾品製造業,07111,37.60,％
存貨率,12,成衣及服飾品製造業,07112,28.04,％
存貨率,12,成衣及服飾品製造業,07201,39.59,％
存貨率,12,成衣及服飾品製造業,07202,49.85,％
存貨率,12,成衣及服飾品製造業,07203,45.57,％
存貨率,12,成衣及服飾品製造業,07204,35.63,％
存貨率,12,成衣及服飾品製造業,07205,36.00,％
存貨率,12,成衣及服飾品製造業,07206,36.98,％
存貨率,12,成衣及服飾品製造業,07207,36.73,％
存貨率,12,成衣及服飾品製造業,07208,37.61,％
存貨率,12,成衣及服飾品製造業,07209,35.80,％
存貨率,12,成衣及服飾品製造業,07210,40.43,％
存貨率,12,成衣及服飾品製造業,07211,47.13,％
存貨率,12,成衣及服飾品製造業,07212,41.47,％
存貨率,12,成衣及服飾品製造業,07301,32.97,％
存貨率,12,成衣及服飾品製造業,07302,63.94,％
存貨率,12,成衣及服飾品製造業,07303,35.47,％
存貨率,12,成衣及服飾品製造業,07304,36.61,％
存貨率,12,成衣及服飾品製造業,07305,31.94,％
存貨率,12,成衣及服飾品製造業,07306,35.03,％
存貨率,12,成衣及服飾品製造業,07307,32.63,％
存貨率,12,成衣及服飾品製造業,07308,36.24,％
存貨率,12,成衣及服飾品製造業,07309,42.68,％
存貨率,12,成衣及服飾品製造業,07310,38.66,％
存貨率,12,成衣及服飾品製造業,07311,49.14,％
存貨率,12,成衣及服飾品製造業,07312,36.97,％
存貨率,12,成衣及服飾品製造業,07401,54.40,％
存貨率,12,成衣及服飾品製造業,07402,69.23,％
存貨率,12,成衣及服飾品製造業,07403,44.98,％
存貨率,12,成衣及服飾品製造業,07404,47.95,％
存貨率,12,成衣及服飾品製造業,07405,39.09,％
存貨率,12,成衣及服飾品製造業,07406,40.05,％
存貨率,12,成衣及服飾品製造業,07407,36.90,％
存貨率,12,成衣及服飾品製造業,07408,35.37,％
存貨率,12,成衣及服飾品製造業,07409,38.46,％
存貨率,12,成衣及服飾品製造業,07410,40.54,％
存貨率,12,成衣及服飾品製造業,07411,38.67,％
存貨率,12,成衣及服飾品製造業,07412,26.98,％
存貨率,12,成衣及服飾品製造業,07501,36.84,％
存貨率,12,成衣及服飾品製造業,07502,51.64,％
存貨率,12,成衣及服飾品製造業,07503,39.56,％
存貨率,12,成衣及服飾品製造業,07504,39.62,％
存貨率,12,成衣及服飾品製造業,07505,39.14,％
存貨率,12,成衣及服飾品製造業,07506,40.94,％
存貨率,12,成衣及服飾品製造業,07507,36.59,％
存貨率,12,成衣及服飾品製造業,07508,36.29,％
存貨率,12,成衣及服飾品製造業,07509,37.04,％
存貨率,12,成衣及服飾品製造業,07510,36.67,％
存貨率,12,成衣及服飾品製造業,07511,39.68,％
存貨率,12,成衣及服飾品製造業,07512,30.30,％
存貨率,12,成衣及服飾品製造業,07601,40.41,％
存貨率,12,成衣及服飾品製造業,07602,55.92,％
存貨率,12,成衣及服飾品製造業,07603,46.24,％
存貨率,12,成衣及服飾品製造業,07604,43.84,％
存貨率,12,成衣及服飾品製造業,07605,42.70,％
存貨率,12,成衣及服飾品製造業,07606,45.75,％
存貨率,12,成衣及服飾品製造業,07607,38.61,％
存貨率,12,成衣及服飾品製造業,07608,40.46,％
存貨率,12,成衣及服飾品製造業,07609,37.69,％
存貨率,12,成衣及服飾品製造業,07610,39.82,％
存貨率,12,成衣及服飾品製造業,07611,46.60,％
存貨率,12,成衣及服飾品製造業,07612,25.07,％
存貨率,12,成衣及服飾品製造業,07701,65.32,％
存貨率,12,成衣及服飾品製造業,07702,67.98,％
存貨率,12,成衣及服飾品製造業,07703,64.88,％
存貨率,12,成衣及服飾品製造業,07704,65.67,％
存貨率,12,成衣及服飾品製造業,07705,63.96,％
存貨率,12,成衣及服飾品製造業,07706,62.63,％
存貨率,12,成衣及服飾品製造業,07707,58.82,％
存貨率,12,成衣及服飾品製造業,07708,64.50,％
存貨率,12,成衣及服飾品製造業,07709,40.24,％
存貨率,12,成衣及服飾品製造業,07710,75.36,％
存貨率,12,成衣及服飾品製造業,07711,77.43,％
存貨率,12,成衣及服飾品製造業,07712,37.33,％
存貨率,12,成衣及服飾品製造業,07801,36.20,％
存貨率,12,成衣及服飾品製造業,07802,45.69,％
存貨率,12,成衣及服飾品製造業,07803,32.99,％
存貨率,12,成衣及服飾品製造業,07804,31.43,％
存貨率,12,成衣及服飾品製造業,07805,30.79,％
存貨率,12,成衣及服飾品製造業,07806,32.27,％
存貨率,12,成衣及服飾品製造業,07807,31.73,％
存貨率,12,成衣及服飾品製造業,07808,32.83,％
存貨率,12,成衣及服飾品製造業,07809,33.64,％
存貨率,12,成衣及服飾品製造業,07810,38.70,％
存貨率,12,成衣及服飾品製造業,07811,41.18,％
存貨率,12,成衣及服飾品製造業,07812,29.37,％
存貨率,12,成衣及服飾品製造業,07901,51.63,％
存貨率,12,成衣及服飾品製造業,07902,71.41,％
存貨率,12,成衣及服飾品製造業,07903,56.75,％
存貨率,12,成衣及服飾品製造業,07904,66.67,％
存貨率,12,成衣及服飾品製造業,07905,59.56,％
存貨率,12,成衣及服飾品製造業,07906,56.61,％
存貨率,12,成衣及服飾品製造業,07907,56.66,％
存貨率,12,成衣及服飾品製造業,07908,58.24,％
存貨率,12,成衣及服飾品製造業,07909,60.81,％
存貨率,12,成衣及服飾品製造業,07910,60.40,％
存貨率,12,成衣及服飾品製造業,07911,58.42,％
存貨率,12,成衣及服飾品製造業,07912,40.87,％
存貨率,12,成衣及服飾品製造業,08001,87.34,％
存貨率,12,成衣及服飾品製造業,08002,91.86,％
存貨率,12,成衣及服飾品製造業,08003,70.48,％
存貨率,12,成衣及服飾品製造業,08004,70.52,％
存貨率,12,成衣及服飾品製造業,08005,53.33,％
存貨率,12,成衣及服飾品製造業,08006,50.74,％
存貨率,12,成衣及服飾品製造業,08007,54.01,％
存貨率,12,成衣及服飾品製造業,08008,44.11,％
存貨率,12,成衣及服飾品製造業,08009,61.38,％
存貨率,12,成衣及服飾品製造業,08010,56.46,％
存貨率,12,成衣及服飾品製造業,08011,60.96,％
存貨率,12,成衣及服飾品製造業,08012,48.60,％
存貨率,12,成衣及服飾品製造業,08101,31.72,％
存貨率,12,成衣及服飾品製造業,08102,50.77,％
存貨率,12,成衣及服飾品製造業,08103,46.93,％
存貨率,12,成衣及服飾品製造業,08104,47.20,％
存貨率,12,成衣及服飾品製造業,08105,58.58,％
存貨率,12,成衣及服飾品製造業,08106,53.31,％
存貨率,12,成衣及服飾品製造業,08107,65.21,％
存貨率,12,成衣及服飾品製造業,08108,66.33,％
存貨率,12,成衣及服飾品製造業,08109,67.74,％
存貨率,12,成衣及服飾品製造業,08110,67.64,％
存貨率,12,成衣及服飾品製造業,08111,77.87,％
存貨率,12,成衣及服飾品製造業,08112,62.79,％
存貨率,12,成衣及服飾品製造業,08201,102.71,％
存貨率,12,成衣及服飾品製造業,08202,93.04,％
存貨率,12,成衣及服飾品製造業,08203,90.65,％
存貨率,12,成衣及服飾品製造業,08204,96.13,％
存貨率,12,成衣及服飾品製造業,08205,79.04,％
存貨率,12,成衣及服飾品製造業,08206,79.56,％
存貨率,12,成衣及服飾品製造業,08207,65.69,％
存貨率,12,成衣及服飾品製造業,08208,68.05,％
存貨率,12,成衣及服飾品製造業,08209,69.77,％
存貨率,12,成衣及服飾品製造業,08210,73.93,％
存貨率,12,成衣及服飾品製造業,08211,87.28,％
存貨率,12,成衣及服飾品製造業,08212,74.67,％
存貨率,12,成衣及服飾品製造業,08301,98.38,％
存貨率,12,成衣及服飾品製造業,08302,115.12,％
存貨率,12,成衣及服飾品製造業,08303,90.33,％
存貨率,12,成衣及服飾品製造業,08304,86.00,％
存貨率,12,成衣及服飾品製造業,08305,87.30,％
存貨率,12,成衣及服飾品製造業,08306,89.23,％
存貨率,12,成衣及服飾品製造業,08307,89.24,％
存貨率,12,成衣及服飾品製造業,08308,88.72,％
存貨率,12,成衣及服飾品製造業,08309,95.36,％
存貨率,12,成衣及服飾品製造業,08310,88.19,％
存貨率,12,成衣及服飾品製造業,08311,105.60,％
存貨率,12,成衣及服飾品製造業,08312,73.08,％
存貨率,12,成衣及服飾品製造業,08401,99.78,％
存貨率,12,成衣及服飾品製造業,08402,119.63,％
存貨率,12,成衣及服飾品製造業,08403,86.31,％
存貨率,12,成衣及服飾品製造業,08404,84.18,％
存貨率,12,成衣及服飾品製造業,08405,77.93,％
存貨率,12,成衣及服飾品製造業,08406,73.90,％
存貨率,12,成衣及服飾品製造業,08407,89.71,％
存貨率,12,成衣及服飾品製造業,08408,89.66,％
存貨率,12,成衣及服飾品製造業,08409,90.62,％
存貨率,12,成衣及服飾品製造業,08410,103.42,％
存貨率,12,成衣及服飾品製造業,08411,107.43,％
存貨率,12,成衣及服飾品製造業,08412,77.81,％
存貨率,12,成衣及服飾品製造業,08501,101.18,％
存貨率,12,成衣及服飾品製造業,08502,119.38,％
存貨率,12,成衣及服飾品製造業,08503,96.09,％
存貨率,12,成衣及服飾品製造業,08504,93.95,％
存貨率,12,成衣及服飾品製造業,08505,98.71,％
存貨率,12,成衣及服飾品製造業,08506,80.28,％
存貨率,12,成衣及服飾品製造業,08507,96.35,％
存貨率,12,成衣及服飾品製造業,08508,73.17,％
存貨率,12,成衣及服飾品製造業,08509,85.70,％
存貨率,12,成衣及服飾品製造業,08510,87.30,％
存貨率,12,成衣及服飾品製造業,08511,90.99,％
存貨率,12,成衣及服飾品製造業,08512,75.28,％
存貨率,12,成衣及服飾品製造業,08601,105.46,％
存貨率,12,成衣及服飾品製造業,08602,139.75,％
存貨率,12,成衣及服飾品製造業,08603,99.44,％
存貨率,12,成衣及服飾品製造業,08604,101.35,％
存貨率,12,成衣及服飾品製造業,08605,81.20,％
存貨率,12,成衣及服飾品製造業,08606,85.62,％
存貨率,12,成衣及服飾品製造業,08607,85.20,％
存貨率,12,成衣及服飾品製造業,08608,77.36,％
存貨率,12,成衣及服飾品製造業,08609,87.17,％
存貨率,12,成衣及服飾品製造業,08610,91.46,％
存貨率,12,成衣及服飾品製造業,08611,104.12,％
存貨率,12,成衣及服飾品製造業,08612,86.57,％
存貨率,12,成衣及服飾品製造業,08701,107.70,％
存貨率,12,成衣及服飾品製造業,08702,121.01,％
存貨率,12,成衣及服飾品製造業,08703,98.20,％
存貨率,12,成衣及服飾品製造業,08704,90.92,％
存貨率,12,成衣及服飾品製造業,08705,89.30,％
存貨率,12,成衣及服飾品製造業,08706,91.49,％
存貨率,12,成衣及服飾品製造業,08707,69.56,％
存貨率,12,成衣及服飾品製造業,08708,73.63,％
存貨率,12,成衣及服飾品製造業,08709,86.78,％
存貨率,12,成衣及服飾品製造業,08710,79.18,％
存貨率,12,成衣及服飾品製造業,08711,89.13,％
存貨率,12,成衣及服飾品製造業,08712,76.63,％
存貨率,12,成衣及服飾品製造業,08801,90.09,％
存貨率,12,成衣及服飾品製造業,08802,113.06,％
存貨率,12,成衣及服飾品製造業,08803,104.11,％
存貨率,12,成衣及服飾品製造業,08804,88.54,％
存貨率,12,成衣及服飾品製造業,08805,82.01,％
存貨率,12,成衣及服飾品製造業,08806,72.25,％
存貨率,12,成衣及服飾品製造業,08807,69.57,％
存貨率,12,成衣及服飾品製造業,08808,75.87,％
存貨率,12,成衣及服飾品製造業,08809,80.78,％
存貨率,12,成衣及服飾品製造業,08810,74.55,％
存貨率,12,成衣及服飾品製造業,08811,86.75,％
存貨率,12,成衣及服飾品製造業,08812,76.02,％
存貨率,12,成衣及服飾品製造業,08901,102.44,％
存貨率,12,成衣及服飾品製造業,08902,133.41,％
存貨率,12,成衣及服飾品製造業,08903,109.41,％
存貨率,12,成衣及服飾品製造業,08904,114.87,％
存貨率,12,成衣及服飾品製造業,08905,101.46,％
存貨率,12,成衣及服飾品製造業,08906,95.48,％
存貨率,12,成衣及服飾品製造業,08907,82.84,％
存貨率,12,成衣及服飾品製造業,08908,96.74,％
存貨率,12,成衣及服飾品製造業,08909,97.67,％
存貨率,12,成衣及服飾品製造業,08910,118.20,％
存貨率,12,成衣及服飾品製造業,08911,137.60,％
存貨率,12,成衣及服飾品製造業,08912,108.45,％
存貨率,12,成衣及服飾品製造業,09001,146.73,％
存貨率,12,成衣及服飾品製造業,09002,164.93,％
存貨率,12,成衣及服飾品製造業,09003,143.03,％
存貨率,12,成衣及服飾品製造業,09004,162.73,％
存貨率,12,成衣及服飾品製造業,09005,147.06,％
存貨率,12,成衣及服飾品製造業,09006,137.07,％
存貨率,12,成衣及服飾品製造業,09007,120.70,％
存貨率,12,成衣及服飾品製造業,09008,120.21,％
存貨率,12,成衣及服飾品製造業,09009,126.91,％
存貨率,12,成衣及服飾品製造業,09010,138.28,％
存貨率,12,成衣及服飾品製造業,09011,142.48,％
存貨率,12,成衣及服飾品製造業,09012,128.31,％
存貨率,12,成衣及服飾品製造業,09101,186.24,％
存貨率,12,成衣及服飾品製造業,09102,174.96,％
存貨率,12,成衣及服飾品製造業,09103,157.55,％
存貨率,12,成衣及服飾品製造業,09104,160.47,％
存貨率,12,成衣及服飾品製造業,09105,153.93,％
存貨率,12,成衣及服飾品製造業,09106,140.94,％
存貨率,12,成衣及服飾品製造業,09107,116.75,％
存貨率,12,成衣及服飾品製造業,09108,109.37,％
存貨率,12,成衣及服飾品製造業,09109,131.01,％
存貨率,12,成衣及服飾品製造業,09110,139.19,％
存貨率,12,成衣及服飾品製造業,09111,156.48,％
存貨率,12,成衣及服飾品製造業,09112,132.28,％
存貨率,12,成衣及服飾品製造業,09201,160.94,％
存貨率,12,成衣及服飾品製造業,09202,207.21,％
存貨率,12,成衣及服飾品製造業,09203,177.76,％
存貨率,12,成衣及服飾品製造業,09204,176.47,％
存貨率,12,成衣及服飾品製造業,09205,200.53,％
存貨率,12,成衣及服飾品製造業,09206,160.73,％
存貨率,12,成衣及服飾品製造業,09207,119.20,％
存貨率,12,成衣及服飾品製造業,09208,122.49,％
存貨率,12,成衣及服飾品製造業,09209,144.01,％
存貨率,12,成衣及服飾品製造業,09210,157.19,％
存貨率,12,成衣及服飾品製造業,09211,213.15,％
存貨率,12,成衣及服飾品製造業,09212,126.64,％
存貨率,12,成衣及服飾品製造業,09301,142.70,％
存貨率,12,成衣及服飾品製造業,09302,164.12,％
存貨率,12,成衣及服飾品製造業,09303,186.94,％
存貨率,12,成衣及服飾品製造業,09304,171.79,％
存貨率,12,成衣及服飾品製造業,09305,174.01,％
存貨率,12,成衣及服飾品製造業,09306,139.19,％
存貨率,12,成衣及服飾品製造業,09307,138.27,％
存貨率,12,成衣及服飾品製造業,09308,130.06,％
存貨率,12,成衣及服飾品製造業,09309,126.97,％
存貨率,12,成衣及服飾品製造業,09310,151.16,％
存貨率,12,成衣及服飾品製造業,09311,178.47,％
存貨率,12,成衣及服飾品製造業,09312,143.27,％
存貨率,12,成衣及服飾品製造業,09401,143.76,％
存貨率,12,成衣及服飾品製造業,09402,165.53,％
存貨率,12,成衣及服飾品製造業,09403,164.52,％
存貨率,12,成衣及服飾品製造業,09404,195.01,％
存貨率,12,成衣及服飾品製造業,09405,202.20,％
存貨率,12,成衣及服飾品製造業,09406,177.82,％
存貨率,12,成衣及服飾品製造業,09407,170.30,％
存貨率,12,成衣及服飾品製造業,09408,158.75,％
存貨率,12,成衣及服飾品製造業,09409,190.79,％
存貨率,12,成衣及服飾品製造業,09410,192.46,％
存貨率,12,成衣及服飾品製造業,09411,224.06,％
存貨率,12,成衣及服飾品製造業,09412,194.42,％
存貨率,12,成衣及服飾品製造業,09501,168.00,％
存貨率,12,成衣及服飾品製造業,09502,277.95,％
存貨率,12,成衣及服飾品製造業,09503,238.86,％
存貨率,12,成衣及服飾品製造業,09504,267.99,％
存貨率,12,成衣及服飾品製造業,09505,256.16,％
存貨率,12,成衣及服飾品製造業,09506,210.86,％
存貨率,12,成衣及服飾品製造業,09507,215.31,％
存貨率,12,成衣及服飾品製造業,09508,186.37,％
存貨率,12,成衣及服飾品製造業,09509,221.65,％
存貨率,12,成衣及服飾品製造業,09510,233.59,％
存貨率,12,成衣及服飾品製造業,09511,249.23,％
存貨率,12,成衣及服飾品製造業,09512,235.53,％
存貨率,12,成衣及服飾品製造業,09601,280.68,％
存貨率,12,成衣及服飾品製造業,09602,245.23,％
存貨率,12,成衣及服飾品製造業,09603,279.42,％
存貨率,12,成衣及服飾品製造業,09604,293.84,％
存貨率,12,成衣及服飾品製造業,09605,279.43,％
存貨率,12,成衣及服飾品製造業,09606,251.72,％
存貨率,12,成衣及服飾品製造業,09607,227.01,％
存貨率,12,成衣及服飾品製造業,09608,208.40,％
存貨率,12,成衣及服飾品製造業,09609,250.35,％
存貨率,12,成衣及服飾品製造業,09610,257.03,％
存貨率,12,成衣及服飾品製造業,09611,256.51,％
存貨率,12,成衣及服飾品製造業,09612,225.86,％
存貨率,12,成衣及服飾品製造業,09701,227.90,％
存貨率,12,成衣及服飾品製造業,09702,286.63,％
存貨率,12,成衣及服飾品製造業,09703,277.42,％
存貨率,12,成衣及服飾品製造業,09704,279.41,％
存貨率,12,成衣及服飾品製造業,09705,270.26,％
存貨率,12,成衣及服飾品製造業,09706,230.00,％
存貨率,12,成衣及服飾品製造業,09707,220.24,％
存貨率,12,成衣及服飾品製造業,09708,216.02,％
存貨率,12,成衣及服飾品製造業,09709,245.19,％
存貨率,12,成衣及服飾品製造業,09710,227.51,％
存貨率,12,成衣及服飾品製造業,09711,251.02,％
存貨率,12,成衣及服飾品製造業,09712,223.55,％
存貨率,12,成衣及服飾品製造業,09801,180.88,％
存貨率,12,成衣及服飾品製造業,09802,215.52,％
存貨率,12,成衣及服飾品製造業,09803,248.50,％
存貨率,12,成衣及服飾品製造業,09804,266.41,％
存貨率,12,成衣及服飾品製造業,09805,220.39,％
存貨率,12,成衣及服飾品製造業,09806,190.62,％
存貨率,12,成衣及服飾品製造業,09807,157.32,％
存貨率,12,成衣及服飾品製造業,09808,191.39,％
存貨率,12,成衣及服飾品製造業,09809,202.83,％
存貨率,12,成衣及服飾品製造業,09810,204.40,％
存貨率,12,成衣及服飾品製造業,09811,193.02,％
存貨率,12,成衣及服飾品製造業,09812,208.30,％
存貨率,12,成衣及服飾品製造業,09901,202.09,％
存貨率,12,成衣及服飾品製造業,09902,189.36,％
存貨率,12,成衣及服飾品製造業,09903,205.57,％
存貨率,12,成衣及服飾品製造業,09904,201.51,％
存貨率,12,成衣及服飾品製造業,09905,186.96,％
存貨率,12,成衣及服飾品製造業,09906,165.93,％
存貨率,12,成衣及服飾品製造業,09907,180.29,％
存貨率,12,成衣及服飾品製造業,09908,155.69,％
存貨率,12,成衣及服飾品製造業,09909,179.93,％
存貨率,12,成衣及服飾品製造業,09910,170.90,％
存貨率,12,成衣及服飾品製造業,09911,188.21,％
存貨率,12,成衣及服飾品製造業,09912,189.81,％
存貨率,12,成衣及服飾品製造業,10001,148.85,％
存貨率,12,成衣及服飾品製造業,10002,282.23,％
存貨率,12,成衣及服飾品製造業,10003,201.37,％
存貨率,12,成衣及服飾品製造業,10004,227.24,％
存貨率,12,成衣及服飾品製造業,10005,215.63,％
存貨率,12,成衣及服飾品製造業,10006,180.08,％
存貨率,12,成衣及服飾品製造業,10007,191.10,％
存貨率,12,成衣及服飾品製造業,10008,203.39,％
存貨率,12,成衣及服飾品製造業,10009,249.83,％
存貨率,12,成衣及服飾品製造業,10010,215.25,％
存貨率,12,成衣及服飾品製造業,10011,244.79,％
存貨率,12,成衣及服飾品製造業,10012,241.35,％
存貨率,12,成衣及服飾品製造業,10101,224.86,％
存貨率,12,成衣及服飾品製造業,10102,289.78,％
存貨率,12,成衣及服飾品製造業,10103,309.08,％
存貨率,12,成衣及服飾品製造業,10104,285.28,％
存貨率,12,成衣及服飾品製造業,10105,303.01,％
存貨率,12,成衣及服飾品製造業,10106,265.92,％
存貨率,12,成衣及服飾品製造業,10107,252.15,％
存貨率,12,成衣及服飾品製造業,10108,246.15,％
存貨率,12,成衣及服飾品製造業,10109,311.67,％
存貨率,12,成衣及服飾品製造業,10110,267.02,％
存貨率,12,成衣及服飾品製造業,10111,266.31,％
存貨率,12,成衣及服飾品製造業,10112,255.49,％
存貨率,12,成衣及服飾品製造業,10201,290.50,％
存貨率,12,成衣及服飾品製造業,10202,313.69,％
存貨率,12,成衣及服飾品製造業,10203,324.58,％
存貨率,12,成衣及服飾品製造業,10204,331.64,％
存貨率,12,成衣及服飾品製造業,10205,312.83,％
存貨率,12,成衣及服飾品製造業,10206,280.12,％
存貨率,12,成衣及服飾品製造業,10207,290.40,％
存貨率,12,成衣及服飾品製造業,10208,267.86,％
存貨率,12,成衣及服飾品製造業,10209,296.60,％
存貨率,12,成衣及服飾品製造業,10210,278.59,％
存貨率,12,成衣及服飾品製造業,10211,316.33,％
存貨率,12,成衣及服飾品製造業,10212,281.86,％
存貨率,12,成衣及服飾品製造業,10301,256.75,％
存貨率,12,成衣及服飾品製造業,10302,384.52,％
存貨率,12,成衣及服飾品製造業,10303,348.09,％
存貨率,12,成衣及服飾品製造業,10304,328.11,％
存貨率,12,成衣及服飾品製造業,10305,335.39,％
存貨率,12,成衣及服飾品製造業,10306,287.57,％
存貨率,12,成衣及服飾品製造業,10307,299.26,％
存貨率,12,成衣及服飾品製造業,10308,291.06,％
存貨率,12,成衣及服飾品製造業,10309,330.10,％
存貨率,12,成衣及服飾品製造業,10310,277.32,％
存貨率,12,成衣及服飾品製造業,10311,360.90,％
存貨率,12,成衣及服飾品製造業,10312,337.21,％
存貨率,12,成衣及服飾品製造業,10401,323.50,％
存貨率,12,成衣及服飾品製造業,10402,339.40,％
存貨率,12,成衣及服飾品製造業,10403,393.45,％
存貨率,12,成衣及服飾品製造業,10404,358.28,％
存貨率,12,成衣及服飾品製造業,10405,385.20,％
存貨率,12,成衣及服飾品製造業,10406,344.84,％
存貨率,12,成衣及服飾品製造業,10407,315.08,％
存貨率,12,成衣及服飾品製造業,10408,356.99,％
存貨率,12,成衣及服飾品製造業,10409,357.95,％
存貨率,12,成衣及服飾品製造業,10410,327.05,％
存貨率,12,成衣及服飾品製造業,10411,383.67,％
存貨率,12,成衣及服飾品製造業,10412,332.14,％
存貨率,12,成衣及服飾品製造業,10501,371.34,％
存貨率,12,成衣及服飾品製造業,10502,389.16,％
存貨率,12,成衣及服飾品製造業,10503,420.57,％
存貨率,12,成衣及服飾品製造業,10504,427.45,％
存貨率,12,成衣及服飾品製造業,10505,426.50,％
存貨率,12,成衣及服飾品製造業,10506,348.50,％
存貨率,12,成衣及服飾品製造業,10507,380.60,％
存貨率,12,成衣及服飾品製造業,10508,362.79,％
存貨率,12,成衣及服飾品製造業,10509,451.37,％
存貨率,12,成衣及服飾品製造業,10510,360.81,％
存貨率,12,成衣及服飾品製造業,10511,438.76,％
存貨率,12,成衣及服飾品製造業,10512,357.83,％
存貨率,12,成衣及服飾品製造業,10601,411.47,％
存貨率,12,成衣及服飾品製造業,10602,629.42,％
存貨率,12,成衣及服飾品製造業,10603,566.13,％
存貨率,12,成衣及服飾品製造業,10604,523.82,％
存貨率,12,成衣及服飾品製造業,10605,510.96,％
存貨率,12,成衣及服飾品製造業,10606,454.02,％
存貨率,12,成衣及服飾品製造業,10607,431.04,％
存貨率,12,成衣及服飾品製造業,10608,454.28,％
存貨率,12,成衣及服飾品製造業,10609,544.07,％
存貨率,12,成衣及服飾品製造業,10610,434.39,％
存貨率,12,成衣及服飾品製造業,10611,486.67,％
存貨率,12,成衣及服飾品製造業,10612,481.50,％
存貨率,12,成衣及服飾品製造業,10701,466.29,％
存貨率,12,成衣及服飾品製造業,10702,511.57,％
存貨率,12,成衣及服飾品製造業,10703,491.01,％
存貨率,12,成衣及服飾品製造業,10704,547.70,％
存貨率,12,成衣及服飾品製造業,10705,512.07,％
存貨率,12,成衣及服飾品製造業,10706,536.34,％
存貨率,12,成衣及服飾品製造業,10707,518.07,％
存貨率,12,成衣及服飾品製造業,10708,493.42,％
存貨率,12,成衣及服飾品製造業,10709,591.42,％
存貨率,12,成衣及服飾品製造業,10710,469.50,％
存貨率,12,成衣及服飾品製造業,10711,516.45,％
存貨率,12,成衣及服飾品製造業,10712,428.34,％
存貨率,12,成衣及服飾品製造業,10801,456.08,％
存貨率,12,成衣及服飾品製造業,10802,706.93,％
存貨率,12,成衣及服飾品製造業,10803,622.73,％
存貨率,12,成衣及服飾品製造業,10804,572.29,％
存貨率,12,成衣及服飾品製造業,10805,527.21,％
存貨率,12,成衣及服飾品製造業,10806,496.66,％
存貨率,12,成衣及服飾品製造業,10807,518.71,％
存貨率,12,成衣及服飾品製造業,10808,505.31,％
存貨率,12,成衣及服飾品製造業,10809,561.01,％
存貨率,12,成衣及服飾品製造業,10810,500.14,％
存貨率,12,成衣及服飾品製造業,10811,522.28,％
存貨率,12,成衣及服飾品製造業,10812,421.05,％
存貨率,12,成衣及服飾品製造業,10901,415.19,％
存貨率,12,成衣及服飾品製造業,10902,546.67,％
存貨率,12,成衣及服飾品製造業,10903,533.59,％
存貨率,12,成衣及服飾品製造業,10904,567.25,％
存貨率,12,成衣及服飾品製造業,10905,501.62,％
存貨率,12,成衣及服飾品製造業,10906,447.05,％
存貨率,12,成衣及服飾品製造業,10907,363.41,％
存貨率,12,成衣及服飾品製造業,10908,379.20,％
存貨率,12,成衣及服飾品製造業,10909,466.17,％
存貨率,12,成衣及服飾品製造業,10910,413.71,％
存貨率,12,成衣及服飾品製造業,10911,424.76,％
存貨率,12,成衣及服飾品製造業,10912,428.19,％
存貨率,12,成衣及服飾品製造業,11001,443.93,％
存貨率,12,成衣及服飾品製造業,11002,463.46,％
存貨率,12,成衣及服飾品製造業,11003,463.33,％
存貨率,12,成衣及服飾品製造業,11004,506.14,％
存貨率,12,成衣及服飾品製造業,11005,554.84,％
存貨率,12,成衣及服飾品製造業,11006,484.70,％
存貨率,12,成衣及服飾品製造業,11007,433.08,％
存貨率,12,成衣及服飾品製造業,11008,394.18,％
存貨率,12,成衣及服飾品製造業,11009,438.16,％
存貨率,12,成衣及服飾品製造業,11010,384.99,％
存貨率,12,成衣及服飾品製造業,11011,395.81,％
存貨率,12,成衣及服飾品製造業,11012,373.98,％
存貨率,12,成衣及服飾品製造業,11101,385.30,％
存貨率,12,成衣及服飾品製造業,11102,552.12,％
存貨率,12,成衣及服飾品製造業,11103,377.65,％
存貨率,12,成衣及服飾品製造業,11104,459.39,％
存貨率,12,成衣及服飾品製造業,11105,556.51,％
存貨率,12,成衣及服飾品製造業,11106,459.58,％
存貨率,12,成衣及服飾品製造業,11107,399.57,％
存貨率,12,成衣及服飾品製造業,11108,456.26,％
存貨率,12,成衣及服飾品製造業,11109,524.99,％
存貨率,12,成衣及服飾品製造業,11110,490.34,％
存貨率,12,成衣及服飾品製造業,11111,527.77,％
存貨率,12,成衣及服飾品製造業,11112,400.01,％
存貨率,12,成衣及服飾品製造業,11201,338.36,％
存貨率,12,成衣及服飾品製造業,11202,418.41,％
存貨率,12,成衣及服飾品製造業,11203,369.28,％
存貨率,12,成衣及服飾品製造業,11204,418.19,％
存貨率,12,成衣及服飾品製造業,11205,353.40,％
存貨率,12,成衣及服飾品製造業,11206,344.85,％
存貨率,12,成衣及服飾品製造業,11207,371.18,％
存貨率,12,成衣及服飾品製造業,11208,368.53,％
存貨率,12,成衣及服飾品製造業,11209,416.68,％
存貨率,12,成衣及服飾品製造業,11210,414.60,％
存貨率,12,成衣及服飾品製造業,11211,384.51,％
存貨率,12,成衣及服飾品製造業,11212,334.98,％
存貨率,12,成衣及服飾品製造業,11301,345.61,％
存貨率,12,成衣及服飾品製造業,11302,436.32,％
存貨率,12,成衣及服飾品製造業,11303,425.28,％
存貨率,12,成衣及服飾品製造業,11304,383.16,％
存貨率,12,成衣及服飾品製造業,11305,384.24,％
存貨率,12,成衣及服飾品製造業,11306,386.17,％
存貨率,12,成衣及服飾品製造業,11307,358.74,％
存貨率,12,成衣及服飾品製造業,11308,393.63,％
存貨率,12,成衣及服飾品製造業,11309,403.39,％
存貨率,12,成衣及服飾品製造業,11310,426.77,％
存貨率,12,成衣及服飾品製造業,11311,348.16,％
存貨率,12,成衣及服飾品製造業,11312,352.83,％
存貨率,12,成衣及服飾品製造業,11401,379.37,％
存貨率,12,成衣及服飾品製造業,11402,523.36,％
存貨率,12,成衣及服飾品製造業,11403,460.92,％
存貨率,12,成衣及服飾品製造業,11404,400.16,％
存貨率,12,成衣及服飾品製造業,11405,419.37,％
存貨率,12,成衣及服飾品製造業,11406,404.70,％
存貨率,12,成衣及服飾品製造業,11407,395.86,％
存貨率,12,成衣及服飾品製造業,11408,446.55,％
存貨率,12,成衣及服飾品製造業,11409,414.87,％
存貨率,12,成衣及服飾品製造業,11410,416.37,％
存貨率,12,成衣及服飾品製造業,11411,386.16,％
存貨率,12,成衣及服飾品製造業,11412,323.54,％
存貨率,12,成衣及服飾品製造業,11501,360.10,％
存貨率,12,成衣及服飾品製造業,11502,429.66,％
存貨率,12,成衣及服飾品製造業,11503,411.54,％
存貨率,12,成衣及服飾品製造業,11504,411.21,％
存貨率,12,成衣及服飾品製造業,11505,421.62,％
存貨率,12,成衣及服飾品製造業,11506,401.61,％
存貨率,14,木竹製品製造業,07101,68.05,％
存貨率,14,木竹製品製造業,07102,68.60,％
存貨率,14,木竹製品製造業,07103,52.93,％
存貨率,14,木竹製品製造業,07104,45.45,％
存貨率,14,木竹製品製造業,07105,45.53,％
存貨率,14,木竹製品製造業,07106,47.66,％
存貨率,14,木竹製品製造業,07107,56.79,％
存貨率,14,木竹製品製造業,07108,62.97,％
存貨率,14,木竹製品製造業,07109,58.47,％
存貨率,14,木竹製品製造業,07110,57.77,％
存貨率,14,木竹製品製造業,07111,54.10,％
存貨率,14,木竹製品製造業,07112,55.58,％
存貨率,14,木竹製品製造業,07201,69.90,％
存貨率,14,木竹製品製造業,07202,90.20,％
存貨率,14,木竹製品製造業,07203,62.03,％
存貨率,14,木竹製品製造業,07204,63.02,％
存貨率,14,木竹製品製造業,07205,69.21,％
存貨率,14,木竹製品製造業,07206,75.10,％
存貨率,14,木竹製品製造業,07207,77.62,％
存貨率,14,木竹製品製造業,07208,77.33,％
存貨率,14,木竹製品製造業,07209,85.77,％
存貨率,14,木竹製品製造業,07210,89.63,％
存貨率,14,木竹製品製造業,07211,79.39,％
存貨率,14,木竹製品製造業,07212,67.14,％
存貨率,14,木竹製品製造業,07301,76.74,％
存貨率,14,木竹製品製造業,07302,111.24,％
存貨率,14,木竹製品製造業,07303,84.72,％
存貨率,14,木竹製品製造業,07304,70.86,％
存貨率,14,木竹製品製造業,07305,83.75,％
存貨率,14,木竹製品製造業,07306,90.86,％
存貨率,14,木竹製品製造業,07307,109.26,％
存貨率,14,木竹製品製造業,07308,109.51,％
存貨率,14,木竹製品製造業,07309,114.88,％
存貨率,14,木竹製品製造業,07310,105.08,％
存貨率,14,木竹製品製造業,07311,98.93,％
存貨率,14,木竹製品製造業,07312,90.19,％
存貨率,14,木竹製品製造業,07401,90.79,％
存貨率,14,木竹製品製造業,07402,117.52,％
存貨率,14,木竹製品製造業,07403,77.01,％
存貨率,14,木竹製品製造業,07404,64.84,％
存貨率,14,木竹製品製造業,07405,76.93,％
存貨率,14,木竹製品製造業,07406,71.13,％
存貨率,14,木竹製品製造業,07407,73.51,％
存貨率,14,木竹製品製造業,07408,77.04,％
存貨率,14,木竹製品製造業,07409,64.80,％
存貨率,14,木竹製品製造業,07410,61.02,％
存貨率,14,木竹製品製造業,07411,53.90,％
存貨率,14,木竹製品製造業,07412,68.51,％
存貨率,14,木竹製品製造業,07501,70.01,％
存貨率,14,木竹製品製造業,07502,94.43,％
存貨率,14,木竹製品製造業,07503,58.44,％
存貨率,14,木竹製品製造業,07504,82.29,％
存貨率,14,木竹製品製造業,07505,69.78,％
存貨率,14,木竹製品製造業,07506,68.88,％
存貨率,14,木竹製品製造業,07507,73.15,％
存貨率,14,木竹製品製造業,07508,68.72,％
存貨率,14,木竹製品製造業,07509,82.15,％
存貨率,14,木竹製品製造業,07510,79.69,％
存貨率,14,木竹製品製造業,07511,88.93,％
存貨率,14,木竹製品製造業,07512,71.30,％
存貨率,14,木竹製品製造業,07601,78.35,％
存貨率,14,木竹製品製造業,07602,87.73,％
存貨率,14,木竹製品製造業,07603,62.35,％
存貨率,14,木竹製品製造業,07604,60.41,％
存貨率,14,木竹製品製造業,07605,56.36,％
存貨率,14,木竹製品製造業,07606,60.89,％
存貨率,14,木竹製品製造業,07607,69.45,％
存貨率,14,木竹製品製造業,07608,69.69,％
存貨率,14,木竹製品製造業,07609,79.30,％
存貨率,14,木竹製品製造業,07610,83.33,％
存貨率,14,木竹製品製造業,07611,85.18,％
存貨率,14,木竹製品製造業,07612,77.80,％
存貨率,14,木竹製品製造業,07701,81.64,％
存貨率,14,木竹製品製造業,07702,84.58,％
存貨率,14,木竹製品製造業,07703,68.69,％
存貨率,14,木竹製品製造業,07704,73.98,％
存貨率,14,木竹製品製造業,07705,67.30,％
存貨率,14,木竹製品製造業,07706,77.71,％
存貨率,14,木竹製品製造業,07707,90.56,％
存貨率,14,木竹製品製造業,07708,80.26,％
存貨率,14,木竹製品製造業,07709,78.77,％
存貨率,14,木竹製品製造業,07710,88.67,％
存貨率,14,木竹製品製造業,07711,95.93,％
存貨率,14,木竹製品製造業,07712,80.15,％
存貨率,14,木竹製品製造業,07801,82.08,％
存貨率,14,木竹製品製造業,07802,95.99,％
存貨率,14,木竹製品製造業,07803,63.72,％
存貨率,14,木竹製品製造業,07804,77.47,％
存貨率,14,木竹製品製造業,07805,80.68,％
存貨率,14,木竹製品製造業,07806,85.25,％
存貨率,14,木竹製品製造業,07807,86.77,％
存貨率,14,木竹製品製造業,07808,76.76,％
存貨率,14,木竹製品製造業,07809,92.83,％
存貨率,14,木竹製品製造業,07810,93.94,％
存貨率,14,木竹製品製造業,07811,121.09,％
存貨率,14,木竹製品製造業,07812,115.10,％
存貨率,14,木竹製品製造業,07901,140.02,％
存貨率,14,木竹製品製造業,07902,129.56,％
存貨率,14,木竹製品製造業,07903,109.42,％
存貨率,14,木竹製品製造業,07904,118.06,％
存貨率,14,木竹製品製造業,07905,95.71,％
存貨率,14,木竹製品製造業,07906,84.69,％
存貨率,14,木竹製品製造業,07907,83.90,％
存貨率,14,木竹製品製造業,07908,87.83,％
存貨率,14,木竹製品製造業,07909,96.13,％
存貨率,14,木竹製品製造業,07910,90.48,％
存貨率,14,木竹製品製造業,07911,98.69,％
存貨率,14,木竹製品製造業,07912,100.88,％
存貨率,14,木竹製品製造業,08001,122.25,％
存貨率,14,木竹製品製造業,08002,148.40,％
存貨率,14,木竹製品製造業,08003,97.14,％
存貨率,14,木竹製品製造業,08004,93.05,％
存貨率,14,木竹製品製造業,08005,92.80,％
存貨率,14,木竹製品製造業,08006,97.48,％
存貨率,14,木竹製品製造業,08007,94.33,％
存貨率,14,木竹製品製造業,08008,98.42,％
存貨率,14,木竹製品製造業,08009,100.93,％
存貨率,14,木竹製品製造業,08010,105.02,％
存貨率,14,木竹製品製造業,08011,93.54,％
存貨率,14,木竹製品製造業,08012,102.94,％
存貨率,14,木竹製品製造業,08101,137.68,％
存貨率,14,木竹製品製造業,08102,162.17,％
存貨率,14,木竹製品製造業,08103,123.38,％
存貨率,14,木竹製品製造業,08104,117.98,％
存貨率,14,木竹製品製造業,08105,114.21,％
存貨率,14,木竹製品製造業,08106,107.75,％
存貨率,14,木竹製品製造業,08107,97.06,％
存貨率,14,木竹製品製造業,08108,86.25,％
存貨率,14,木竹製品製造業,08109,93.22,％
存貨率,14,木竹製品製造業,08110,90.00,％
存貨率,14,木竹製品製造業,08111,110.83,％
存貨率,14,木竹製品製造業,08112,118.25,％
存貨率,14,木竹製品製造業,08201,115.37,％
存貨率,14,木竹製品製造業,08202,101.59,％
存貨率,14,木竹製品製造業,08203,106.72,％
存貨率,14,木竹製品製造業,08204,120.58,％
存貨率,14,木竹製品製造業,08205,135.85,％
存貨率,14,木竹製品製造業,08206,153.26,％
存貨率,14,木竹製品製造業,08207,112.65,％
存貨率,14,木竹製品製造業,08208,110.17,％
存貨率,14,木竹製品製造業,08209,121.32,％
存貨率,14,木竹製品製造業,08210,109.13,％
存貨率,14,木竹製品製造業,08211,113.38,％
存貨率,14,木竹製品製造業,08212,93.92,％
存貨率,14,木竹製品製造業,08301,117.35,％
存貨率,14,木竹製品製造業,08302,132.10,％
存貨率,14,木竹製品製造業,08303,104.39,％
存貨率,14,木竹製品製造業,08304,115.06,％
存貨率,14,木竹製品製造業,08305,134.95,％
存貨率,14,木竹製品製造業,08306,135.91,％
存貨率,14,木竹製品製造業,08307,131.47,％
存貨率,14,木竹製品製造業,08308,131.47,％
存貨率,14,木竹製品製造業,08309,131.04,％
存貨率,14,木竹製品製造業,08310,142.32,％
存貨率,14,木竹製品製造業,08311,141.02,％
存貨率,14,木竹製品製造業,08312,143.06,％
存貨率,14,木竹製品製造業,08401,142.63,％
存貨率,14,木竹製品製造業,08402,149.78,％
存貨率,14,木竹製品製造業,08403,122.62,％
存貨率,14,木竹製品製造業,08404,136.06,％
存貨率,14,木竹製品製造業,08405,137.90,％
存貨率,14,木竹製品製造業,08406,154.01,％
存貨率,14,木竹製品製造業,08407,149.69,％
存貨率,14,木竹製品製造業,08408,145.74,％
存貨率,14,木竹製品製造業,08409,127.46,％
存貨率,14,木竹製品製造業,08410,135.64,％
存貨率,14,木竹製品製造業,08411,147.07,％
存貨率,14,木竹製品製造業,08412,138.10,％
存貨率,14,木竹製品製造業,08501,157.67,％
存貨率,14,木竹製品製造業,08502,278.57,％
存貨率,14,木竹製品製造業,08503,200.97,％
存貨率,14,木竹製品製造業,08504,197.79,％
存貨率,14,木竹製品製造業,08505,163.00,％
存貨率,14,木竹製品製造業,08506,157.09,％
存貨率,14,木竹製品製造業,08507,130.17,％
存貨率,14,木竹製品製造業,08508,129.27,％
存貨率,14,木竹製品製造業,08509,131.31,％
存貨率,14,木竹製品製造業,08510,124.54,％
存貨率,14,木竹製品製造業,08511,123.81,％
存貨率,14,木竹製品製造業,08512,137.46,％
存貨率,14,木竹製品製造業,08601,118.68,％
存貨率,14,木竹製品製造業,08602,181.95,％
存貨率,14,木竹製品製造業,08603,96.47,％
存貨率,14,木竹製品製造業,08604,100.75,％
存貨率,14,木竹製品製造業,08605,87.48,％
存貨率,14,木竹製品製造業,08606,80.65,％
存貨率,14,木竹製品製造業,08607,76.91,％
存貨率,14,木竹製品製造業,08608,75.48,％
存貨率,14,木竹製品製造業,08609,68.00,％
存貨率,14,木竹製品製造業,08610,70.25,％
存貨率,14,木竹製品製造業,08611,79.25,％
存貨率,14,木竹製品製造業,08612,80.97,％
存貨率,14,木竹製品製造業,08701,122.73,％
存貨率,14,木竹製品製造業,08702,125.35,％
存貨率,14,木竹製品製造業,08703,104.40,％
存貨率,14,木竹製品製造業,08704,107.95,％
存貨率,14,木竹製品製造業,08705,107.57,％
存貨率,14,木竹製品製造業,08706,109.52,％
存貨率,14,木竹製品製造業,08707,99.13,％
存貨率,14,木竹製品製造業,08708,95.27,％
存貨率,14,木竹製品製造業,08709,99.17,％
存貨率,14,木竹製品製造業,08710,106.50,％
存貨率,14,木竹製品製造業,08711,128.35,％
存貨率,14,木竹製品製造業,08712,96.98,％
存貨率,14,木竹製品製造業,08801,111.05,％
存貨率,14,木竹製品製造業,08802,122.64,％
存貨率,14,木竹製品製造業,08803,99.22,％
存貨率,14,木竹製品製造業,08804,89.47,％
存貨率,14,木竹製品製造業,08805,111.01,％
存貨率,14,木竹製品製造業,08806,97.18,％
存貨率,14,木竹製品製造業,08807,98.27,％
存貨率,14,木竹製品製造業,08808,100.00,％
存貨率,14,木竹製品製造業,08809,104.14,％
存貨率,14,木竹製品製造業,08810,87.11,％
存貨率,14,木竹製品製造業,08811,93.16,％
存貨率,14,木竹製品製造業,08812,81.52,％
存貨率,14,木竹製品製造業,08901,111.92,％
存貨率,14,木竹製品製造業,08902,130.10,％
存貨率,14,木竹製品製造業,08903,102.28,％
存貨率,14,木竹製品製造業,08904,115.49,％
存貨率,14,木竹製品製造業,08905,105.74,％
存貨率,14,木竹製品製造業,08906,108.98,％
存貨率,14,木竹製品製造業,08907,100.86,％
存貨率,14,木竹製品製造業,08908,101.48,％
存貨率,14,木竹製品製造業,08909,82.94,％
存貨率,14,木竹製品製造業,08910,91.48,％
存貨率,14,木竹製品製造業,08911,98.42,％
存貨率,14,木竹製品製造業,08912,79.73,％
存貨率,14,木竹製品製造業,09001,107.54,％
存貨率,14,木竹製品製造業,09002,82.71,％
存貨率,14,木竹製品製造業,09003,91.01,％
存貨率,14,木竹製品製造業,09004,89.29,％
存貨率,14,木竹製品製造業,09005,79.05,％
存貨率,14,木竹製品製造業,09006,84.99,％
存貨率,14,木竹製品製造業,09007,96.29,％
存貨率,14,木竹製品製造業,09008,72.55,％
存貨率,14,木竹製品製造業,09009,71.40,％
存貨率,14,木竹製品製造業,09010,78.62,％
存貨率,14,木竹製品製造業,09011,89.83,％
存貨率,14,木竹製品製造業,09012,65.08,％
存貨率,14,木竹製品製造業,09101,105.53,％
存貨率,14,木竹製品製造業,09102,120.08,％
存貨率,14,木竹製品製造業,09103,93.30,％
存貨率,14,木竹製品製造業,09104,98.97,％
存貨率,14,木竹製品製造業,09105,89.10,％
存貨率,14,木竹製品製造業,09106,84.32,％
存貨率,14,木竹製品製造業,09107,74.10,％
存貨率,14,木竹製品製造業,09108,71.66,％
存貨率,14,木竹製品製造業,09109,86.93,％
存貨率,14,木竹製品製造業,09110,75.09,％
存貨率,14,木竹製品製造業,09111,80.22,％
存貨率,14,木竹製品製造業,09112,77.12,％
存貨率,14,木竹製品製造業,09201,85.80,％
存貨率,14,木竹製品製造業,09202,108.48,％
存貨率,14,木竹製品製造業,09203,87.04,％
存貨率,14,木竹製品製造業,09204,82.69,％
存貨率,14,木竹製品製造業,09205,102.35,％
存貨率,14,木竹製品製造業,09206,97.71,％
存貨率,14,木竹製品製造業,09207,94.52,％
存貨率,14,木竹製品製造業,09208,105.16,％
存貨率,14,木竹製品製造業,09209,109.13,％
存貨率,14,木竹製品製造業,09210,84.31,％
存貨率,14,木竹製品製造業,09211,78.91,％
存貨率,14,木竹製品製造業,09212,67.90,％
存貨率,14,木竹製品製造業,09301,107.74,％
存貨率,14,木竹製品製造業,09302,98.52,％
存貨率,14,木竹製品製造業,09303,103.87,％
存貨率,14,木竹製品製造業,09304,102.99,％
存貨率,14,木竹製品製造業,09305,137.00,％
存貨率,14,木竹製品製造業,09306,129.76,％
存貨率,14,木竹製品製造業,09307,132.32,％
存貨率,14,木竹製品製造業,09308,112.42,％
存貨率,14,木竹製品製造業,09309,106.47,％
存貨率,14,木竹製品製造業,09310,92.53,％
存貨率,14,木竹製品製造業,09311,114.15,％
存貨率,14,木竹製品製造業,09312,108.37,％
存貨率,14,木竹製品製造業,09401,138.93,％
存貨率,14,木竹製品製造業,09402,145.56,％
存貨率,14,木竹製品製造業,09403,112.74,％
存貨率,14,木竹製品製造業,09404,112.72,％
存貨率,14,木竹製品製造業,09405,120.01,％
存貨率,14,木竹製品製造業,09406,127.29,％
存貨率,14,木竹製品製造業,09407,121.03,％
存貨率,14,木竹製品製造業,09408,101.95,％
存貨率,14,木竹製品製造業,09409,122.23,％
存貨率,14,木竹製品製造業,09410,103.70,％
存貨率,14,木竹製品製造業,09411,93.61,％
存貨率,14,木竹製品製造業,09412,89.26,％
存貨率,14,木竹製品製造業,09501,106.85,％
存貨率,14,木竹製品製造業,09502,117.01,％
存貨率,14,木竹製品製造業,09503,89.14,％
存貨率,14,木竹製品製造業,09504,95.47,％
存貨率,14,木竹製品製造業,09505,87.89,％
存貨率,14,木竹製品製造業,09506,81.51,％
存貨率,14,木竹製品製造業,09507,87.01,％
存貨率,14,木竹製品製造業,09508,76.67,％
存貨率,14,木竹製品製造業,09509,75.30,％
存貨率,14,木竹製品製造業,09510,81.90,％
存貨率,14,木竹製品製造業,09511,92.60,％
存貨率,14,木竹製品製造業,09512,75.32,％
存貨率,14,木竹製品製造業,09601,80.03,％
存貨率,14,木竹製品製造業,09602,121.02,％
存貨率,14,木竹製品製造業,09603,87.06,％
存貨率,14,木竹製品製造業,09604,97.95,％
存貨率,14,木竹製品製造業,09605,85.47,％
存貨率,14,木竹製品製造業,09606,103.48,％
存貨率,14,木竹製品製造業,09607,99.81,％
存貨率,14,木竹製品製造業,09608,99.11,％
存貨率,14,木竹製品製造業,09609,112.15,％
存貨率,14,木竹製品製造業,09610,91.78,％
存貨率,14,木竹製品製造業,09611,106.46,％
存貨率,14,木竹製品製造業,09612,91.92,％
存貨率,14,木竹製品製造業,09701,103.10,％
存貨率,14,木竹製品製造業,09702,121.53,％
存貨率,14,木竹製品製造業,09703,106.07,％
存貨率,14,木竹製品製造業,09704,95.23,％
存貨率,14,木竹製品製造業,09705,95.10,％
存貨率,14,木竹製品製造業,09706,103.49,％
存貨率,14,木竹製品製造業,09707,98.84,％
存貨率,14,木竹製品製造業,09708,99.25,％
存貨率,14,木竹製品製造業,09709,118.52,％
存貨率,14,木竹製品製造業,09710,97.36,％
存貨率,14,木竹製品製造業,09711,109.07,％
存貨率,14,木竹製品製造業,09712,93.94,％
存貨率,14,木竹製品製造業,09801,146.51,％
存貨率,14,木竹製品製造業,09802,130.68,％
存貨率,14,木竹製品製造業,09803,102.99,％
存貨率,14,木竹製品製造業,09804,97.49,％
存貨率,14,木竹製品製造業,09805,118.98,％
存貨率,14,木竹製品製造業,09806,97.23,％
存貨率,14,木竹製品製造業,09807,101.73,％
存貨率,14,木竹製品製造業,09808,99.26,％
存貨率,14,木竹製品製造業,09809,97.29,％
存貨率,14,木竹製品製造業,09810,99.94,％
存貨率,14,木竹製品製造業,09811,85.14,％
存貨率,14,木竹製品製造業,09812,73.19,％
存貨率,14,木竹製品製造業,09901,77.90,％
存貨率,14,木竹製品製造業,09902,121.14,％
存貨率,14,木竹製品製造業,09903,79.42,％
存貨率,14,木竹製品製造業,09904,76.60,％
存貨率,14,木竹製品製造業,09905,84.30,％
存貨率,14,木竹製品製造業,09906,76.34,％
存貨率,14,木竹製品製造業,09907,88.22,％
存貨率,14,木竹製品製造業,09908,76.63,％
存貨率,14,木竹製品製造業,09909,85.14,％
存貨率,14,木竹製品製造業,09910,79.26,％
存貨率,14,木竹製品製造業,09911,81.97,％
存貨率,14,木竹製品製造業,09912,71.65,％
存貨率,14,木竹製品製造業,10001,87.40,％
存貨率,14,木竹製品製造業,10002,106.33,％
存貨率,14,木竹製品製造業,10003,70.97,％
存貨率,14,木竹製品製造業,10004,70.49,％
存貨率,14,木竹製品製造業,10005,83.52,％
存貨率,14,木竹製品製造業,10006,76.77,％
存貨率,14,木竹製品製造業,10007,91.07,％
存貨率,14,木竹製品製造業,10008,83.00,％
存貨率,14,木竹製品製造業,10009,77.99,％
存貨率,14,木竹製品製造業,10010,80.67,％
存貨率,14,木竹製品製造業,10011,84.22,％
存貨率,14,木竹製品製造業,10012,80.48,％
存貨率,14,木竹製品製造業,10101,120.89,％
存貨率,14,木竹製品製造業,10102,98.48,％
存貨率,14,木竹製品製造業,10103,88.48,％
存貨率,14,木竹製品製造業,10104,90.13,％
存貨率,14,木竹製品製造業,10105,84.72,％
存貨率,14,木竹製品製造業,10106,88.13,％
存貨率,14,木竹製品製造業,10107,99.93,％
存貨率,14,木竹製品製造業,10108,74.84,％
存貨率,14,木竹製品製造業,10109,85.89,％
存貨率,14,木竹製品製造業,10110,88.60,％
存貨率,14,木竹製品製造業,10111,81.58,％
存貨率,14,木竹製品製造業,10112,87.32,％
存貨率,14,木竹製品製造業,10201,89.08,％
存貨率,14,木竹製品製造業,10202,122.59,％
存貨率,14,木竹製品製造業,10203,96.38,％
存貨率,14,木竹製品製造業,10204,93.46,％
存貨率,14,木竹製品製造業,10205,92.80,％
存貨率,14,木竹製品製造業,10206,97.66,％
存貨率,14,木竹製品製造業,10207,84.46,％
存貨率,14,木竹製品製造業,10208,85.55,％
存貨率,14,木竹製品製造業,10209,94.35,％
存貨率,14,木竹製品製造業,10210,88.80,％
存貨率,14,木竹製品製造業,10211,88.55,％
存貨率,14,木竹製品製造業,10212,81.42,％
存貨率,14,木竹製品製造業,10301,92.98,％
存貨率,14,木竹製品製造業,10302,108.16,％
存貨率,14,木竹製品製造業,10303,94.95,％
存貨率,14,木竹製品製造業,10304,95.63,％
存貨率,14,木竹製品製造業,10305,99.06,％
存貨率,14,木竹製品製造業,10306,96.46,％
存貨率,14,木竹製品製造業,10307,94.18,％
存貨率,14,木竹製品製造業,10308,97.49,％
存貨率,14,木竹製品製造業,10309,98.77,％
存貨率,14,木竹製品製造業,10310,92.97,％
存貨率,14,木竹製品製造業,10311,102.95,％
存貨率,14,木竹製品製造業,10312,82.91,％
存貨率,14,木竹製品製造業,10401,84.76,％
存貨率,14,木竹製品製造業,10402,123.02,％
存貨率,14,木竹製品製造業,10403,92.86,％
存貨率,14,木竹製品製造業,10404,88.53,％
存貨率,14,木竹製品製造業,10405,94.57,％
存貨率,14,木竹製品製造業,10406,86.05,％
存貨率,14,木竹製品製造業,10407,83.54,％
存貨率,14,木竹製品製造業,10408,87.92,％
存貨率,14,木竹製品製造業,10409,84.86,％
存貨率,14,木竹製品製造業,10410,89.99,％
存貨率,14,木竹製品製造業,10411,76.69,％
存貨率,14,木竹製品製造業,10412,73.10,％
存貨率,14,木竹製品製造業,10501,91.48,％
存貨率,14,木竹製品製造業,10502,132.05,％
存貨率,14,木竹製品製造業,10503,85.19,％
存貨率,14,木竹製品製造業,10504,84.68,％
存貨率,14,木竹製品製造業,10505,89.04,％
存貨率,14,木竹製品製造業,10506,89.01,％
存貨率,14,木竹製品製造業,10507,83.92,％
存貨率,14,木竹製品製造業,10508,77.59,％
存貨率,14,木竹製品製造業,10509,74.58,％
存貨率,14,木竹製品製造業,10510,75.28,％
存貨率,14,木竹製品製造業,10511,73.07,％
存貨率,14,木竹製品製造業,10512,72.85,％
存貨率,14,木竹製品製造業,10601,86.91,％
存貨率,14,木竹製品製造業,10602,94.96,％
存貨率,14,木竹製品製造業,10603,76.33,％
存貨率,14,木竹製品製造業,10604,90.65,％
存貨率,14,木竹製品製造業,10605,90.30,％
存貨率,14,木竹製品製造業,10606,76.06,％
存貨率,14,木竹製品製造業,10607,83.73,％
存貨率,14,木竹製品製造業,10608,82.80,％
存貨率,14,木竹製品製造業,10609,82.90,％
存貨率,14,木竹製品製造業,10610,77.92,％
存貨率,14,木竹製品製造業,10611,69.48,％
存貨率,14,木竹製品製造業,10612,70.67,％
存貨率,14,木竹製品製造業,10701,81.24,％
存貨率,14,木竹製品製造業,10702,105.88,％
存貨率,14,木竹製品製造業,10703,84.00,％
存貨率,14,木竹製品製造業,10704,75.60,％
存貨率,14,木竹製品製造業,10705,75.16,％
存貨率,14,木竹製品製造業,10706,82.71,％
存貨率,14,木竹製品製造業,10707,76.15,％
存貨率,14,木竹製品製造業,10708,72.75,％
存貨率,14,木竹製品製造業,10709,86.51,％
存貨率,14,木竹製品製造業,10710,84.21,％
存貨率,14,木竹製品製造業,10711,84.58,％
存貨率,14,木竹製品製造業,10712,99.69,％
存貨率,14,木竹製品製造業,10801,107.05,％
存貨率,14,木竹製品製造業,10802,144.02,％
存貨率,14,木竹製品製造業,10803,102.60,％
存貨率,14,木竹製品製造業,10804,99.64,％
存貨率,14,木竹製品製造業,10805,81.44,％
存貨率,14,木竹製品製造業,10806,99.43,％
存貨率,14,木竹製品製造業,10807,75.25,％
存貨率,14,木竹製品製造業,10808,81.51,％
存貨率,14,木竹製品製造業,10809,83.19,％
存貨率,14,木竹製品製造業,10810,79.28,％
存貨率,14,木竹製品製造業,10811,81.92,％
存貨率,14,木竹製品製造業,10812,72.82,％
存貨率,14,木竹製品製造業,10901,88.92,％
存貨率,14,木竹製品製造業,10902,94.83,％
存貨率,14,木竹製品製造業,10903,109.27,％
存貨率,14,木竹製品製造業,10904,101.27,％
存貨率,14,木竹製品製造業,10905,109.35,％
存貨率,14,木竹製品製造業,10906,82.87,％
存貨率,14,木竹製品製造業,10907,83.28,％
存貨率,14,木竹製品製造業,10908,82.27,％
存貨率,14,木竹製品製造業,10909,72.18,％
存貨率,14,木竹製品製造業,10910,73.09,％
存貨率,14,木竹製品製造業,10911,67.90,％
存貨率,14,木竹製品製造業,10912,60.37,％
存貨率,14,木竹製品製造業,11001,58.28,％
存貨率,14,木竹製品製造業,11002,73.90,％
存貨率,14,木竹製品製造業,11003,56.41,％
存貨率,14,木竹製品製造業,11004,55.04,％
存貨率,14,木竹製品製造業,11005,56.26,％
存貨率,14,木竹製品製造業,11006,55.60,％
存貨率,14,木竹製品製造業,11007,58.14,％
存貨率,14,木竹製品製造業,11008,62.83,％
存貨率,14,木竹製品製造業,11009,68.22,％
存貨率,14,木竹製品製造業,11010,65.05,％
存貨率,14,木竹製品製造業,11011,59.00,％
存貨率,14,木竹製品製造業,11012,57.20,％
存貨率,14,木竹製品製造業,11101,66.81,％
存貨率,14,木竹製品製造業,11102,93.02,％
存貨率,14,木竹製品製造業,11103,68.08,％
存貨率,14,木竹製品製造業,11104,68.40,％
存貨率,14,木竹製品製造業,11105,72.92,％
存貨率,14,木竹製品製造業,11106,70.38,％
存貨率,14,木竹製品製造業,11107,68.78,％
存貨率,14,木竹製品製造業,11108,68.95,％
存貨率,14,木竹製品製造業,11109,68.19,％
存貨率,14,木竹製品製造業,11110,75.45,％
存貨率,14,木竹製品製造業,11111,66.91,％
存貨率,14,木竹製品製造業,11112,67.51,％
存貨率,14,木竹製品製造業,11201,98.73,％
存貨率,14,木竹製品製造業,11202,81.29,％
存貨率,14,木竹製品製造業,11203,73.03,％
存貨率,14,木竹製品製造業,11204,84.86,％
存貨率,14,木竹製品製造業,11205,79.90,％
存貨率,14,木竹製品製造業,11206,85.86,％
存貨率,14,木竹製品製造業,11207,82.23,％
存貨率,14,木竹製品製造業,11208,80.20,％
存貨率,14,木竹製品製造業,11209,83.45,％
存貨率,14,木竹製品製造業,11210,83.26,％
存貨率,14,木竹製品製造業,11211,77.56,％
存貨率,14,木竹製品製造業,11212,75.04,％
存貨率,14,木竹製品製造業,11301,75.48,％
存貨率,14,木竹製品製造業,11302,111.21,％
存貨率,14,木竹製品製造業,11303,77.10,％
存貨率,14,木竹製品製造業,11304,85.39,％
存貨率,14,木竹製品製造業,11305,77.51,％
存貨率,14,木竹製品製造業,11306,81.20,％
存貨率,14,木竹製品製造業,11307,86.47,％
存貨率,14,木竹製品製造業,11308,81.38,％
存貨率,14,木竹製品製造業,11309,88.15,％
存貨率,14,木竹製品製造業,11310,86.87,％
存貨率,14,木竹製品製造業,11311,82.16,％
存貨率,14,木竹製品製造業,11312,74.36,％
存貨率,14,木竹製品製造業,11401,87.69,％
存貨率,14,木竹製品製造業,11402,89.03,％
存貨率,14,木竹製品製造業,11403,83.92,％
存貨率,14,木竹製品製造業,11404,85.78,％
存貨率,14,木竹製品製造業,11405,92.17,％
存貨率,14,木竹製品製造業,11406,90.17,％
存貨率,14,木竹製品製造業,11407,86.88,％
存貨率,14,木竹製品製造業,11408,89.55,％
存貨率,14,木竹製品製造業,11409,100.23,％
存貨率,14,木竹製品製造業,11410,102.41,％
存貨率,14,木竹製品製造業,11411,93.04,％
存貨率,14,木竹製品製造業,11412,89.76,％
存貨率,14,木竹製品製造業,11501,91.32,％
存貨率,14,木竹製品製造業,11502,139.49,％
存貨率,14,木竹製品製造業,11503,79.66,％
存貨率,14,木竹製品製造業,11504,87.13,％
存貨率,14,木竹製品製造業,11505,96.23,％
存貨率,14,木竹製品製造業,11506,114.11,％
存貨率,23,非金屬礦物製品製造業,07101,114.92,％
存貨率,23,非金屬礦物製品製造業,07102,118.32,％
存貨率,23,非金屬礦物製品製造業,07103,100.49,％
存貨率,23,非金屬礦物製品製造業,07104,103.70,％
存貨率,23,非金屬礦物製品製造業,07105,105.02,％
存貨率,23,非金屬礦物製品製造業,07106,121.41,％
存貨率,23,非金屬礦物製品製造業,07107,121.83,％
存貨率,23,非金屬礦物製品製造業,07108,124.87,％
存貨率,23,非金屬礦物製品製造業,07109,120.12,％
存貨率,23,非金屬礦物製品製造業,07110,116.63,％
存貨率,23,非金屬礦物製品製造業,07111,103.68,％
存貨率,23,非金屬礦物製品製造業,07112,99.03,％
存貨率,23,非金屬礦物製品製造業,07201,107.68,％
存貨率,23,非金屬礦物製品製造業,07202,165.01,％
存貨率,23,非金屬礦物製品製造業,07203,120.32,％
存貨率,23,非金屬礦物製品製造業,07204,94.37,％
存貨率,23,非金屬礦物製品製造業,07205,95.57,％
存貨率,23,非金屬礦物製品製造業,07206,84.78,％
存貨率,23,非金屬礦物製品製造業,07207,96.12,％
存貨率,23,非金屬礦物製品製造業,07208,95.53,％
存貨率,23,非金屬礦物製品製造業,07209,108.28,％
存貨率,23,非金屬礦物製品製造業,07210,112.68,％
存貨率,23,非金屬礦物製品製造業,07211,105.50,％
存貨率,23,非金屬礦物製品製造業,07212,92.36,％
存貨率,23,非金屬礦物製品製造業,07301,92.53,％
存貨率,23,非金屬礦物製品製造業,07302,142.23,％
存貨率,23,非金屬礦物製品製造業,07303,107.18,％
存貨率,23,非金屬礦物製品製造業,07304,111.11,％
存貨率,23,非金屬礦物製品製造業,07305,108.66,％
存貨率,23,非金屬礦物製品製造業,07306,114.93,％
存貨率,23,非金屬礦物製品製造業,07307,114.40,％
存貨率,23,非金屬礦物製品製造業,07308,113.66,％
存貨率,23,非金屬礦物製品製造業,07309,108.67,％
存貨率,23,非金屬礦物製品製造業,07310,114.16,％
存貨率,23,非金屬礦物製品製造業,07311,113.07,％
存貨率,23,非金屬礦物製品製造業,07312,116.99,％
存貨率,23,非金屬礦物製品製造業,07401,105.34,％
存貨率,23,非金屬礦物製品製造業,07402,152.01,％
存貨率,23,非金屬礦物製品製造業,07403,117.51,％
存貨率,23,非金屬礦物製品製造業,07404,112.15,％
存貨率,23,非金屬礦物製品製造業,07405,110.03,％
存貨率,23,非金屬礦物製品製造業,07406,122.20,％
存貨率,23,非金屬礦物製品製造業,07407,116.91,％
存貨率,23,非金屬礦物製品製造業,07408,123.81,％
存貨率,23,非金屬礦物製品製造業,07409,118.04,％
存貨率,23,非金屬礦物製品製造業,07410,111.48,％
存貨率,23,非金屬礦物製品製造業,07411,105.53,％
存貨率,23,非金屬礦物製品製造業,07412,95.94,％
存貨率,23,非金屬礦物製品製造業,07501,111.00,％
存貨率,23,非金屬礦物製品製造業,07502,170.24,％
存貨率,23,非金屬礦物製品製造業,07503,101.15,％
存貨率,23,非金屬礦物製品製造業,07504,132.82,％
存貨率,23,非金屬礦物製品製造業,07505,121.08,％
存貨率,23,非金屬礦物製品製造業,07506,132.50,％
存貨率,23,非金屬礦物製品製造業,07507,118.44,％
存貨率,23,非金屬礦物製品製造業,07508,122.19,％
存貨率,23,非金屬礦物製品製造業,07509,114.18,％
存貨率,23,非金屬礦物製品製造業,07510,99.19,％
存貨率,23,非金屬礦物製品製造業,07511,109.83,％
存貨率,23,非金屬礦物製品製造業,07512,90.77,％
存貨率,23,非金屬礦物製品製造業,07601,109.36,％
存貨率,23,非金屬礦物製品製造業,07602,123.12,％
存貨率,23,非金屬礦物製品製造業,07603,111.47,％
存貨率,23,非金屬礦物製品製造業,07604,107.45,％
存貨率,23,非金屬礦物製品製造業,07605,98.89,％
存貨率,23,非金屬礦物製品製造業,07606,100.67,％
存貨率,23,非金屬礦物製品製造業,07607,97.09,％
存貨率,23,非金屬礦物製品製造業,07608,92.69,％
存貨率,23,非金屬礦物製品製造業,07609,97.14,％
存貨率,23,非金屬礦物製品製造業,07610,94.83,％
存貨率,23,非金屬礦物製品製造業,07611,86.81,％
存貨率,23,非金屬礦物製品製造業,07612,81.25,％
存貨率,23,非金屬礦物製品製造業,07701,78.67,％
存貨率,23,非金屬礦物製品製造業,07702,98.12,％
存貨率,23,非金屬礦物製品製造業,07703,85.32,％
存貨率,23,非金屬礦物製品製造業,07704,80.82,％
存貨率,23,非金屬礦物製品製造業,07705,79.18,％
存貨率,23,非金屬礦物製品製造業,07706,82.00,％
存貨率,23,非金屬礦物製品製造業,07707,79.71,％
存貨率,23,非金屬礦物製品製造業,07708,82.99,％
存貨率,23,非金屬礦物製品製造業,07709,83.19,％
存貨率,23,非金屬礦物製品製造業,07710,84.37,％
存貨率,23,非金屬礦物製品製造業,07711,78.29,％
存貨率,23,非金屬礦物製品製造業,07712,76.69,％
存貨率,23,非金屬礦物製品製造業,07801,68.73,％
存貨率,23,非金屬礦物製品製造業,07802,108.78,％
存貨率,23,非金屬礦物製品製造業,07803,73.29,％
存貨率,23,非金屬礦物製品製造業,07804,72.07,％
存貨率,23,非金屬礦物製品製造業,07805,69.02,％
存貨率,23,非金屬礦物製品製造業,07806,69.70,％
存貨率,23,非金屬礦物製品製造業,07807,70.66,％
存貨率,23,非金屬礦物製品製造業,07808,72.56,％
存貨率,23,非金屬礦物製品製造業,07809,87.55,％
存貨率,23,非金屬礦物製品製造業,07810,78.88,％
存貨率,23,非金屬礦物製品製造業,07811,74.55,％
存貨率,23,非金屬礦物製品製造業,07812,72.08,％
存貨率,23,非金屬礦物製品製造業,07901,110.39,％
存貨率,23,非金屬礦物製品製造業,07902,112.73,％
存貨率,23,非金屬礦物製品製造業,07903,97.03,％
存貨率,23,非金屬礦物製品製造業,07904,102.88,％
存貨率,23,非金屬礦物製品製造業,07905,84.39,％
存貨率,23,非金屬礦物製品製造業,07906,82.62,％
存貨率,23,非金屬礦物製品製造業,07907,82.56,％
存貨率,23,非金屬礦物製品製造業,07908,88.86,％
存貨率,23,非金屬礦物製品製造業,07909,92.82,％
存貨率,23,非金屬礦物製品製造業,07910,87.73,％
存貨率,23,非金屬礦物製品製造業,07911,80.72,％
存貨率,23,非金屬礦物製品製造業,07912,75.02,％
存貨率,23,非金屬礦物製品製造業,08001,65.81,％
存貨率,23,非金屬礦物製品製造業,08002,102.90,％
存貨率,23,非金屬礦物製品製造業,08003,73.49,％
存貨率,23,非金屬礦物製品製造業,08004,75.71,％
存貨率,23,非金屬礦物製品製造業,08005,72.71,％
存貨率,23,非金屬礦物製品製造業,08006,77.52,％
存貨率,23,非金屬礦物製品製造業,08007,72.52,％
存貨率,23,非金屬礦物製品製造業,08008,72.65,％
存貨率,23,非金屬礦物製品製造業,08009,88.07,％
存貨率,23,非金屬礦物製品製造業,08010,83.57,％
存貨率,23,非金屬礦物製品製造業,08011,80.06,％
存貨率,23,非金屬礦物製品製造業,08012,74.40,％
存貨率,23,非金屬礦物製品製造業,08101,77.77,％
存貨率,23,非金屬礦物製品製造業,08102,128.79,％
存貨率,23,非金屬礦物製品製造業,08103,90.13,％
存貨率,23,非金屬礦物製品製造業,08104,88.61,％
存貨率,23,非金屬礦物製品製造業,08105,83.74,％
存貨率,23,非金屬礦物製品製造業,08106,83.84,％
存貨率,23,非金屬礦物製品製造業,08107,80.10,％
存貨率,23,非金屬礦物製品製造業,08108,81.90,％
存貨率,23,非金屬礦物製品製造業,08109,89.27,％
存貨率,23,非金屬礦物製品製造業,08110,73.48,％
存貨率,23,非金屬礦物製品製造業,08111,70.60,％
存貨率,23,非金屬礦物製品製造業,08112,63.72,％
存貨率,23,非金屬礦物製品製造業,08201,92.19,％
存貨率,23,非金屬礦物製品製造業,08202,77.34,％
存貨率,23,非金屬礦物製品製造業,08203,70.50,％
存貨率,23,非金屬礦物製品製造業,08204,66.12,％
存貨率,23,非金屬礦物製品製造業,08205,65.16,％
存貨率,23,非金屬礦物製品製造業,08206,67.73,％
存貨率,23,非金屬礦物製品製造業,08207,61.37,％
存貨率,23,非金屬礦物製品製造業,08208,62.15,％
存貨率,23,非金屬礦物製品製造業,08209,65.61,％
存貨率,23,非金屬礦物製品製造業,08210,63.16,％
存貨率,23,非金屬礦物製品製造業,08211,61.57,％
存貨率,23,非金屬礦物製品製造業,08212,56.91,％
存貨率,23,非金屬礦物製品製造業,08301,56.79,％
存貨率,23,非金屬礦物製品製造業,08302,90.36,％
存貨率,23,非金屬礦物製品製造業,08303,67.04,％
存貨率,23,非金屬礦物製品製造業,08304,64.93,％
存貨率,23,非金屬礦物製品製造業,08305,64.58,％
存貨率,23,非金屬礦物製品製造業,08306,74.52,％
存貨率,23,非金屬礦物製品製造業,08307,79.50,％
存貨率,23,非金屬礦物製品製造業,08308,82.73,％
存貨率,23,非金屬礦物製品製造業,08309,80.39,％
存貨率,23,非金屬礦物製品製造業,08310,77.04,％
存貨率,23,非金屬礦物製品製造業,08311,71.44,％
存貨率,23,非金屬礦物製品製造業,08312,67.81,％
存貨率,23,非金屬礦物製品製造業,08401,69.26,％
存貨率,23,非金屬礦物製品製造業,08402,91.56,％
存貨率,23,非金屬礦物製品製造業,08403,65.46,％
存貨率,23,非金屬礦物製品製造業,08404,68.99,％
存貨率,23,非金屬礦物製品製造業,08405,68.52,％
存貨率,23,非金屬礦物製品製造業,08406,69.17,％
存貨率,23,非金屬礦物製品製造業,08407,73.84,％
存貨率,23,非金屬礦物製品製造業,08408,75.42,％
存貨率,23,非金屬礦物製品製造業,08409,79.56,％
存貨率,23,非金屬礦物製品製造業,08410,76.58,％
存貨率,23,非金屬礦物製品製造業,08411,73.88,％
存貨率,23,非金屬礦物製品製造業,08412,74.73,％
存貨率,23,非金屬礦物製品製造業,08501,76.10,％
存貨率,23,非金屬礦物製品製造業,08502,114.95,％
存貨率,23,非金屬礦物製品製造業,08503,93.61,％
存貨率,23,非金屬礦物製品製造業,08504,92.48,％
存貨率,23,非金屬礦物製品製造業,08505,92.22,％
存貨率,23,非金屬礦物製品製造業,08506,94.44,％
存貨率,23,非金屬礦物製品製造業,08507,94.94,％
存貨率,23,非金屬礦物製品製造業,08508,97.65,％
存貨率,23,非金屬礦物製品製造業,08509,101.04,％
存貨率,23,非金屬礦物製品製造業,08510,96.59,％
存貨率,23,非金屬礦物製品製造業,08511,92.61,％
存貨率,23,非金屬礦物製品製造業,08512,86.22,％
存貨率,23,非金屬礦物製品製造業,08601,81.11,％
存貨率,23,非金屬礦物製品製造業,08602,128.53,％
存貨率,23,非金屬礦物製品製造業,08603,91.07,％
存貨率,23,非金屬礦物製品製造業,08604,93.83,％
存貨率,23,非金屬礦物製品製造業,08605,99.48,％
存貨率,23,非金屬礦物製品製造業,08606,107.40,％
存貨率,23,非金屬礦物製品製造業,08607,99.57,％
存貨率,23,非金屬礦物製品製造業,08608,103.45,％
存貨率,23,非金屬礦物製品製造業,08609,100.09,％
存貨率,23,非金屬礦物製品製造業,08610,94.18,％
存貨率,23,非金屬礦物製品製造業,08611,90.22,％
存貨率,23,非金屬礦物製品製造業,08612,83.93,％
存貨率,23,非金屬礦物製品製造業,08701,109.59,％
存貨率,23,非金屬礦物製品製造業,08702,115.16,％
存貨率,23,非金屬礦物製品製造業,08703,99.52,％
存貨率,23,非金屬礦物製品製造業,08704,100.54,％
存貨率,23,非金屬礦物製品製造業,08705,104.94,％
存貨率,23,非金屬礦物製品製造業,08706,110.12,％
存貨率,23,非金屬礦物製品製造業,08707,104.08,％
存貨率,23,非金屬礦物製品製造業,08708,105.28,％
存貨率,23,非金屬礦物製品製造業,08709,103.02,％
存貨率,23,非金屬礦物製品製造業,08710,102.04,％
存貨率,23,非金屬礦物製品製造業,08711,100.10,％
存貨率,23,非金屬礦物製品製造業,08712,96.81,％
存貨率,23,非金屬礦物製品製造業,08801,96.97,％
存貨率,23,非金屬礦物製品製造業,08802,140.74,％
存貨率,23,非金屬礦物製品製造業,08803,103.99,％
存貨率,23,非金屬礦物製品製造業,08804,101.93,％
存貨率,23,非金屬礦物製品製造業,08805,104.28,％
存貨率,23,非金屬礦物製品製造業,08806,107.47,％
存貨率,23,非金屬礦物製品製造業,08807,110.74,％
存貨率,23,非金屬礦物製品製造業,08808,117.44,％
存貨率,23,非金屬礦物製品製造業,08809,120.45,％
存貨率,23,非金屬礦物製品製造業,08810,109.04,％
存貨率,23,非金屬礦物製品製造業,08811,105.06,％
存貨率,23,非金屬礦物製品製造業,08812,98.58,％
存貨率,23,非金屬礦物製品製造業,08901,108.27,％
存貨率,23,非金屬礦物製品製造業,08902,164.26,％
存貨率,23,非金屬礦物製品製造業,08903,117.12,％
存貨率,23,非金屬礦物製品製造業,08904,118.91,％
存貨率,23,非金屬礦物製品製造業,08905,116.63,％
存貨率,23,非金屬礦物製品製造業,08906,119.96,％
存貨率,23,非金屬礦物製品製造業,08907,121.76,％
存貨率,23,非金屬礦物製品製造業,08908,124.78,％
存貨率,23,非金屬礦物製品製造業,08909,123.18,％
存貨率,23,非金屬礦物製品製造業,08910,121.94,％
存貨率,23,非金屬礦物製品製造業,08911,126.59,％
存貨率,23,非金屬礦物製品製造業,08912,121.18,％
存貨率,23,非金屬礦物製品製造業,09001,173.89,％
存貨率,23,非金屬礦物製品製造業,09002,164.44,％
存貨率,23,非金屬礦物製品製造業,09003,148.84,％
存貨率,23,非金屬礦物製品製造業,09004,144.61,％
存貨率,23,非金屬礦物製品製造業,09005,142.00,％
存貨率,23,非金屬礦物製品製造業,09006,164.85,％
存貨率,23,非金屬礦物製品製造業,09007,171.33,％
存貨率,23,非金屬礦物製品製造業,09008,154.12,％
存貨率,23,非金屬礦物製品製造業,09009,184.09,％
存貨率,23,非金屬礦物製品製造業,09010,158.50,％
存貨率,23,非金屬礦物製品製造業,09011,151.57,％
存貨率,23,非金屬礦物製品製造業,09012,150.64,％
存貨率,23,非金屬礦物製品製造業,09101,136.95,％
存貨率,23,非金屬礦物製品製造業,09102,184.96,％
存貨率,23,非金屬礦物製品製造業,09103,137.74,％
存貨率,23,非金屬礦物製品製造業,09104,130.69,％
存貨率,23,非金屬礦物製品製造業,09105,131.19,％
存貨率,23,非金屬礦物製品製造業,09106,141.77,％
存貨率,23,非金屬礦物製品製造業,09107,137.68,％
存貨率,23,非金屬礦物製品製造業,09108,135.16,％
存貨率,23,非金屬礦物製品製造業,09109,143.35,％
存貨率,23,非金屬礦物製品製造業,09110,128.60,％
存貨率,23,非金屬礦物製品製造業,09111,133.95,％
存貨率,23,非金屬礦物製品製造業,09112,130.84,％
存貨率,23,非金屬礦物製品製造業,09201,126.63,％
存貨率,23,非金屬礦物製品製造業,09202,159.89,％
存貨率,23,非金屬礦物製品製造業,09203,125.80,％
存貨率,23,非金屬礦物製品製造業,09204,127.34,％
存貨率,23,非金屬礦物製品製造業,09205,127.80,％
存貨率,23,非金屬礦物製品製造業,09206,137.17,％
存貨率,23,非金屬礦物製品製造業,09207,125.42,％
存貨率,23,非金屬礦物製品製造業,09208,123.10,％
存貨率,23,非金屬礦物製品製造業,09209,124.60,％
存貨率,23,非金屬礦物製品製造業,09210,117.29,％
存貨率,23,非金屬礦物製品製造業,09211,125.22,％
存貨率,23,非金屬礦物製品製造業,09212,111.08,％
存貨率,23,非金屬礦物製品製造業,09301,128.32,％
存貨率,23,非金屬礦物製品製造業,09302,120.44,％
存貨率,23,非金屬礦物製品製造業,09303,108.53,％
存貨率,23,非金屬礦物製品製造業,09304,104.49,％
存貨率,23,非金屬礦物製品製造業,09305,106.38,％
存貨率,23,非金屬礦物製品製造業,09306,96.51,％
存貨率,23,非金屬礦物製品製造業,09307,104.92,％
存貨率,23,非金屬礦物製品製造業,09308,109.65,％
存貨率,23,非金屬礦物製品製造業,09309,106.73,％
存貨率,23,非金屬礦物製品製造業,09310,103.14,％
存貨率,23,非金屬礦物製品製造業,09311,98.00,％
存貨率,23,非金屬礦物製品製造業,09312,89.77,％
存貨率,23,非金屬礦物製品製造業,09401,84.16,％
存貨率,23,非金屬礦物製品製造業,09402,117.17,％
存貨率,23,非金屬礦物製品製造業,09403,93.76,％
存貨率,23,非金屬礦物製品製造業,09404,94.37,％
存貨率,23,非金屬礦物製品製造業,09405,94.76,％
存貨率,23,非金屬礦物製品製造業,09406,94.18,％
存貨率,23,非金屬礦物製品製造業,09407,92.33,％
存貨率,23,非金屬礦物製品製造業,09408,88.99,％
存貨率,23,非金屬礦物製品製造業,09409,90.23,％
存貨率,23,非金屬礦物製品製造業,09410,84.16,％
存貨率,23,非金屬礦物製品製造業,09411,80.01,％
存貨率,23,非金屬礦物製品製造業,09412,80.11,％
存貨率,23,非金屬礦物製品製造業,09501,80.80,％
存貨率,23,非金屬礦物製品製造業,09502,91.55,％
存貨率,23,非金屬礦物製品製造業,09503,77.54,％
存貨率,23,非金屬礦物製品製造業,09504,79.38,％
存貨率,23,非金屬礦物製品製造業,09505,79.46,％
存貨率,23,非金屬礦物製品製造業,09506,82.18,％
存貨率,23,非金屬礦物製品製造業,09507,81.63,％
存貨率,23,非金屬礦物製品製造業,09508,78.68,％
存貨率,23,非金屬礦物製品製造業,09509,72.92,％
存貨率,23,非金屬礦物製品製造業,09510,74.22,％
存貨率,23,非金屬礦物製品製造業,09511,76.13,％
存貨率,23,非金屬礦物製品製造業,09512,78.19,％
存貨率,23,非金屬礦物製品製造業,09601,74.76,％
存貨率,23,非金屬礦物製品製造業,09602,101.71,％
存貨率,23,非金屬礦物製品製造業,09603,75.42,％
存貨率,23,非金屬礦物製品製造業,09604,72.97,％
存貨率,23,非金屬礦物製品製造業,09605,69.28,％
存貨率,23,非金屬礦物製品製造業,09606,74.47,％
存貨率,23,非金屬礦物製品製造業,09607,69.17,％
存貨率,23,非金屬礦物製品製造業,09608,69.12,％
存貨率,23,非金屬礦物製品製造業,09609,73.92,％
存貨率,23,非金屬礦物製品製造業,09610,67.64,％
存貨率,23,非金屬礦物製品製造業,09611,67.19,％
存貨率,23,非金屬礦物製品製造業,09612,63.82,％
存貨率,23,非金屬礦物製品製造業,09701,62.45,％
存貨率,23,非金屬礦物製品製造業,09702,74.63,％
存貨率,23,非金屬礦物製品製造業,09703,63.96,％
存貨率,23,非金屬礦物製品製造業,09704,67.17,％
存貨率,23,非金屬礦物製品製造業,09705,64.51,％
存貨率,23,非金屬礦物製品製造業,09706,69.22,％
存貨率,23,非金屬礦物製品製造業,09707,73.66,％
存貨率,23,非金屬礦物製品製造業,09708,81.87,％
存貨率,23,非金屬礦物製品製造業,09709,94.16,％
存貨率,23,非金屬礦物製品製造業,09710,92.48,％
存貨率,23,非金屬礦物製品製造業,09711,131.60,％
存貨率,23,非金屬礦物製品製造業,09712,126.84,％
存貨率,23,非金屬礦物製品製造業,09801,139.08,％
存貨率,23,非金屬礦物製品製造業,09802,116.67,％
存貨率,23,非金屬礦物製品製造業,09803,92.22,％
存貨率,23,非金屬礦物製品製造業,09804,86.28,％
存貨率,23,非金屬礦物製品製造業,09805,82.00,％
存貨率,23,非金屬礦物製品製造業,09806,82.34,％
存貨率,23,非金屬礦物製品製造業,09807,76.28,％
存貨率,23,非金屬礦物製品製造業,09808,79.15,％
存貨率,23,非金屬礦物製品製造業,09809,71.62,％
存貨率,23,非金屬礦物製品製造業,09810,66.30,％
存貨率,23,非金屬礦物製品製造業,09811,71.62,％
存貨率,23,非金屬礦物製品製造業,09812,66.20,％
存貨率,23,非金屬礦物製品製造業,09901,65.46,％
存貨率,23,非金屬礦物製品製造業,09902,74.61,％
存貨率,23,非金屬礦物製品製造業,09903,57.87,％
存貨率,23,非金屬礦物製品製造業,09904,59.77,％
存貨率,23,非金屬礦物製品製造業,09905,62.67,％
存貨率,23,非金屬礦物製品製造業,09906,65.46,％
存貨率,23,非金屬礦物製品製造業,09907,63.51,％
存貨率,23,非金屬礦物製品製造業,09908,84.61,％
存貨率,23,非金屬礦物製品製造業,09909,94.87,％
存貨率,23,非金屬礦物製品製造業,09910,78.33,％
存貨率,23,非金屬礦物製品製造業,09911,67.73,％
存貨率,23,非金屬礦物製品製造業,09912,67.14,％
存貨率,23,非金屬礦物製品製造業,10001,64.11,％
存貨率,23,非金屬礦物製品製造業,10002,84.55,％
存貨率,23,非金屬礦物製品製造業,10003,68.62,％
存貨率,23,非金屬礦物製品製造業,10004,65.16,％
存貨率,23,非金屬礦物製品製造業,10005,67.38,％
存貨率,23,非金屬礦物製品製造業,10006,67.37,％
存貨率,23,非金屬礦物製品製造業,10007,75.08,％
存貨率,23,非金屬礦物製品製造業,10008,76.59,％
存貨率,23,非金屬礦物製品製造業,10009,81.28,％
存貨率,23,非金屬礦物製品製造業,10010,79.33,％
存貨率,23,非金屬礦物製品製造業,10011,82.40,％
存貨率,23,非金屬礦物製品製造業,10012,83.73,％
存貨率,23,非金屬礦物製品製造業,10101,97.80,％
存貨率,23,非金屬礦物製品製造業,10102,99.29,％
存貨率,23,非金屬礦物製品製造業,10103,85.73,％
存貨率,23,非金屬礦物製品製造業,10104,90.15,％
存貨率,23,非金屬礦物製品製造業,10105,92.18,％
存貨率,23,非金屬礦物製品製造業,10106,100.39,％
存貨率,23,非金屬礦物製品製造業,10107,93.02,％
存貨率,23,非金屬礦物製品製造業,10108,89.81,％
存貨率,23,非金屬礦物製品製造業,10109,91.69,％
存貨率,23,非金屬礦物製品製造業,10110,90.70,％
存貨率,23,非金屬礦物製品製造業,10111,89.94,％
存貨率,23,非金屬礦物製品製造業,10112,92.04,％
存貨率,23,非金屬礦物製品製造業,10201,94.21,％
存貨率,23,非金屬礦物製品製造業,10202,123.25,％
存貨率,23,非金屬礦物製品製造業,10203,94.29,％
存貨率,23,非金屬礦物製品製造業,10204,96.71,％
存貨率,23,非金屬礦物製品製造業,10205,98.92,％
存貨率,23,非金屬礦物製品製造業,10206,98.86,％
存貨率,23,非金屬礦物製品製造業,10207,97.23,％
存貨率,23,非金屬礦物製品製造業,10208,97.41,％
存貨率,23,非金屬礦物製品製造業,10209,101.75,％
存貨率,23,非金屬礦物製品製造業,10210,98.50,％
存貨率,23,非金屬礦物製品製造業,10211,97.41,％
存貨率,23,非金屬礦物製品製造業,10212,95.55,％
存貨率,23,非金屬礦物製品製造業,10301,104.08,％
存貨率,23,非金屬礦物製品製造業,10302,130.41,％
存貨率,23,非金屬礦物製品製造業,10303,102.83,％
存貨率,23,非金屬礦物製品製造業,10304,101.05,％
存貨率,23,非金屬礦物製品製造業,10305,104.24,％
存貨率,23,非金屬礦物製品製造業,10306,107.67,％
存貨率,23,非金屬礦物製品製造業,10307,102.35,％
存貨率,23,非金屬礦物製品製造業,10308,106.77,％
存貨率,23,非金屬礦物製品製造業,10309,104.57,％
存貨率,23,非金屬礦物製品製造業,10310,104.97,％
存貨率,23,非金屬礦物製品製造業,10311,106.29,％
存貨率,23,非金屬礦物製品製造業,10312,98.23,％
存貨率,23,非金屬礦物製品製造業,10401,100.81,％
存貨率,23,非金屬礦物製品製造業,10402,137.26,％
存貨率,23,非金屬礦物製品製造業,10403,109.03,％
存貨率,23,非金屬礦物製品製造業,10404,111.13,％
存貨率,23,非金屬礦物製品製造業,10405,115.79,％
存貨率,23,非金屬礦物製品製造業,10406,112.31,％
存貨率,23,非金屬礦物製品製造業,10407,113.45,％
存貨率,23,非金屬礦物製品製造業,10408,129.26,％
存貨率,23,非金屬礦物製品製造業,10409,123.68,％
存貨率,23,非金屬礦物製品製造業,10410,117.68,％
存貨率,23,非金屬礦物製品製造業,10411,119.94,％
存貨率,23,非金屬礦物製品製造業,10412,113.53,％
存貨率,23,非金屬礦物製品製造業,10501,120.45,％
存貨率,23,非金屬礦物製品製造業,10502,167.65,％
存貨率,23,非金屬礦物製品製造業,10503,119.42,％
存貨率,23,非金屬礦物製品製造業,10504,124.37,％
存貨率,23,非金屬礦物製品製造業,10505,118.79,％
存貨率,23,非金屬礦物製品製造業,10506,120.24,％
存貨率,23,非金屬礦物製品製造業,10507,123.74,％
存貨率,23,非金屬礦物製品製造業,10508,120.77,％
存貨率,23,非金屬礦物製品製造業,10509,130.16,％
存貨率,23,非金屬礦物製品製造業,10510,127.71,％
存貨率,23,非金屬礦物製品製造業,10511,119.10,％
存貨率,23,非金屬礦物製品製造業,10512,113.90,％
存貨率,23,非金屬礦物製品製造業,10601,129.10,％
存貨率,23,非金屬礦物製品製造業,10602,142.47,％
存貨率,23,非金屬礦物製品製造業,10603,115.83,％
存貨率,23,非金屬礦物製品製造業,10604,128.24,％
存貨率,23,非金屬礦物製品製造業,10605,126.34,％
存貨率,23,非金屬礦物製品製造業,10606,123.42,％
存貨率,23,非金屬礦物製品製造業,10607,131.73,％
存貨率,23,非金屬礦物製品製造業,10608,125.22,％
存貨率,23,非金屬礦物製品製造業,10609,124.47,％
存貨率,23,非金屬礦物製品製造業,10610,132.34,％
存貨率,23,非金屬礦物製品製造業,10611,124.74,％
存貨率,23,非金屬礦物製品製造業,10612,125.28,％
存貨率,23,非金屬礦物製品製造業,10701,121.27,％
存貨率,23,非金屬礦物製品製造業,10702,168.45,％
存貨率,23,非金屬礦物製品製造業,10703,119.00,％
存貨率,23,非金屬礦物製品製造業,10704,129.04,％
存貨率,23,非金屬礦物製品製造業,10705,122.15,％
存貨率,23,非金屬礦物製品製造業,10706,127.17,％
存貨率,23,非金屬礦物製品製造業,10707,126.36,％
存貨率,23,非金屬礦物製品製造業,10708,127.68,％
存貨率,23,非金屬礦物製品製造業,10709,134.94,％
存貨率,23,非金屬礦物製品製造業,10710,124.86,％
存貨率,23,非金屬礦物製品製造業,10711,126.71,％
存貨率,23,非金屬礦物製品製造業,10712,131.27,％
存貨率,23,非金屬礦物製品製造業,10801,121.86,％
存貨率,23,非金屬礦物製品製造業,10802,174.83,％
存貨率,23,非金屬礦物製品製造業,10803,135.25,％
存貨率,23,非金屬礦物製品製造業,10804,144.42,％
存貨率,23,非金屬礦物製品製造業,10805,141.14,％
存貨率,23,非金屬礦物製品製造業,10806,152.04,％
存貨率,23,非金屬礦物製品製造業,10807,149.29,％
存貨率,23,非金屬礦物製品製造業,10808,149.29,％
存貨率,23,非金屬礦物製品製造業,10809,151.12,％
存貨率,23,非金屬礦物製品製造業,10810,137.88,％
存貨率,23,非金屬礦物製品製造業,10811,142.71,％
存貨率,23,非金屬礦物製品製造業,10812,136.05,％
存貨率,23,非金屬礦物製品製造業,10901,154.77,％
存貨率,23,非金屬礦物製品製造業,10902,150.61,％
存貨率,23,非金屬礦物製品製造業,10903,131.98,％
存貨率,23,非金屬礦物製品製造業,10904,139.16,％
存貨率,23,非金屬礦物製品製造業,10905,145.25,％
存貨率,23,非金屬礦物製品製造業,10906,141.82,％
存貨率,23,非金屬礦物製品製造業,10907,130.67,％
存貨率,23,非金屬礦物製品製造業,10908,146.00,％
存貨率,23,非金屬礦物製品製造業,10909,130.30,％
存貨率,23,非金屬礦物製品製造業,10910,125.15,％
存貨率,23,非金屬礦物製品製造業,10911,120.97,％
存貨率,23,非金屬礦物製品製造業,10912,113.39,％
存貨率,23,非金屬礦物製品製造業,11001,113.81,％
存貨率,23,非金屬礦物製品製造業,11002,143.95,％
存貨率,23,非金屬礦物製品製造業,11003,109.78,％
存貨率,23,非金屬礦物製品製造業,11004,111.08,％
存貨率,23,非金屬礦物製品製造業,11005,106.45,％
存貨率,23,非金屬礦物製品製造業,11006,114.99,％
存貨率,23,非金屬礦物製品製造業,11007,113.02,％
存貨率,23,非金屬礦物製品製造業,11008,115.33,％
存貨率,23,非金屬礦物製品製造業,11009,116.43,％
存貨率,23,非金屬礦物製品製造業,11010,119.73,％
存貨率,23,非金屬礦物製品製造業,11011,114.81,％
存貨率,23,非金屬礦物製品製造業,11012,113.49,％
存貨率,23,非金屬礦物製品製造業,11101,120.13,％
存貨率,23,非金屬礦物製品製造業,11102,157.99,％
存貨率,23,非金屬礦物製品製造業,11103,116.77,％
存貨率,23,非金屬礦物製品製造業,11104,124.87,％
存貨率,23,非金屬礦物製品製造業,11105,136.22,％
存貨率,23,非金屬礦物製品製造業,11106,141.91,％
存貨率,23,非金屬礦物製品製造業,11107,139.00,％
存貨率,23,非金屬礦物製品製造業,11108,148.15,％
存貨率,23,非金屬礦物製品製造業,11109,151.63,％
存貨率,23,非金屬礦物製品製造業,11110,158.42,％
存貨率,23,非金屬礦物製品製造業,11111,147.74,％
存貨率,23,非金屬礦物製品製造業,11112,143.53,％
存貨率,23,非金屬礦物製品製造業,11201,184.57,％
存貨率,23,非金屬礦物製品製造業,11202,168.43,％
存貨率,23,非金屬礦物製品製造業,11203,141.72,％
存貨率,23,非金屬礦物製品製造業,11204,162.64,％
存貨率,23,非金屬礦物製品製造業,11205,155.50,％
存貨率,23,非金屬礦物製品製造業,11206,157.46,％
存貨率,23,非金屬礦物製品製造業,11207,163.31,％
存貨率,23,非金屬礦物製品製造業,11208,159.29,％
存貨率,23,非金屬礦物製品製造業,11209,166.97,％
存貨率,23,非金屬礦物製品製造業,11210,160.61,％
存貨率,23,非金屬礦物製品製造業,11211,156.19,％
存貨率,23,非金屬礦物製品製造業,11212,152.45,％
存貨率,23,非金屬礦物製品製造業,11301,136.50,％
存貨率,23,非金屬礦物製品製造業,11302,179.45,％
存貨率,23,非金屬礦物製品製造業,11303,143.33,％
存貨率,23,非金屬礦物製品製造業,11304,146.08,％
存貨率,23,非金屬礦物製品製造業,11305,141.12,％
存貨率,23,非金屬礦物製品製造業,11306,141.41,％
存貨率,23,非金屬礦物製品製造業,11307,143.88,％
存貨率,23,非金屬礦物製品製造業,11308,135.69,％
存貨率,23,非金屬礦物製品製造業,11309,147.74,％
存貨率,23,非金屬礦物製品製造業,11310,151.48,％
存貨率,23,非金屬礦物製品製造業,11311,136.06,％
存貨率,23,非金屬礦物製品製造業,11312,135.28,％
存貨率,23,非金屬礦物製品製造業,11401,156.76,％
存貨率,23,非金屬礦物製品製造業,11402,170.28,％
存貨率,23,非金屬礦物製品製造業,11403,150.10,％
存貨率,23,非金屬礦物製品製造業,11404,139.99,％
存貨率,23,非金屬礦物製品製造業,11405,149.49,％
存貨率,23,非金屬礦物製品製造業,11406,154.38,％
存貨率,23,非金屬礦物製品製造業,11407,166.59,％
存貨率,23,非金屬礦物製品製造業,11408,177.00,％
存貨率,23,非金屬礦物製品製造業,11409,171.95,％
存貨率,23,非金屬礦物製品製造業,11410,176.90,％
存貨率,23,非金屬礦物製品製造業,11411,179.61,％
存貨率,23,非金屬礦物製品製造業,11412,166.89,％
存貨率,23,非金屬礦物製品製造業,11501,169.67,％
存貨率,23,非金屬礦物製品製造業,11502,226.57,％
存貨率,23,非金屬礦物製品製造業,11503,161.88,％
存貨率,23,非金屬礦物製品製造業,11504,164.35,％
存貨率,23,非金屬礦物製品製造業,11505,163.62,％
存貨率,23,非金屬礦物製品製造業,11506,182.87,％
存貨率,32,家具製造業,07101,64.70,％
存貨率,32,家具製造業,07102,68.48,％
存貨率,32,家具製造業,07103,65.36,％
存貨率,32,家具製造業,07104,70.72,％
存貨率,32,家具製造業,07105,63.41,％
存貨率,32,家具製造業,07106,60.24,％
存貨率,32,家具製造業,07107,62.46,％
存貨率,32,家具製造業,07108,56.58,％
存貨率,32,家具製造業,07109,58.83,％
存貨率,32,家具製造業,07110,93.30,％
存貨率,32,家具製造業,07111,105.67,％
存貨率,32,家具製造業,07112,84.37,％
存貨率,32,家具製造業,07201,74.39,％
存貨率,32,家具製造業,07202,75.80,％
存貨率,32,家具製造業,07203,63.32,％
存貨率,32,家具製造業,07204,72.16,％
存貨率,32,家具製造業,07205,87.79,％
存貨率,32,家具製造業,07206,71.17,％
存貨率,32,家具製造業,07207,63.96,％
存貨率,32,家具製造業,07208,63.02,％
存貨率,32,家具製造業,07209,58.21,％
存貨率,32,家具製造業,07210,72.14,％
存貨率,32,家具製造業,07211,64.57,％
存貨率,32,家具製造業,07212,55.24,％
存貨率,32,家具製造業,07301,42.10,％
存貨率,32,家具製造業,07302,86.32,％
存貨率,32,家具製造業,07303,62.62,％
存貨率,32,家具製造業,07304,56.49,％
存貨率,32,家具製造業,07305,55.69,％
存貨率,32,家具製造業,07306,53.30,％
存貨率,32,家具製造業,07307,61.00,％
存貨率,32,家具製造業,07308,54.36,％
存貨率,32,家具製造業,07309,68.52,％
存貨率,32,家具製造業,07310,68.08,％
存貨率,32,家具製造業,07311,64.78,％
存貨率,32,家具製造業,07312,51.01,％
存貨率,32,家具製造業,07401,44.56,％
存貨率,32,家具製造業,07402,52.98,％
存貨率,32,家具製造業,07403,40.55,％
存貨率,32,家具製造業,07404,43.55,％
存貨率,32,家具製造業,07405,51.67,％
存貨率,32,家具製造業,07406,51.14,％
存貨率,32,家具製造業,07407,77.27,％
存貨率,32,家具製造業,07408,77.81,％
存貨率,32,家具製造業,07409,79.95,％
存貨率,32,家具製造業,07410,69.80,％
存貨率,32,家具製造業,07411,59.22,％
存貨率,32,家具製造業,07412,50.46,％
存貨率,32,家具製造業,07501,69.61,％
存貨率,32,家具製造業,07502,121.67,％
存貨率,32,家具製造業,07503,58.57,％
存貨率,32,家具製造業,07504,66.86,％
存貨率,32,家具製造業,07505,77.19,％
存貨率,32,家具製造業,07506,59.02,％
存貨率,32,家具製造業,07507,69.87,％
存貨率,32,家具製造業,07508,63.88,％
存貨率,32,家具製造業,07509,61.92,％
存貨率,32,家具製造業,07510,66.30,％
存貨率,32,家具製造業,07511,64.61,％
存貨率,32,家具製造業,07512,54.53,％
存貨率,32,家具製造業,07601,47.65,％
存貨率,32,家具製造業,07602,57.51,％
存貨率,32,家具製造業,07603,40.53,％
存貨率,32,家具製造業,07604,39.01,％
存貨率,32,家具製造業,07605,42.08,％
存貨率,32,家具製造業,07606,46.87,％
存貨率,32,家具製造業,07607,54.02,％
存貨率,32,家具製造業,07608,46.28,％
存貨率,32,家具製造業,07609,55.22,％
存貨率,32,家具製造業,07610,59.88,％
存貨率,32,家具製造業,07611,61.82,％
存貨率,32,家具製造業,07612,55.11,％
存貨率,32,家具製造業,07701,57.30,％
存貨率,32,家具製造業,07702,62.90,％
存貨率,32,家具製造業,07703,53.95,％
存貨率,32,家具製造業,07704,49.74,％
存貨率,32,家具製造業,07705,51.48,％
存貨率,32,家具製造業,07706,47.07,％
存貨率,32,家具製造業,07707,54.23,％
存貨率,32,家具製造業,07708,56.21,％
存貨率,32,家具製造業,07709,49.77,％
存貨率,32,家具製造業,07710,48.85,％
存貨率,32,家具製造業,07711,50.01,％
存貨率,32,家具製造業,07712,35.09,％
存貨率,32,家具製造業,07801,45.65,％
存貨率,32,家具製造業,07802,70.22,％
存貨率,32,家具製造業,07803,55.40,％
存貨率,32,家具製造業,07804,57.32,％
存貨率,32,家具製造業,07805,54.34,％
存貨率,32,家具製造業,07806,39.53,％
存貨率,32,家具製造業,07807,42.77,％
存貨率,32,家具製造業,07808,47.11,％
存貨率,32,家具製造業,07809,49.15,％
存貨率,32,家具製造業,07810,51.83,％
存貨率,32,家具製造業,07811,56.77,％
存貨率,32,家具製造業,07812,46.90,％
存貨率,32,家具製造業,07901,67.69,％
存貨率,32,家具製造業,07902,71.83,％
存貨率,32,家具製造業,07903,56.97,％
存貨率,32,家具製造業,07904,62.26,％
存貨率,32,家具製造業,07905,59.24,％
存貨率,32,家具製造業,07906,60.41,％
存貨率,32,家具製造業,07907,73.90,％
存貨率,32,家具製造業,07908,63.35,％
存貨率,32,家具製造業,07909,68.45,％
存貨率,32,家具製造業,07910,70.45,％
存貨率,32,家具製造業,07911,67.69,％
存貨率,32,家具製造業,07912,64.27,％
存貨率,32,家具製造業,08001,55.25,％
存貨率,32,家具製造業,08002,65.86,％
存貨率,32,家具製造業,08003,56.10,％
存貨率,32,家具製造業,08004,51.62,％
存貨率,32,家具製造業,08005,43.47,％
存貨率,32,家具製造業,08006,46.01,％
存貨率,32,家具製造業,08007,42.71,％
存貨率,32,家具製造業,08008,43.33,％
存貨率,32,家具製造業,08009,40.37,％
存貨率,32,家具製造業,08010,42.06,％
存貨率,32,家具製造業,08011,36.34,％
存貨率,32,家具製造業,08012,37.60,％
存貨率,32,家具製造業,08101,40.95,％
存貨率,32,家具製造業,08102,56.10,％
存貨率,32,家具製造業,08103,43.90,％
存貨率,32,家具製造業,08104,37.48,％
存貨率,32,家具製造業,08105,43.40,％
存貨率,32,家具製造業,08106,41.84,％
存貨率,32,家具製造業,08107,38.78,％
存貨率,32,家具製造業,08108,43.94,％
存貨率,32,家具製造業,08109,41.93,％
存貨率,32,家具製造業,08110,33.98,％
存貨率,32,家具製造業,08111,32.77,％
存貨率,32,家具製造業,08112,36.17,％
存貨率,32,家具製造業,08201,40.34,％
存貨率,32,家具製造業,08202,31.08,％
存貨率,32,家具製造業,08203,31.62,％
存貨率,32,家具製造業,08204,28.83,％
存貨率,32,家具製造業,08205,34.86,％
存貨率,32,家具製造業,08206,38.79,％
存貨率,32,家具製造業,08207,27.38,％
存貨率,32,家具製造業,08208,29.86,％
存貨率,32,家具製造業,08209,30.82,％
存貨率,32,家具製造業,08210,30.63,％
存貨率,32,家具製造業,08211,33.33,％
存貨率,32,家具製造業,08212,30.68,％
存貨率,32,家具製造業,08301,31.82,％
存貨率,32,家具製造業,08302,41.68,％
存貨率,32,家具製造業,08303,35.08,％
存貨率,32,家具製造業,08304,32.05,％
存貨率,32,家具製造業,08305,40.81,％
存貨率,32,家具製造業,08306,43.03,％
存貨率,32,家具製造業,08307,38.72,％
存貨率,32,家具製造業,08308,40.76,％
存貨率,32,家具製造業,08309,38.67,％
存貨率,32,家具製造業,08310,37.83,％
存貨率,32,家具製造業,08311,38.21,％
存貨率,32,家具製造業,08312,39.53,％
存貨率,32,家具製造業,08401,43.52,％
存貨率,32,家具製造業,08402,38.94,％
存貨率,32,家具製造業,08403,33.03,％
存貨率,32,家具製造業,08404,34.39,％
存貨率,32,家具製造業,08405,30.55,％
存貨率,32,家具製造業,08406,29.34,％
存貨率,32,家具製造業,08407,25.47,％
存貨率,32,家具製造業,08408,26.10,％
存貨率,32,家具製造業,08409,28.26,％
存貨率,32,家具製造業,08410,27.82,％
存貨率,32,家具製造業,08411,28.02,％
存貨率,32,家具製造業,08412,26.97,％
存貨率,32,家具製造業,08501,23.74,％
存貨率,32,家具製造業,08502,26.49,％
存貨率,32,家具製造業,08503,21.27,％
存貨率,32,家具製造業,08504,22.91,％
存貨率,32,家具製造業,08505,22.13,％
存貨率,32,家具製造業,08506,23.20,％
存貨率,32,家具製造業,08507,29.18,％
存貨率,32,家具製造業,08508,21.46,％
存貨率,32,家具製造業,08509,22.78,％
存貨率,32,家具製造業,08510,24.47,％
存貨率,32,家具製造業,08511,20.56,％
存貨率,32,家具製造業,08512,22.31,％
存貨率,32,家具製造業,08601,20.07,％
存貨率,32,家具製造業,08602,27.55,％
存貨率,32,家具製造業,08603,20.18,％
存貨率,32,家具製造業,08604,21.45,％
存貨率,32,家具製造業,08605,15.51,％
存貨率,32,家具製造業,08606,19.14,％
存貨率,32,家具製造業,08607,17.04,％
存貨率,32,家具製造業,08608,14.91,％
存貨率,32,家具製造業,08609,17.35,％
存貨率,32,家具製造業,08610,18.36,％
存貨率,32,家具製造業,08611,19.25,％
存貨率,32,家具製造業,08612,18.62,％
存貨率,32,家具製造業,08701,18.55,％
存貨率,32,家具製造業,08702,19.91,％
存貨率,32,家具製造業,08703,19.51,％
存貨率,32,家具製造業,08704,21.82,％
存貨率,32,家具製造業,08705,22.66,％
存貨率,32,家具製造業,08706,20.25,％
存貨率,32,家具製造業,08707,21.53,％
存貨率,32,家具製造業,08708,25.11,％
存貨率,32,家具製造業,08709,23.40,％
存貨率,32,家具製造業,08710,21.64,％
存貨率,32,家具製造業,08711,21.13,％
存貨率,32,家具製造業,08712,20.35,％
存貨率,32,家具製造業,08801,21.67,％
存貨率,32,家具製造業,08802,29.02,％
存貨率,32,家具製造業,08803,23.13,％
存貨率,32,家具製造業,08804,21.72,％
存貨率,32,家具製造業,08805,25.91,％
存貨率,32,家具製造業,08806,24.73,％
存貨率,32,家具製造業,08807,22.99,％
存貨率,32,家具製造業,08808,24.07,％
存貨率,32,家具製造業,08809,27.95,％
存貨率,32,家具製造業,08810,23.04,％
存貨率,32,家具製造業,08811,21.97,％
存貨率,32,家具製造業,08812,21.37,％
存貨率,32,家具製造業,08901,24.97,％
存貨率,32,家具製造業,08902,30.56,％
存貨率,32,家具製造業,08903,19.88,％
存貨率,32,家具製造業,08904,22.18,％
存貨率,32,家具製造業,08905,21.58,％
存貨率,32,家具製造業,08906,25.35,％
存貨率,32,家具製造業,08907,27.75,％
存貨率,32,家具製造業,08908,29.66,％
存貨率,32,家具製造業,08909,29.77,％
存貨率,32,家具製造業,08910,26.72,％
存貨率,32,家具製造業,08911,28.21,％
存貨率,32,家具製造業,08912,24.68,％
存貨率,32,家具製造業,09001,20.58,％
存貨率,32,家具製造業,09002,18.02,％
存貨率,32,家具製造業,09003,19.59,％
存貨率,32,家具製造業,09004,25.35,％
存貨率,32,家具製造業,09005,24.96,％
存貨率,32,家具製造業,09006,26.22,％
存貨率,32,家具製造業,09007,27.42,％
存貨率,32,家具製造業,09008,25.01,％
存貨率,32,家具製造業,09009,26.24,％
存貨率,32,家具製造業,09010,26.80,％
存貨率,32,家具製造業,09011,29.62,％
存貨率,32,家具製造業,09012,34.77,％
存貨率,32,家具製造業,09101,24.77,％
存貨率,32,家具製造業,09102,46.55,％
存貨率,32,家具製造業,09103,30.40,％
存貨率,32,家具製造業,09104,31.77,％
存貨率,32,家具製造業,09105,31.07,％
存貨率,32,家具製造業,09106,36.88,％
存貨率,32,家具製造業,09107,33.84,％
存貨率,32,家具製造業,09108,32.31,％
存貨率,32,家具製造業,09109,35.21,％
存貨率,32,家具製造業,09110,31.49,％
存貨率,32,家具製造業,09111,30.53,％
存貨率,32,家具製造業,09112,30.39,％
存貨率,32,家具製造業,09201,26.12,％
存貨率,32,家具製造業,09202,38.55,％
存貨率,32,家具製造業,09203,27.95,％
存貨率,32,家具製造業,09204,28.60,％
存貨率,32,家具製造業,09205,30.61,％
存貨率,32,家具製造業,09206,32.31,％
存貨率,32,家具製造業,09207,28.92,％
存貨率,32,家具製造業,09208,31.98,％
存貨率,32,家具製造業,09209,30.69,％
存貨率,32,家具製造業,09210,27.84,％
存貨率,32,家具製造業,09211,27.47,％
存貨率,32,家具製造業,09212,21.80,％
存貨率,32,家具製造業,09301,29.19,％
存貨率,32,家具製造業,09302,26.06,％
存貨率,32,家具製造業,09303,24.25,％
存貨率,32,家具製造業,09304,23.37,％
存貨率,32,家具製造業,09305,23.83,％
存貨率,32,家具製造業,09306,24.41,％
存貨率,32,家具製造業,09307,24.01,％
存貨率,32,家具製造業,09308,26.13,％
存貨率,32,家具製造業,09309,26.03,％
存貨率,32,家具製造業,09310,26.11,％
存貨率,32,家具製造業,09311,25.09,％
存貨率,32,家具製造業,09312,19.54,％
存貨率,32,家具製造業,09401,23.64,％
存貨率,32,家具製造業,09402,36.52,％
存貨率,32,家具製造業,09403,27.37,％
存貨率,32,家具製造業,09404,33.93,％
存貨率,32,家具製造業,09405,35.59,％
存貨率,32,家具製造業,09406,33.97,％
存貨率,32,家具製造業,09407,38.79,％
存貨率,32,家具製造業,09408,35.92,％
存貨率,32,家具製造業,09409,33.27,％
存貨率,32,家具製造業,09410,33.71,％
存貨率,32,家具製造業,09411,33.82,％
存貨率,32,家具製造業,09412,30.11,％
存貨率,32,家具製造業,09501,29.74,％
存貨率,32,家具製造業,09502,43.55,％
存貨率,32,家具製造業,09503,29.22,％
存貨率,32,家具製造業,09504,34.26,％
存貨率,32,家具製造業,09505,32.91,％
存貨率,32,家具製造業,09506,29.85,％
存貨率,32,家具製造業,09507,32.23,％
存貨率,32,家具製造業,09508,28.89,％
存貨率,32,家具製造業,09509,29.23,％
存貨率,32,家具製造業,09510,30.47,％
存貨率,32,家具製造業,09511,26.04,％
存貨率,32,家具製造業,09512,24.86,％
存貨率,32,家具製造業,09601,22.84,％
存貨率,32,家具製造業,09602,27.49,％
存貨率,32,家具製造業,09603,22.03,％
存貨率,32,家具製造業,09604,23.70,％
存貨率,32,家具製造業,09605,22.73,％
存貨率,32,家具製造業,09606,22.70,％
存貨率,32,家具製造業,09607,21.90,％
存貨率,32,家具製造業,09608,20.75,％
存貨率,32,家具製造業,09609,22.65,％
存貨率,32,家具製造業,09610,20.91,％
存貨率,32,家具製造業,09611,18.19,％
存貨率,32,家具製造業,09612,18.15,％
存貨率,32,家具製造業,09701,16.91,％
存貨率,32,家具製造業,09702,23.43,％
存貨率,32,家具製造業,09703,18.98,％
存貨率,32,家具製造業,09704,18.88,％
存貨率,32,家具製造業,09705,19.29,％
存貨率,32,家具製造業,09706,21.67,％
存貨率,32,家具製造業,09707,19.56,％
存貨率,32,家具製造業,09708,19.60,％
存貨率,32,家具製造業,09709,18.95,％
存貨率,32,家具製造業,09710,19.09,％
存貨率,32,家具製造業,09711,21.10,％
存貨率,32,家具製造業,09712,17.41,％
存貨率,32,家具製造業,09801,21.40,％
存貨率,32,家具製造業,09802,21.87,％
存貨率,32,家具製造業,09803,18.44,％
存貨率,32,家具製造業,09804,18.78,％
存貨率,32,家具製造業,09805,19.78,％
存貨率,32,家具製造業,09806,17.56,％
存貨率,32,家具製造業,09807,16.55,％
存貨率,32,家具製造業,09808,15.83,％
存貨率,32,家具製造業,09809,15.58,％
存貨率,32,家具製造業,09810,13.32,％
存貨率,32,家具製造業,09811,13.48,％
存貨率,32,家具製造業,09812,10.95,％
存貨率,32,家具製造業,09901,14.24,％
存貨率,32,家具製造業,09902,16.54,％
存貨率,32,家具製造業,09903,14.61,％
存貨率,32,家具製造業,09904,13.07,％
存貨率,32,家具製造業,09905,14.33,％
存貨率,32,家具製造業,09906,12.21,％
存貨率,32,家具製造業,09907,12.40,％
存貨率,32,家具製造業,09908,14.23,％
存貨率,32,家具製造業,09909,13.85,％
存貨率,32,家具製造業,09910,14.45,％
存貨率,32,家具製造業,09911,15.56,％
存貨率,32,家具製造業,09912,14.03,％
存貨率,32,家具製造業,10001,11.44,％
存貨率,32,家具製造業,10002,18.43,％
存貨率,32,家具製造業,10003,11.72,％
存貨率,32,家具製造業,10004,12.13,％
存貨率,32,家具製造業,10005,11.54,％
存貨率,32,家具製造業,10006,11.43,％
存貨率,32,家具製造業,10007,11.66,％
存貨率,32,家具製造業,10008,11.11,％
存貨率,32,家具製造業,10009,11.60,％
存貨率,32,家具製造業,10010,12.19,％
存貨率,32,家具製造業,10011,11.02,％
存貨率,32,家具製造業,10012,10.18,％
存貨率,32,家具製造業,10101,12.47,％
存貨率,32,家具製造業,10102,12.45,％
存貨率,32,家具製造業,10103,10.48,％
存貨率,32,家具製造業,10104,11.57,％
存貨率,32,家具製造業,10105,10.16,％
存貨率,32,家具製造業,10106,10.71,％
存貨率,32,家具製造業,10107,10.28,％
存貨率,32,家具製造業,10108,9.37,％
存貨率,32,家具製造業,10109,11.23,％
存貨率,32,家具製造業,10110,10.39,％
存貨率,32,家具製造業,10111,11.23,％
存貨率,32,家具製造業,10112,9.70,％
存貨率,32,家具製造業,10201,10.48,％
存貨率,32,家具製造業,10202,15.90,％
存貨率,32,家具製造業,10203,12.56,％
存貨率,32,家具製造業,10204,12.21,％
存貨率,32,家具製造業,10205,12.64,％
存貨率,32,家具製造業,10206,12.78,％
存貨率,32,家具製造業,10207,11.01,％
存貨率,32,家具製造業,10208,10.55,％
存貨率,32,家具製造業,10209,12.28,％
存貨率,32,家具製造業,10210,11.06,％
存貨率,32,家具製造業,10211,12.77,％
存貨率,32,家具製造業,10212,10.35,％
存貨率,32,家具製造業,10301,10.99,％
存貨率,32,家具製造業,10302,17.43,％
存貨率,32,家具製造業,10303,14.23,％
存貨率,32,家具製造業,10304,13.48,％
存貨率,32,家具製造業,10305,13.16,％
存貨率,32,家具製造業,10306,13.84,％
存貨率,32,家具製造業,10307,12.24,％
存貨率,32,家具製造業,10308,13.42,％
存貨率,32,家具製造業,10309,14.43,％
存貨率,32,家具製造業,10310,12.74,％
存貨率,32,家具製造業,10311,12.93,％
存貨率,32,家具製造業,10312,10.77,％
存貨率,32,家具製造業,10401,12.56,％
存貨率,32,家具製造業,10402,17.85,％
存貨率,32,家具製造業,10403,13.17,％
存貨率,32,家具製造業,10404,12.95,％
存貨率,32,家具製造業,10405,14.66,％
存貨率,32,家具製造業,10406,14.25,％
存貨率,32,家具製造業,10407,13.44,％
存貨率,32,家具製造業,10408,15.98,％
存貨率,32,家具製造業,10409,14.29,％
存貨率,32,家具製造業,10410,12.93,％
存貨率,32,家具製造業,10411,13.86,％
存貨率,32,家具製造業,10412,11.80,％
存貨率,32,家具製造業,10501,13.82,％
存貨率,32,家具製造業,10502,21.04,％
存貨率,32,家具製造業,10503,14.46,％
存貨率,32,家具製造業,10504,16.65,％
存貨率,32,家具製造業,10505,17.37,％
存貨率,32,家具製造業,10506,16.23,％
存貨率,32,家具製造業,10507,15.81,％
存貨率,32,家具製造業,10508,15.84,％
存貨率,32,家具製造業,10509,14.80,％
存貨率,32,家具製造業,10510,15.94,％
存貨率,32,家具製造業,10511,15.40,％
存貨率,32,家具製造業,10512,13.98,％
存貨率,32,家具製造業,10601,17.89,％
存貨率,32,家具製造業,10602,23.51,％
存貨率,32,家具製造業,10603,16.20,％
存貨率,32,家具製造業,10604,19.29,％
存貨率,32,家具製造業,10605,22.87,％
存貨率,32,家具製造業,10606,21.42,％
存貨率,32,家具製造業,10607,25.42,％
存貨率,32,家具製造業,10608,18.61,％
存貨率,32,家具製造業,10609,20.41,％
存貨率,32,家具製造業,10610,21.87,％
存貨率,32,家具製造業,10611,15.28,％
存貨率,32,家具製造業,10612,18.11,％
存貨率,32,家具製造業,10701,18.35,％
存貨率,32,家具製造業,10702,29.19,％
存貨率,32,家具製造業,10703,22.62,％
存貨率,32,家具製造業,10704,22.65,％
存貨率,32,家具製造業,10705,20.84,％
存貨率,32,家具製造業,10706,22.97,％
存貨率,32,家具製造業,10707,20.82,％
存貨率,32,家具製造業,10708,20.49,％
存貨率,32,家具製造業,10709,20.82,％
存貨率,32,家具製造業,10710,19.20,％
存貨率,32,家具製造業,10711,19.82,％
存貨率,32,家具製造業,10712,17.88,％
存貨率,32,家具製造業,10801,17.20,％
存貨率,32,家具製造業,10802,30.42,％
存貨率,32,家具製造業,10803,21.01,％
存貨率,32,家具製造業,10804,20.91,％
存貨率,32,家具製造業,10805,18.44,％
存貨率,32,家具製造業,10806,21.74,％
存貨率,32,家具製造業,10807,20.78,％
存貨率,32,家具製造業,10808,20.53,％
存貨率,32,家具製造業,10809,23.07,％
存貨率,32,家具製造業,10810,21.66,％
存貨率,32,家具製造業,10811,24.42,％
存貨率,32,家具製造業,10812,20.15,％
存貨率,32,家具製造業,10901,22.07,％
存貨率,32,家具製造業,10902,20.20,％
存貨率,32,家具製造業,10903,16.77,％
存貨率,32,家具製造業,10904,23.97,％
存貨率,32,家具製造業,10905,24.23,％
存貨率,32,家具製造業,10906,22.11,％
存貨率,32,家具製造業,10907,16.25,％
存貨率,32,家具製造業,10908,17.00,％
存貨率,32,家具製造業,10909,15.82,％
存貨率,32,家具製造業,10910,18.28,％
存貨率,32,家具製造業,10911,15.83,％
存貨率,32,家具製造業,10912,16.24,％
存貨率,32,家具製造業,11001,17.10,％
存貨率,32,家具製造業,11002,24.44,％
存貨率,32,家具製造業,11003,16.70,％
存貨率,32,家具製造業,11004,21.66,％
存貨率,32,家具製造業,11005,23.25,％
存貨率,32,家具製造業,11006,22.53,％
存貨率,32,家具製造業,11007,21.28,％
存貨率,32,家具製造業,11008,23.33,％
存貨率,32,家具製造業,11009,23.14,％
存貨率,32,家具製造業,11010,23.96,％
存貨率,32,家具製造業,11011,24.60,％
存貨率,32,家具製造業,11012,22.46,％
存貨率,32,家具製造業,11101,23.15,％
存貨率,32,家具製造業,11102,38.41,％
存貨率,32,家具製造業,11103,25.99,％
存貨率,32,家具製造業,11104,29.18,％
存貨率,32,家具製造業,11105,27.25,％
存貨率,32,家具製造業,11106,27.62,％
存貨率,32,家具製造業,11107,29.46,％
存貨率,32,家具製造業,11108,29.09,％
存貨率,32,家具製造業,11109,31.06,％
存貨率,32,家具製造業,11110,31.85,％
存貨率,32,家具製造業,11111,31.18,％
存貨率,32,家具製造業,11112,30.78,％
存貨率,32,家具製造業,11201,44.19,％
存貨率,32,家具製造業,11202,43.49,％
存貨率,32,家具製造業,11203,32.35,％
存貨率,32,家具製造業,11204,33.72,％
存貨率,32,家具製造業,11205,29.03,％
存貨率,32,家具製造業,11206,24.19,％
存貨率,32,家具製造業,11207,27.05,％
存貨率,32,家具製造業,11208,29.95,％
存貨率,32,家具製造業,11209,28.20,％
存貨率,32,家具製造業,11210,30.61,％
存貨率,32,家具製造業,11211,26.54,％
存貨率,32,家具製造業,11212,25.22,％
存貨率,32,家具製造業,11301,26.85,％
存貨率,32,家具製造業,11302,37.90,％
存貨率,32,家具製造業,11303,28.43,％
存貨率,32,家具製造業,11304,29.72,％
存貨率,32,家具製造業,11305,27.00,％
存貨率,32,家具製造業,11306,29.03,％
存貨率,32,家具製造業,11307,23.58,％
存貨率,32,家具製造業,11308,24.45,％
存貨率,32,家具製造業,11309,25.77,％
存貨率,32,家具製造業,11310,26.17,％
存貨率,32,家具製造業,11311,24.78,％
存貨率,32,家具製造業,11312,23.93,％
存貨率,32,家具製造業,11401,29.67,％
存貨率,32,家具製造業,11402,29.15,％
存貨率,32,家具製造業,11403,28.48,％
存貨率,32,家具製造業,11404,26.52,％
存貨率,32,家具製造業,11405,29.28,％
存貨率,32,家具製造業,11406,27.97,％
存貨率,32,家具製造業,11407,27.82,％
存貨率,32,家具製造業,11408,30.30,％
存貨率,32,家具製造業,11409,33.20,％
存貨率,32,家具製造業,11410,32.98,％
存貨率,32,家具製造業,11411,31.71,％
存貨率,32,家具製造業,11412,29.93,％
存貨率,32,家具製造業,11501,27.68,％
存貨率,32,家具製造業,11502,41.98,％
存貨率,32,家具製造業,11503,29.50,％
存貨率,32,家具製造業,11504,28.52,％
存貨率,32,家具製造業,11505,32.21,％
存貨率,32,家具製造業,11506,29.68,％
存貨率,33,其他製造業,07101,46.70,％
存貨率,33,其他製造業,07102,53.93,％
存貨率,33,其他製造業,07103,40.34,％
存貨率,33,其他製造業,07104,38.87,％
存貨率,33,其他製造業,07105,41.46,％
存貨率,33,其他製造業,07106,43.60,％
存貨率,33,其他製造業,07107,40.20,％
存貨率,33,其他製造業,07108,43.59,％
存貨率,33,其他製造業,07109,39.21,％
存貨率,33,其他製造業,07110,44.87,％
存貨率,33,其他製造業,07111,45.90,％
存貨率,33,其他製造業,07112,38.43,％
存貨率,33,其他製造業,07201,37.50,％
存貨率,33,其他製造業,07202,41.02,％
存貨率,33,其他製造業,07203,31.16,％
存貨率,33,其他製造業,07204,29.64,％
存貨率,33,其他製造業,07205,36.33,％
存貨率,33,其他製造業,07206,36.79,％
存貨率,33,其他製造業,07207,36.92,％
存貨率,33,其他製造業,07208,37.54,％
存貨率,33,其他製造業,07209,40.96,％
存貨率,33,其他製造業,07210,40.94,％
存貨率,33,其他製造業,07211,38.11,％
存貨率,33,其他製造業,07212,33.77,％
存貨率,33,其他製造業,07301,38.82,％
存貨率,33,其他製造業,07302,49.47,％
存貨率,33,其他製造業,07303,35.80,％
存貨率,33,其他製造業,07304,36.83,％
存貨率,33,其他製造業,07305,36.26,％
存貨率,33,其他製造業,07306,37.27,％
存貨率,33,其他製造業,07307,34.37,％
存貨率,33,其他製造業,07308,34.77,％
存貨率,33,其他製造業,07309,40.51,％
存貨率,33,其他製造業,07310,38.74,％
存貨率,33,其他製造業,07311,40.33,％
存貨率,33,其他製造業,07312,34.07,％
存貨率,33,其他製造業,07401,47.37,％
存貨率,33,其他製造業,07402,55.37,％
存貨率,33,其他製造業,07403,45.24,％
存貨率,33,其他製造業,07404,44.68,％
存貨率,33,其他製造業,07405,43.48,％
存貨率,33,其他製造業,07406,44.82,％
存貨率,33,其他製造業,07407,46.40,％
存貨率,33,其他製造業,07408,46.52,％
存貨率,33,其他製造業,07409,46.59,％
存貨率,33,其他製造業,07410,43.20,％
存貨率,33,其他製造業,07411,42.89,％
存貨率,33,其他製造業,07412,36.90,％
存貨率,33,其他製造業,07501,42.31,％
存貨率,33,其他製造業,07502,63.87,％
存貨率,33,其他製造業,07503,42.29,％
存貨率,33,其他製造業,07504,39.47,％
存貨率,33,其他製造業,07505,37.28,％
存貨率,33,其他製造業,07506,41.27,％
存貨率,33,其他製造業,07507,35.53,％
存貨率,33,其他製造業,07508,36.58,％
存貨率,33,其他製造業,07509,40.04,％
存貨率,33,其他製造業,07510,36.89,％
存貨率,33,其他製造業,07511,43.83,％
存貨率,33,其他製造業,07512,35.03,％
存貨率,33,其他製造業,07601,35.39,％
存貨率,33,其他製造業,07602,40.82,％
存貨率,33,其他製造業,07603,33.32,％
存貨率,33,其他製造業,07604,32.93,％
存貨率,33,其他製造業,07605,34.52,％
存貨率,33,其他製造業,07606,35.21,％
存貨率,33,其他製造業,07607,36.45,％
存貨率,33,其他製造業,07608,33.82,％
存貨率,33,其他製造業,07609,39.03,％
存貨率,33,其他製造業,07610,42.98,％
存貨率,33,其他製造業,07611,45.27,％
存貨率,33,其他製造業,07612,38.74,％
存貨率,33,其他製造業,07701,33.17,％
存貨率,33,其他製造業,07702,39.07,％
存貨率,33,其他製造業,07703,31.63,％
存貨率,33,其他製造業,07704,32.79,％
存貨率,33,其他製造業,07705,36.23,％
存貨率,33,其他製造業,07706,37.94,％
存貨率,33,其他製造業,07707,38.19,％
存貨率,33,其他製造業,07708,36.31,％
存貨率,33,其他製造業,07709,38.90,％
存貨率,33,其他製造業,07710,45.10,％
存貨率,33,其他製造業,07711,39.98,％
存貨率,33,其他製造業,07712,38.04,％
存貨率,33,其他製造業,07801,43.49,％
存貨率,33,其他製造業,07802,57.65,％
存貨率,33,其他製造業,07803,40.65,％
存貨率,33,其他製造業,07804,44.03,％
存貨率,33,其他製造業,07805,41.95,％
存貨率,33,其他製造業,07806,39.00,％
存貨率,33,其他製造業,07807,39.75,％
存貨率,33,其他製造業,07808,35.20,％
存貨率,33,其他製造業,07809,41.75,％
存貨率,33,其他製造業,07810,39.99,％
存貨率,33,其他製造業,07811,39.08,％
存貨率,33,其他製造業,07812,38.20,％
存貨率,33,其他製造業,07901,35.54,％
存貨率,33,其他製造業,07902,40.05,％
存貨率,33,其他製造業,07903,33.16,％
存貨率,33,其他製造業,07904,41.07,％
存貨率,33,其他製造業,07905,45.69,％
存貨率,33,其他製造業,07906,39.41,％
存貨率,33,其他製造業,07907,39.67,％
存貨率,33,其他製造業,07908,36.95,％
存貨率,33,其他製造業,07909,43.27,％
存貨率,33,其他製造業,07910,40.95,％
存貨率,33,其他製造業,07911,45.79,％
存貨率,33,其他製造業,07912,47.28,％
存貨率,33,其他製造業,08001,40.46,％
存貨率,33,其他製造業,08002,49.08,％
存貨率,33,其他製造業,08003,40.78,％
存貨率,33,其他製造業,08004,38.06,％
存貨率,33,其他製造業,08005,35.69,％
存貨率,33,其他製造業,08006,36.64,％
存貨率,33,其他製造業,08007,39.58,％
存貨率,33,其他製造業,08008,38.86,％
存貨率,33,其他製造業,08009,43.94,％
存貨率,33,其他製造業,08010,39.56,％
存貨率,33,其他製造業,08011,38.31,％
存貨率,33,其他製造業,08012,37.10,％
存貨率,33,其他製造業,08101,49.72,％
存貨率,33,其他製造業,08102,66.68,％
存貨率,33,其他製造業,08103,44.33,％
存貨率,33,其他製造業,08104,42.40,％
存貨率,33,其他製造業,08105,45.00,％
存貨率,33,其他製造業,08106,40.12,％
存貨率,33,其他製造業,08107,36.31,％
存貨率,33,其他製造業,08108,37.40,％
存貨率,33,其他製造業,08109,41.54,％
存貨率,33,其他製造業,08110,39.98,％
存貨率,33,其他製造業,08111,42.80,％
存貨率,33,其他製造業,08112,40.98,％
存貨率,33,其他製造業,08201,54.53,％
存貨率,33,其他製造業,08202,44.21,％
存貨率,33,其他製造業,08203,43.42,％
存貨率,33,其他製造業,08204,42.62,％
存貨率,33,其他製造業,08205,44.89,％
存貨率,33,其他製造業,08206,46.28,％
存貨率,33,其他製造業,08207,38.38,％
存貨率,33,其他製造業,08208,39.16,％
存貨率,33,其他製造業,08209,39.82,％
存貨率,33,其他製造業,08210,41.04,％
存貨率,33,其他製造業,08211,44.49,％
存貨率,33,其他製造業,08212,40.51,％
存貨率,33,其他製造業,08301,45.06,％
存貨率,33,其他製造業,08302,53.93,％
存貨率,33,其他製造業,08303,38.43,％
存貨率,33,其他製造業,08304,38.79,％
存貨率,33,其他製造業,08305,38.01,％
存貨率,33,其他製造業,08306,36.27,％
存貨率,33,其他製造業,08307,35.72,％
存貨率,33,其他製造業,08308,35.87,％
存貨率,33,其他製造業,08309,36.18,％
存貨率,33,其他製造業,08310,37.56,％
存貨率,33,其他製造業,08311,37.33,％
存貨率,33,其他製造業,08312,35.16,％
存貨率,33,其他製造業,08401,41.49,％
存貨率,33,其他製造業,08402,52.16,％
存貨率,33,其他製造業,08403,33.89,％
存貨率,33,其他製造業,08404,39.48,％
存貨率,33,其他製造業,08405,34.72,％
存貨率,33,其他製造業,08406,35.07,％
存貨率,33,其他製造業,08407,35.73,％
存貨率,33,其他製造業,08408,37.17,％
存貨率,33,其他製造業,08409,34.62,％
存貨率,33,其他製造業,08410,35.47,％
存貨率,33,其他製造業,08411,32.02,％
存貨率,33,其他製造業,08412,33.57,％
存貨率,33,其他製造業,08501,35.69,％
存貨率,33,其他製造業,08502,42.14,％
存貨率,33,其他製造業,08503,35.47,％
存貨率,33,其他製造業,08504,32.18,％
存貨率,33,其他製造業,08505,32.52,％
存貨率,33,其他製造業,08506,31.59,％
存貨率,33,其他製造業,08507,33.55,％
存貨率,33,其他製造業,08508,29.39,％
存貨率,33,其他製造業,08509,32.43,％
存貨率,33,其他製造業,08510,30.73,％
存貨率,33,其他製造業,08511,29.86,％
存貨率,33,其他製造業,08512,29.39,％
存貨率,33,其他製造業,08601,31.46,％
存貨率,33,其他製造業,08602,40.79,％
存貨率,33,其他製造業,08603,29.66,％
存貨率,33,其他製造業,08604,31.64,％
存貨率,33,其他製造業,08605,27.30,％
存貨率,33,其他製造業,08606,29.83,％
存貨率,33,其他製造業,08607,27.76,％
存貨率,33,其他製造業,08608,25.57,％
存貨率,33,其他製造業,08609,26.85,％
存貨率,33,其他製造業,08610,25.24,％
存貨率,33,其他製造業,08611,27.58,％
存貨率,33,其他製造業,08612,26.75,％
存貨率,33,其他製造業,08701,32.85,％
存貨率,33,其他製造業,08702,33.36,％
存貨率,33,其他製造業,08703,29.82,％
存貨率,33,其他製造業,08704,27.22,％
存貨率,33,其他製造業,08705,28.28,％
存貨率,33,其他製造業,08706,27.26,％
存貨率,33,其他製造業,08707,27.80,％
存貨率,33,其他製造業,08708,30.35,％
存貨率,33,其他製造業,08709,29.55,％
存貨率,33,其他製造業,08710,28.87,％
存貨率,33,其他製造業,08711,33.31,％
存貨率,33,其他製造業,08712,30.66,％
存貨率,33,其他製造業,08801,36.85,％
存貨率,33,其他製造業,08802,43.81,％
存貨率,33,其他製造業,08803,29.09,％
存貨率,33,其他製造業,08804,25.04,％
存貨率,33,其他製造業,08805,26.62,％
存貨率,33,其他製造業,08806,27.07,％
存貨率,33,其他製造業,08807,30.21,％
存貨率,33,其他製造業,08808,31.88,％
存貨率,33,其他製造業,08809,30.92,％
存貨率,33,其他製造業,08810,26.77,％
存貨率,33,其他製造業,08811,27.24,％
存貨率,33,其他製造業,08812,25.57,％
存貨率,33,其他製造業,08901,29.58,％
存貨率,33,其他製造業,08902,39.31,％
存貨率,33,其他製造業,08903,26.92,％
存貨率,33,其他製造業,08904,30.17,％
存貨率,33,其他製造業,08905,29.36,％
存貨率,33,其他製造業,08906,24.63,％
存貨率,33,其他製造業,08907,28.60,％
存貨率,33,其他製造業,08908,25.62,％
存貨率,33,其他製造業,08909,22.92,％
存貨率,33,其他製造業,08910,23.94,％
存貨率,33,其他製造業,08911,24.13,％
存貨率,33,其他製造業,08912,24.21,％
存貨率,33,其他製造業,09001,26.59,％
存貨率,33,其他製造業,09002,25.85,％
存貨率,33,其他製造業,09003,22.98,％
存貨率,33,其他製造業,09004,25.68,％
存貨率,33,其他製造業,09005,25.87,％
存貨率,33,其他製造業,09006,26.35,％
存貨率,33,其他製造業,09007,27.86,％
存貨率,33,其他製造業,09008,23.13,％
存貨率,33,其他製造業,09009,27.84,％
存貨率,33,其他製造業,09010,23.90,％
存貨率,33,其他製造業,09011,25.13,％
存貨率,33,其他製造業,09012,24.56,％
存貨率,33,其他製造業,09101,25.41,％
存貨率,33,其他製造業,09102,28.58,％
存貨率,33,其他製造業,09103,20.63,％
存貨率,33,其他製造業,09104,20.71,％
存貨率,33,其他製造業,09105,19.52,％
存貨率,33,其他製造業,09106,23.25,％
存貨率,33,其他製造業,09107,21.77,％
存貨率,33,其他製造業,09108,20.08,％
存貨率,33,其他製造業,09109,21.79,％
存貨率,33,其他製造業,09110,21.62,％
存貨率,33,其他製造業,09111,21.00,％
存貨率,33,其他製造業,09112,20.57,％
存貨率,33,其他製造業,09201,19.55,％
存貨率,33,其他製造業,09202,28.24,％
存貨率,33,其他製造業,09203,19.59,％
存貨率,33,其他製造業,09204,19.07,％
存貨率,33,其他製造業,09205,20.42,％
存貨率,33,其他製造業,09206,20.87,％
存貨率,33,其他製造業,09207,20.06,％
存貨率,33,其他製造業,09208,19.68,％
存貨率,33,其他製造業,09209,19.38,％
存貨率,33,其他製造業,09210,16.81,％
存貨率,33,其他製造業,09211,17.64,％
存貨率,33,其他製造業,09212,16.83,％
存貨率,33,其他製造業,09301,24.46,％
存貨率,33,其他製造業,09302,22.15,％
存貨率,33,其他製造業,09303,19.62,％
存貨率,33,其他製造業,09304,19.57,％
存貨率,33,其他製造業,09305,21.62,％
存貨率,33,其他製造業,09306,23.51,％
存貨率,33,其他製造業,09307,22.56,％
存貨率,33,其他製造業,09308,24.23,％
存貨率,33,其他製造業,09309,20.97,％
存貨率,33,其他製造業,09310,22.04,％
存貨率,33,其他製造業,09311,19.96,％
存貨率,33,其他製造業,09312,20.09,％
存貨率,33,其他製造業,09401,21.48,％
存貨率,33,其他製造業,09402,30.19,％
存貨率,33,其他製造業,09403,21.12,％
存貨率,33,其他製造業,09404,21.50,％
存貨率,33,其他製造業,09405,22.68,％
存貨率,33,其他製造業,09406,22.20,％
存貨率,33,其他製造業,09407,23.73,％
存貨率,33,其他製造業,09408,22.41,％
存貨率,33,其他製造業,09409,20.18,％
存貨率,33,其他製造業,09410,22.03,％
存貨率,33,其他製造業,09411,21.12,％
存貨率,33,其他製造業,09412,19.75,％
存貨率,33,其他製造業,09501,21.71,％
存貨率,33,其他製造業,09502,27.48,％
存貨率,33,其他製造業,09503,19.66,％
存貨率,33,其他製造業,09504,21.96,％
存貨率,33,其他製造業,09505,21.44,％
存貨率,33,其他製造業,09506,20.93,％
存貨率,33,其他製造業,09507,24.32,％
存貨率,33,其他製造業,09508,20.85,％
存貨率,33,其他製造業,09509,22.30,％
存貨率,33,其他製造業,09510,22.66,％
存貨率,33,其他製造業,09511,21.44,％
存貨率,33,其他製造業,09512,20.62,％
存貨率,33,其他製造業,09601,21.07,％
存貨率,33,其他製造業,09602,28.82,％
存貨率,33,其他製造業,09603,20.47,％
存貨率,33,其他製造業,09604,20.29,％
存貨率,33,其他製造業,09605,20.35,％
存貨率,33,其他製造業,09606,22.78,％
存貨率,33,其他製造業,09607,24.67,％
存貨率,33,其他製造業,09608,22.01,％
存貨率,33,其他製造業,09609,25.39,％
存貨率,33,其他製造業,09610,20.70,％
存貨率,33,其他製造業,09611,20.37,％
存貨率,33,其他製造業,09612,21.62,％
存貨率,33,其他製造業,09701,19.64,％
存貨率,33,其他製造業,09702,30.87,％
存貨率,33,其他製造業,09703,24.03,％
存貨率,33,其他製造業,09704,24.02,％
存貨率,33,其他製造業,09705,23.59,％
存貨率,33,其他製造業,09706,25.03,％
存貨率,33,其他製造業,09707,23.42,％
存貨率,33,其他製造業,09708,24.39,％
存貨率,33,其他製造業,09709,27.08,％
存貨率,33,其他製造業,09710,26.52,％
存貨率,33,其他製造業,09711,31.10,％
存貨率,33,其他製造業,09712,28.23,％
存貨率,33,其他製造業,09801,41.02,％
存貨率,33,其他製造業,09802,37.92,％
存貨率,33,其他製造業,09803,31.96,％
存貨率,33,其他製造業,09804,32.80,％
存貨率,33,其他製造業,09805,35.78,％
存貨率,33,其他製造業,09806,32.97,％
存貨率,33,其他製造業,09807,31.00,％
存貨率,33,其他製造業,09808,36.09,％
存貨率,33,其他製造業,09809,31.79,％
存貨率,33,其他製造業,09810,29.56,％
存貨率,33,其他製造業,09811,31.47,％
存貨率,33,其他製造業,09812,26.74,％
存貨率,33,其他製造業,09901,33.90,％
存貨率,33,其他製造業,09902,43.00,％
存貨率,33,其他製造業,09903,29.12,％
存貨率,33,其他製造業,09904,29.60,％
存貨率,33,其他製造業,09905,31.39,％
存貨率,33,其他製造業,09906,28.65,％
存貨率,33,其他製造業,09907,27.25,％
存貨率,33,其他製造業,09908,27.91,％
存貨率,33,其他製造業,09909,27.81,％
存貨率,33,其他製造業,09910,28.67,％
存貨率,33,其他製造業,09911,31.20,％
存貨率,33,其他製造業,09912,27.27,％
存貨率,33,其他製造業,10001,26.45,％
存貨率,33,其他製造業,10002,40.32,％
存貨率,33,其他製造業,10003,25.18,％
存貨率,33,其他製造業,10004,25.20,％
存貨率,33,其他製造業,10005,25.59,％
存貨率,33,其他製造業,10006,26.45,％
存貨率,33,其他製造業,10007,27.61,％
存貨率,33,其他製造業,10008,27.88,％
存貨率,33,其他製造業,10009,26.52,％
存貨率,33,其他製造業,10010,26.82,％
存貨率,33,其他製造業,10011,27.13,％
存貨率,33,其他製造業,10012,24.45,％
存貨率,33,其他製造業,10101,35.54,％
存貨率,33,其他製造業,10102,39.89,％
存貨率,33,其他製造業,10103,38.21,％
存貨率,33,其他製造業,10104,43.82,％
存貨率,33,其他製造業,10105,41.44,％
存貨率,33,其他製造業,10106,39.47,％
存貨率,33,其他製造業,10107,35.88,％
存貨率,33,其他製造業,10108,33.38,％
存貨率,33,其他製造業,10109,37.27,％
存貨率,33,其他製造業,10110,31.69,％
存貨率,33,其他製造業,10111,28.33,％
存貨率,33,其他製造業,10112,29.56,％
存貨率,33,其他製造業,10201,31.43,％
存貨率,33,其他製造業,10202,48.29,％
存貨率,33,其他製造業,10203,35.20,％
存貨率,33,其他製造業,10204,33.60,％
存貨率,33,其他製造業,10205,31.56,％
存貨率,33,其他製造業,10206,37.40,％
存貨率,33,其他製造業,10207,34.52,％
存貨率,33,其他製造業,10208,33.38,％
存貨率,33,其他製造業,10209,33.55,％
存貨率,33,其他製造業,10210,29.69,％
存貨率,33,其他製造業,10211,30.33,％
存貨率,33,其他製造業,10212,27.63,％
存貨率,33,其他製造業,10301,27.77,％
存貨率,33,其他製造業,10302,35.48,％
存貨率,33,其他製造業,10303,32.35,％
存貨率,33,其他製造業,10304,32.13,％
存貨率,33,其他製造業,10305,31.65,％
存貨率,33,其他製造業,10306,31.85,％
存貨率,33,其他製造業,10307,31.62,％
存貨率,33,其他製造業,10308,31.11,％
存貨率,33,其他製造業,10309,31.35,％
存貨率,33,其他製造業,10310,26.87,％
存貨率,33,其他製造業,10311,32.67,％
存貨率,33,其他製造業,10312,26.32,％
存貨率,33,其他製造業,10401,29.44,％
存貨率,33,其他製造業,10402,39.99,％
存貨率,33,其他製造業,10403,30.59,％
存貨率,33,其他製造業,10404,33.05,％
存貨率,33,其他製造業,10405,33.80,％
存貨率,33,其他製造業,10406,33.50,％
存貨率,33,其他製造業,10407,33.51,％
存貨率,33,其他製造業,10408,36.77,％
存貨率,33,其他製造業,10409,32.66,％
存貨率,33,其他製造業,10410,29.04,％
存貨率,33,其他製造業,10411,29.19,％
存貨率,33,其他製造業,10412,25.73,％
存貨率,33,其他製造業,10501,28.19,％
存貨率,33,其他製造業,10502,35.04,％
存貨率,33,其他製造業,10503,23.00,％
存貨率,33,其他製造業,10504,27.47,％
存貨率,33,其他製造業,10505,27.38,％
存貨率,33,其他製造業,10506,29.08,％
存貨率,33,其他製造業,10507,29.57,％
存貨率,33,其他製造業,10508,29.82,％
存貨率,33,其他製造業,10509,30.58,％
存貨率,33,其他製造業,10510,26.33,％
存貨率,33,其他製造業,10511,30.79,％
存貨率,33,其他製造業,10512,26.73,％
存貨率,33,其他製造業,10601,30.91,％
存貨率,33,其他製造業,10602,39.10,％
存貨率,33,其他製造業,10603,29.06,％
存貨率,33,其他製造業,10604,33.40,％
存貨率,33,其他製造業,10605,31.70,％
存貨率,33,其他製造業,10606,28.45,％
存貨率,33,其他製造業,10607,32.91,％
存貨率,33,其他製造業,10608,30.37,％
存貨率,33,其他製造業,10609,28.89,％
存貨率,33,其他製造業,10610,32.27,％
存貨率,33,其他製造業,10611,29.95,％
存貨率,33,其他製造業,10612,26.48,％
存貨率,33,其他製造業,10701,30.95,％
存貨率,33,其他製造業,10702,45.32,％
存貨率,33,其他製造業,10703,29.08,％
存貨率,33,其他製造業,10704,35.92,％
存貨率,33,其他製造業,10705,30.82,％
存貨率,33,其他製造業,10706,35.25,％
存貨率,33,其他製造業,10707,34.30,％
存貨率,33,其他製造業,10708,33.73,％
存貨率,33,其他製造業,10709,35.67,％
存貨率,33,其他製造業,10710,31.26,％
存貨率,33,其他製造業,10711,29.56,％
存貨率,33,其他製造業,10712,30.23,％
存貨率,33,其他製造業,10801,27.96,％
存貨率,33,其他製造業,10802,47.47,％
存貨率,33,其他製造業,10803,33.31,％
存貨率,33,其他製造業,10804,32.54,％
存貨率,33,其他製造業,10805,29.73,％
存貨率,33,其他製造業,10806,33.78,％
存貨率,33,其他製造業,10807,34.44,％
存貨率,33,其他製造業,10808,34.44,％
存貨率,33,其他製造業,10809,36.02,％
存貨率,33,其他製造業,10810,33.30,％
存貨率,33,其他製造業,10811,35.61,％
存貨率,33,其他製造業,10812,32.41,％
存貨率,33,其他製造業,10901,41.59,％
存貨率,33,其他製造業,10902,46.58,％
存貨率,33,其他製造業,10903,43.56,％
存貨率,33,其他製造業,10904,53.14,％
存貨率,33,其他製造業,10905,48.62,％
存貨率,33,其他製造業,10906,45.67,％
存貨率,33,其他製造業,10907,39.54,％
存貨率,33,其他製造業,10908,37.62,％
存貨率,33,其他製造業,10909,32.89,％
存貨率,33,其他製造業,10910,34.79,％
存貨率,33,其他製造業,10911,34.31,％
存貨率,33,其他製造業,10912,27.88,％
存貨率,33,其他製造業,11001,30.32,％
存貨率,33,其他製造業,11002,41.34,％
存貨率,33,其他製造業,11003,27.62,％
存貨率,33,其他製造業,11004,33.76,％
存貨率,33,其他製造業,11005,35.27,％
存貨率,33,其他製造業,11006,33.60,％
存貨率,33,其他製造業,11007,34.36,％
存貨率,33,其他製造業,11008,35.71,％
存貨率,33,其他製造業,11009,34.49,％
存貨率,33,其他製造業,11010,33.85,％
存貨率,33,其他製造業,11011,33.27,％
存貨率,33,其他製造業,11012,35.46,％
存貨率,33,其他製造業,11101,37.07,％
存貨率,33,其他製造業,11102,58.83,％
存貨率,33,其他製造業,11103,41.46,％
存貨率,33,其他製造業,11104,50.44,％
存貨率,33,其他製造業,11105,48.80,％
存貨率,33,其他製造業,11106,49.65,％
存貨率,33,其他製造業,11107,48.13,％
存貨率,33,其他製造業,11108,47.99,％
存貨率,33,其他製造業,11109,48.67,％
存貨率,33,其他製造業,11110,59.23,％
存貨率,33,其他製造業,11111,57.26,％
存貨率,33,其他製造業,11112,58.28,％
存貨率,33,其他製造業,11201,73.13,％
存貨率,33,其他製造業,11202,75.12,％
存貨率,33,其他製造業,11203,59.77,％
存貨率,33,其他製造業,11204,73.23,％
存貨率,33,其他製造業,11205,61.57,％
存貨率,33,其他製造業,11206,60.20,％
存貨率,33,其他製造業,11207,61.34,％
存貨率,33,其他製造業,11208,54.58,％
存貨率,33,其他製造業,11209,60.82,％
存貨率,33,其他製造業,11210,59.39,％
存貨率,33,其他製造業,11211,55.22,％
存貨率,33,其他製造業,11212,59.18,％
存貨率,33,其他製造業,11301,56.77,％
存貨率,33,其他製造業,11302,77.68,％
存貨率,33,其他製造業,11303,53.82,％
存貨率,33,其他製造業,11304,60.40,％
存貨率,33,其他製造業,11305,53.39,％
存貨率,33,其他製造業,11306,57.13,％
存貨率,33,其他製造業,11307,52.44,％
存貨率,33,其他製造業,11308,54.13,％
存貨率,33,其他製造業,11309,56.45,％
存貨率,33,其他製造業,11310,61.28,％
存貨率,33,其他製造業,11311,60.10,％
存貨率,33,其他製造業,11312,58.22,％
存貨率,33,其他製造業,11401,63.32,％
存貨率,33,其他製造業,11402,66.40,％
存貨率,33,其他製造業,11403,60.26,％
存貨率,33,其他製造業,11404,57.98,％
存貨率,33,其他製造業,11405,60.73,％
存貨率,33,其他製造業,11406,63.55,％
存貨率,33,其他製造業,11407,59.69,％
存貨率,33,其他製造業,11408,60.00,％
存貨率,33,其他製造業,11409,58.05,％
存貨率,33,其他製造業,11410,60.10,％
存貨率,33,其他製造業,11411,63.62,％
存貨率,33,其他製造業,11412,56.88,％
存貨率,33,其他製造業,11501,59.67,％
存貨率,33,其他製造業,11502,82.45,％
存貨率,33,其他製造業,11503,61.13,％
存貨率,33,其他製造業,11504,60.79,％
存貨率,33,其他製造業,11505,69.67,％
存貨率,33,其他製造業,11506,64.31,％
